date,region,pharmacy,drug,unit_price_CFA,availability,units_sold,batch_number,reorder_flag,supplier_code,random_noise
1/1/2015,Buea,Amazing Pharmacy Co Ltd,Amoxicillin,1215,1,66,B2824,1,S125,0.279041292
1/1/2015,Buea,Mont Zion Pharmacy,Ciprofloxacin,2002,1,58,B5506,1,S350,1.010515285
1/1/2015,Buea,Winners Pharmacy,Metronidazole,1487,1,50,B4657,0,S242,-0.428046064
1/1/2015,Buea,Amazing Pharmacy Co Ltd,Trimethoprim-Sulfamethoxazole,1010,1,49,B2679,0,S792,-0.742406837
1/1/2015,Buea,Mont Zion Pharmacy,Paracetamol,323,0,51,B9935,,S189,-0.60025385
1/1/2015,Buea,Winners Pharmacy,Ibuprofen,465,1,64,B7912,0,S132,0.947439821
1/1/2015,Buea,Amazing Pharmacy Co Ltd,Amodiaquine,637,1,61,B1488,0,S195,2.778313042
1/1/2015,Buea,Mont Zion Pharmacy,Amoxicillin,1147,1,64,B4582,,S338,1.193639724
1/1/2015,Buea,Winners Pharmacy,Ciprofloxacin,1668,1,43,B9279,0,S716,0.773700417
1/1/2015,Buea,Amazing Pharmacy Co Ltd,Metronidazole,1511,1,45,B1434,0,S674,-0.538141662
1/1/2015,Buea,Mont Zion Pharmacy,Trimethoprim-Sulfamethoxazole,922,0,43,B4257,0,S833,0.89433233
1/1/2015,Buea,Winners Pharmacy,Paracetamol,277,0,57,B9928,0,S529,0.754997797
1/1/2015,Buea,Amazing Pharmacy Co Ltd,Ibuprofen,500,1,45,B4611,0,S559,0.834795419
1/1/2015,Buea,Mont Zion Pharmacy,Amodiaquine,729,1,40,B5557,0,S928,0.296561384
1/1/2015,Buea,Winners Pharmacy,Amoxicillin,1358,1,50,B1106,1,S877,-1.418750459
1/1/2015,Buea,Amazing Pharmacy Co Ltd,Ciprofloxacin,1895,1,61,B3615,0,S814,1.042491617
1/1/2015,Buea,Mont Zion Pharmacy,Metronidazole,1453,1,37,B7924,,S448,0.501448332
1/1/2015,Buea,Winners Pharmacy,Trimethoprim-Sulfamethoxazole,1161,0,57,B5552,0,S259,1.158186653
1/1/2015,Buea,Amazing Pharmacy Co Ltd,Paracetamol,343,1,71,B4527,1,S881,1.27373362
1/1/2015,Buea,Mont Zion Pharmacy,Ibuprofen,,1,58,B6514,0,S204,-0.291952671
1/1/2015,Buea,Winners Pharmacy,Amodiaquine,828,1,46,B2519,0,S489,-0.018550805
2/1/2015,Buea,Amazing Pharmacy Co Ltd,Amoxicillin,1188,1,45,B2584,0,S467,-1.673504622
2/1/2015,Buea,Mont Zion Pharmacy,Ciprofloxacin,1648,1,45,B6635,1,S718,0.339820964
2/1/2015,Buea,Winners Pharmacy,Metronidazole,1459,1,54,B5333,0,S926,-0.00738015
2/1/2015,Buea,Amazing Pharmacy Co Ltd,Trimethoprim-Sulfamethoxazole,1010,1,53,B1711,1,S847,-0.493432482
2/1/2015,Buea,Mont Zion Pharmacy,Paracetamol,287,1,64,B8527,1,S649,0.923162608
2/1/2015,Buea,Winners Pharmacy,Ibuprofen,547,1,52,B3045,,S487,-0.388264399
2/1/2015,Buea,Amazing Pharmacy Co Ltd,Amodiaquine,654,0,45,B2291,0,S665,-0.885512374
2/1/2015,Buea,Mont Zion Pharmacy,Amoxicillin,1271,0,44,B5803,,S949,-1.440041448
2/1/2015,Buea,Winners Pharmacy,Ciprofloxacin,1809,1,60,B6925,1,S691,1.190727256
2/1/2015,Buea,Amazing Pharmacy Co Ltd,Metronidazole,1423,1,61,B4150,1,S821,0.174833012
2/1/2015,Buea,Mont Zion Pharmacy,Trimethoprim-Sulfamethoxazole,1108,1,53,B2139,1,S146,-1.216854892
2/1/2015,Buea,Winners Pharmacy,Paracetamol,299,0,66,B4733,0,S891,-0.86764109
2/1/2015,Buea,Amazing Pharmacy Co Ltd,Ibuprofen,505,,54,B5741,0,S181,0.145861852
2/1/2015,Buea,Mont Zion Pharmacy,Amodiaquine,817,1,53,B4814,0,S987,-1.406405267
2/1/2015,Buea,Winners Pharmacy,Amoxicillin,1340,1,45,B2654,1,S489,-0.034529656
2/1/2015,Buea,Amazing Pharmacy Co Ltd,Ciprofloxacin,2128,0,47,B5554,0,S564,-0.452462232
2/1/2015,Buea,Mont Zion Pharmacy,Metronidazole,1523,1,58,B6977,0,S266,0.777049795
2/1/2015,Buea,Winners Pharmacy,Trimethoprim-Sulfamethoxazole,1181,1,54,B7065,0,S463,1.057423509
2/1/2015,Buea,Amazing Pharmacy Co Ltd,Paracetamol,,1,65,B4432,1,S786,0.051360859
2/1/2015,Buea,Mont Zion Pharmacy,Ibuprofen,571,1,73,B5374,0,S818,1.330881328
2/1/2015,Buea,Winners Pharmacy,Amodiaquine,797,1,60,B2169,1,S723,0.988202611
3/1/2015,Buea,Amazing Pharmacy Co Ltd,Amoxicillin,1288,1,51,B3803,1,S646,-0.893120274
3/1/2015,Buea,Mont Zion Pharmacy,Ciprofloxacin,1902,1,56,B5010,1,S267,-0.334817247
3/1/2015,Buea,Winners Pharmacy,Metronidazole,1373,1,51,B8573,0,S488,0.015143278
3/1/2015,Buea,Amazing Pharmacy Co Ltd,Trimethoprim-Sulfamethoxazole,997,1,57,B5422,1,S755,0.442074017
3/1/2015,Buea,Mont Zion Pharmacy,Paracetamol,272,1,54,B4598,1,S801,0.317767032
3/1/2015,Buea,Winners Pharmacy,Ibuprofen,557,,53,B6313,0,S963,-1.612227307
3/1/2015,Buea,Amazing Pharmacy Co Ltd,Amodiaquine,746,1,52,B1916,0,S334,-0.237391961
3/1/2015,Buea,Mont Zion Pharmacy,Amoxicillin,1115,1,50,B1525,0,S924,1.87200568
3/1/2015,Buea,Winners Pharmacy,Ciprofloxacin,1835,1,52,B6168,0,S510,0.058508902
3/1/2015,Buea,Amazing Pharmacy Co Ltd,Metronidazole,1735,1,53,B5386,0,S167,2.347996928
3/1/2015,Buea,Mont Zion Pharmacy,Trimethoprim-Sulfamethoxazole,908,1,51,B4456,0,S680,0.686848513
3/1/2015,Buea,Winners Pharmacy,Paracetamol,305,1,43,B6155,1,S317,0.070972416
3/1/2015,Buea,Amazing Pharmacy Co Ltd,Ibuprofen,464,1,54,B9179,0,S505,-0.622237165
3/1/2015,Buea,Mont Zion Pharmacy,Amodiaquine,776,1,53,B8517,0,S246,-0.355488641
3/1/2015,Buea,Winners Pharmacy,Amoxicillin,1182,0,42,B5339,,S242,-1.787671612
3/1/2015,Buea,Amazing Pharmacy Co Ltd,Ciprofloxacin,2039,0,47,B5040,0,S862,-1.220570104
3/1/2015,Buea,Mont Zion Pharmacy,Metronidazole,1688,0,56,B9830,0,S369,-0.523188094
3/1/2015,Buea,Winners Pharmacy,Trimethoprim-Sulfamethoxazole,1169,0,48,B8019,1,S697,0.949142988
3/1/2015,Buea,Amazing Pharmacy Co Ltd,Paracetamol,299,1,51,B7543,1,S470,1.204922922
3/1/2015,Buea,Mont Zion Pharmacy,Ibuprofen,563,1,39,B4593,0,S241,-1.196660469
3/1/2015,Buea,Winners Pharmacy,Amodiaquine,723,1,60,B9348,1,S605,0.613841341
4/1/2015,Buea,Amazing Pharmacy Co Ltd,Amoxicillin,1116,1,38,B2489,0,S873,1.357880788
4/1/2015,Buea,Mont Zion Pharmacy,Ciprofloxacin,2001,,38,B1771,0,S981,1.154354338
4/1/2015,Buea,Winners Pharmacy,Metronidazole,1776,1,47,B2796,0,S256,-0.477381731
4/1/2015,Buea,Amazing Pharmacy Co Ltd,Trimethoprim-Sulfamethoxazole,1027,1,61,B3621,1,S911,-0.682342601
4/1/2015,Buea,Mont Zion Pharmacy,Paracetamol,281,1,40,B7916,0,S710,-0.048195486
4/1/2015,Buea,Winners Pharmacy,Ibuprofen,594,0,47,B2040,1,S494,0.069652665
4/1/2015,Buea,Amazing Pharmacy Co Ltd,Amodiaquine,839,,59,B7252,0,S710,0.983504306
4/1/2015,Buea,Mont Zion Pharmacy,Amoxicillin,1307,1,54,B8668,0,S641,-0.110931936
4/1/2015,Buea,Winners Pharmacy,Ciprofloxacin,1955,1,45,B5119,0,S666,0.976309126
4/1/2015,Buea,Amazing Pharmacy Co Ltd,Metronidazole,1613,0,51,B1188,0,S796,0.741963017
4/1/2015,Buea,Mont Zion Pharmacy,Trimethoprim-Sulfamethoxazole,1025,1,63,B2876,1,S798,1.476658625
4/1/2015,Buea,Winners Pharmacy,Paracetamol,304,1,41,B9797,,S868,0.275635158
4/1/2015,Buea,Amazing Pharmacy Co Ltd,Ibuprofen,520,1,48,B5371,0,S887,0.278723035
4/1/2015,Buea,Mont Zion Pharmacy,Amodiaquine,801,0,76,B6573,0,S214,-0.313023708
4/1/2015,Buea,Winners Pharmacy,Amoxicillin,1126,1,67,B5808,0,S545,-1.599123473
4/1/2015,Buea,Amazing Pharmacy Co Ltd,Ciprofloxacin,1954,1,47,B3591,0,S564,0.114861468
4/1/2015,Buea,Mont Zion Pharmacy,Metronidazole,1733,0,51,B1053,0,S839,1.551262855
4/1/2015,Buea,Winners Pharmacy,Trimethoprim-Sulfamethoxazole,940,1,52,B5315,1,S612,-1.730873104
4/1/2015,Buea,Amazing Pharmacy Co Ltd,Paracetamol,309,1,61,B3927,0,S619,1.444338792
4/1/2015,Buea,Mont Zion Pharmacy,Ibuprofen,509,0,52,B2743,1,S991,-0.014718259
4/1/2015,Buea,Winners Pharmacy,Amodiaquine,684,1,74,B5889,0,S961,0.79640543
5/1/2015,Buea,Amazing Pharmacy Co Ltd,Amoxicillin,1308,1,44,B9317,1,S723,-1.101251905
5/1/2015,Buea,Mont Zion Pharmacy,Ciprofloxacin,1807,1,61,B4258,1,S256,0.487673275
5/1/2015,Buea,Winners Pharmacy,Metronidazole,1437,1,32,B7126,1,S880,-1.434088869
5/1/2015,Buea,Amazing Pharmacy Co Ltd,Trimethoprim-Sulfamethoxazole,1009,1,50,B3646,0,S652,-0.191532824
5/1/2015,Buea,Mont Zion Pharmacy,Paracetamol,327,0,38,B9689,1,S100,0.851354265
5/1/2015,Buea,Winners Pharmacy,Ibuprofen,562,1,43,B6310,0,S600,-0.620363723
5/1/2015,Buea,Amazing Pharmacy Co Ltd,Amodiaquine,760,1,72,B1319,1,S214,0.851402092
5/1/2015,Buea,Mont Zion Pharmacy,Amoxicillin,1402,1,50,B6947,0,S999,-0.987935846
5/1/2015,Buea,Winners Pharmacy,Ciprofloxacin,1908,1,44,B6038,1,S345,-1.061262633
5/1/2015,Buea,Amazing Pharmacy Co Ltd,Metronidazole,1497,1,52,B1949,0,S346,-0.654373346
5/1/2015,Buea,Mont Zion Pharmacy,Trimethoprim-Sulfamethoxazole,926,1,51,B2290,0,S187,-0.38806919
5/1/2015,Buea,Winners Pharmacy,Paracetamol,303,1,53,B8962,,S935,-0.668401968
5/1/2015,Buea,Amazing Pharmacy Co Ltd,Ibuprofen,541,1,44,B2133,1,S878,-0.381910222
5/1/2015,Buea,Mont Zion Pharmacy,Amodiaquine,690,1,66,B9727,0,S884,-0.413451239
5/1/2015,Buea,Winners Pharmacy,Amoxicillin,1228,0,48,B3060,0,S231,-0.724001797
5/1/2015,Buea,Amazing Pharmacy Co Ltd,Ciprofloxacin,1981,1,63,B8787,1,S662,-0.532580302
5/1/2015,Buea,Mont Zion Pharmacy,Metronidazole,1696,1,43,B3705,0,S371,-0.458619277
5/1/2015,Buea,Winners Pharmacy,Trimethoprim-Sulfamethoxazole,1083,1,45,B9645,0,S993,-0.306716399
5/1/2015,Buea,Amazing Pharmacy Co Ltd,Paracetamol,318,1,34,B7932,1,S316,-0.601968679
5/1/2015,Buea,Mont Zion Pharmacy,Ibuprofen,552,1,56,B9835,0,S873,0.760251095
5/1/2015,Buea,Winners Pharmacy,Amodiaquine,703,,91,B4295,1,S830,0.169729284
6/1/2015,Buea,Amazing Pharmacy Co Ltd,Amoxicillin,1145,1,51,B6107,0,S508,0.089393919
6/1/2015,Buea,Mont Zion Pharmacy,Ciprofloxacin,1729,0,42,B7118,0,S548,-2.208106552
6/1/2015,Buea,Winners Pharmacy,Metronidazole,1745,1,48,B9479,0,S562,0.360778425
6/1/2015,Buea,Amazing Pharmacy Co Ltd,Trimethoprim-Sulfamethoxazole,1039,1,46,B2982,1,S353,-0.239178666
6/1/2015,Buea,Mont Zion Pharmacy,Paracetamol,319,1,61,B4681,,S165,0.823104976
6/1/2015,Buea,Winners Pharmacy,Ibuprofen,544,1,46,B6539,0,S121,0.965922008
6/1/2015,Buea,Amazing Pharmacy Co Ltd,Amodiaquine,796,1,65,B4770,0,S702,0.082054871
6/1/2015,Buea,Mont Zion Pharmacy,Amoxicillin,,0,51,B4608,0,S107,1.286974964
6/1/2015,Buea,Winners Pharmacy,Ciprofloxacin,1701,1,44,B2163,0,S824,-0.444637558
6/1/2015,Buea,Amazing Pharmacy Co Ltd,Metronidazole,1662,1,51,B1964,1,S334,0.170594204
6/1/2015,Buea,Mont Zion Pharmacy,Trimethoprim-Sulfamethoxazole,1020,1,49,B2104,0,S132,0.835565398
6/1/2015,Buea,Winners Pharmacy,Paracetamol,316,0,52,B6413,,S172,1.782163619
6/1/2015,Buea,Amazing Pharmacy Co Ltd,Ibuprofen,588,1,54,B9423,0,S343,0.590274619
6/1/2015,Buea,Mont Zion Pharmacy,Amodiaquine,719,1,90,B5562,,S785,2.538691102
6/1/2015,Buea,Winners Pharmacy,Amoxicillin,1224,0,35,B8953,1,S319,0.523952667
6/1/2015,Buea,Amazing Pharmacy Co Ltd,Ciprofloxacin,1800,0,48,B9834,0,S235,1.270125547
6/1/2015,Buea,Mont Zion Pharmacy,Metronidazole,1553,1,44,B8744,1,S348,-0.818474217
6/1/2015,Buea,Winners Pharmacy,Trimethoprim-Sulfamethoxazole,1050,1,48,B8749,0,S926,-1.017192171
6/1/2015,Buea,Amazing Pharmacy Co Ltd,Paracetamol,356,1,41,B7669,,S294,0.516669309
6/1/2015,Buea,Mont Zion Pharmacy,Ibuprofen,525,1,52,B2545,1,S199,-0.114844019
6/1/2015,Buea,Winners Pharmacy,Amodiaquine,670,1,77,B8062,0,S462,0.155036624
7/1/2015,Buea,Amazing Pharmacy Co Ltd,Amoxicillin,1269,1,49,B7939,1,S520,0.289842264
7/1/2015,Buea,Mont Zion Pharmacy,Ciprofloxacin,2131,1,47,B8651,0,S984,-0.254821268
7/1/2015,Buea,Winners Pharmacy,Metronidazole,1361,1,42,B1887,1,S789,-0.704470103
7/1/2015,Buea,Amazing Pharmacy Co Ltd,Trimethoprim-Sulfamethoxazole,1102,1,57,B2612,1,S162,-0.72831515
7/1/2015,Buea,Mont Zion Pharmacy,Paracetamol,279,0,54,B7596,0,S845,1.646397243
7/1/2015,Buea,Winners Pharmacy,Ibuprofen,481,1,55,B6559,1,S919,-1.007089364
7/1/2015,Buea,Amazing Pharmacy Co Ltd,Amodiaquine,674,0,52,B2790,0,S354,-1.241501231
7/1/2015,Buea,Mont Zion Pharmacy,Amoxicillin,1217,1,52,B4139,0,S294,-0.816305409
7/1/2015,Buea,Winners Pharmacy,Ciprofloxacin,1918,0,49,B9786,0,S559,0.97182269
7/1/2015,Buea,Amazing Pharmacy Co Ltd,Metronidazole,1710,1,48,B3296,0,S532,-0.030958251
7/1/2015,Buea,Mont Zion Pharmacy,Trimethoprim-Sulfamethoxazole,1090,0,45,B4006,,S385,-1.28844738
7/1/2015,Buea,Winners Pharmacy,Paracetamol,295,1,49,B8579,0,S355,0.100817422
7/1/2015,Buea,Amazing Pharmacy Co Ltd,Ibuprofen,548,1,68,B2235,1,S553,1.620533445
7/1/2015,Buea,Mont Zion Pharmacy,Amodiaquine,770,1,48,B2604,1,S151,1.570494635
7/1/2015,Buea,Winners Pharmacy,Amoxicillin,1140,1,55,B9856,1,S956,-1.524015242
7/1/2015,Buea,Amazing Pharmacy Co Ltd,Ciprofloxacin,1812,1,55,B1241,0,S195,-0.798439047
7/1/2015,Buea,Mont Zion Pharmacy,Metronidazole,1649,1,64,B4872,1,S270,0.607566864
7/1/2015,Buea,Winners Pharmacy,Trimethoprim-Sulfamethoxazole,915,1,50,B7658,0,S597,-1.519179983
7/1/2015,Buea,Amazing Pharmacy Co Ltd,Paracetamol,280,1,46,B8886,0,S318,-1.557952318
7/1/2015,Buea,Mont Zion Pharmacy,Ibuprofen,573,1,67,B7570,0,S160,-0.40038136
7/1/2015,Buea,Winners Pharmacy,Amodiaquine,706,1,39,B3697,,S488,-1.319347889
8/1/2015,Buea,Amazing Pharmacy Co Ltd,Amoxicillin,1275,0,59,B1035,0,S499,-0.226245219
8/1/2015,Buea,Mont Zion Pharmacy,Ciprofloxacin,1994,1,58,B5345,1,S902,0.818484735
8/1/2015,Buea,Winners Pharmacy,Metronidazole,1365,0,54,B8454,,S392,0.133847654
8/1/2015,Buea,Amazing Pharmacy Co Ltd,Trimethoprim-Sulfamethoxazole,1183,0,49,B7930,0,S813,-1.405159922
8/1/2015,Buea,Mont Zion Pharmacy,Paracetamol,281,1,46,B8973,0,S258,0.501033344
8/1/2015,Buea,Winners Pharmacy,Ibuprofen,460,1,56,B4111,0,S403,0.867765024
8/1/2015,Buea,Amazing Pharmacy Co Ltd,Amodiaquine,759,0,44,B4566,1,S159,0.283032205
8/1/2015,Buea,Mont Zion Pharmacy,Amoxicillin,1395,1,51,B9883,,S162,1.223170951
8/1/2015,Buea,Winners Pharmacy,Ciprofloxacin,1837,0,50,B6138,,S158,-0.68343179
8/1/2015,Buea,Amazing Pharmacy Co Ltd,Metronidazole,1696,1,48,B1821,1,S698,-0.300360488
8/1/2015,Buea,Mont Zion Pharmacy,Trimethoprim-Sulfamethoxazole,986,1,46,B8811,1,S614,-0.804786917
8/1/2015,Buea,Winners Pharmacy,Paracetamol,359,1,58,B9701,1,S261,-0.165723053
8/1/2015,Buea,Amazing Pharmacy Co Ltd,Ibuprofen,582,1,76,B1931,1,S620,-0.825584843
8/1/2015,Buea,Mont Zion Pharmacy,Amodiaquine,838,1,53,B2312,1,S971,-0.517533651
8/1/2015,Buea,Winners Pharmacy,Amoxicillin,1147,1,56,B4044,,S170,-0.598924397
8/1/2015,Buea,Amazing Pharmacy Co Ltd,Ciprofloxacin,2097,1,42,B2113,0,S791,0.34361859
8/1/2015,Buea,Mont Zion Pharmacy,Metronidazole,1451,1,44,B4853,0,S513,-0.376552651
8/1/2015,Buea,Winners Pharmacy,Trimethoprim-Sulfamethoxazole,927,1,60,B2964,0,S683,0.543499103
8/1/2015,Buea,Amazing Pharmacy Co Ltd,Paracetamol,320,1,47,B5033,1,S692,1.083609654
8/1/2015,Buea,Mont Zion Pharmacy,Ibuprofen,559,1,60,B1651,0,S734,-3.480808829
8/1/2015,Buea,Winners Pharmacy,Amodiaquine,754,1,58,B2343,0,S529,-0.870223242
9/1/2015,Buea,Amazing Pharmacy Co Ltd,Amoxicillin,1176,0,53,B9565,0,S423,0.502416632
9/1/2015,Buea,Mont Zion Pharmacy,Ciprofloxacin,1987,1,52,B5272,0,S309,0.857445932
9/1/2015,Buea,Winners Pharmacy,Metronidazole,1742,1,41,B6147,1,S344,0.418252555
9/1/2015,Buea,Amazing Pharmacy Co Ltd,Trimethoprim-Sulfamethoxazole,1052,1,53,B5351,0,S505,0.400412029
9/1/2015,Buea,Mont Zion Pharmacy,Paracetamol,340,1,40,B3144,,S787,1.208981944
9/1/2015,Buea,Winners Pharmacy,Ibuprofen,590,1,54,B5915,0,S568,-1.441494248
9/1/2015,Buea,Amazing Pharmacy Co Ltd,Amodiaquine,644,1,77,B6180,1,S869,0.367102267
9/1/2015,Buea,Mont Zion Pharmacy,Amoxicillin,1089,1,50,B2188,0,S109,-0.525805387
9/1/2015,Buea,Winners Pharmacy,Ciprofloxacin,1768,1,49,B8508,0,S736,1.121853189
9/1/2015,Buea,Amazing Pharmacy Co Ltd,Metronidazole,1473,1,66,B2638,,S175,1.310543825
9/1/2015,Buea,Mont Zion Pharmacy,Trimethoprim-Sulfamethoxazole,1026,1,53,B9808,,S318,0.897888539
9/1/2015,Buea,Winners Pharmacy,Paracetamol,291,1,43,B9288,0,S371,-0.206567168
9/1/2015,Buea,Amazing Pharmacy Co Ltd,Ibuprofen,580,1,49,B3170,0,S457,0.707715541
9/1/2015,Buea,Mont Zion Pharmacy,Amodiaquine,807,1,82,B2127,1,S350,0.72254008
9/1/2015,Buea,Winners Pharmacy,Amoxicillin,1412,1,52,B7054,1,S391,0.374977938
9/1/2015,Buea,Amazing Pharmacy Co Ltd,Ciprofloxacin,1852,1,43,B3584,0,S548,-0.757399517
9/1/2015,Buea,Mont Zion Pharmacy,Metronidazole,1471,1,57,B9900,1,S820,-0.173034879
9/1/2015,Buea,Winners Pharmacy,Trimethoprim-Sulfamethoxazole,1044,1,52,B5956,0,S726,-0.68815969
9/1/2015,Buea,Amazing Pharmacy Co Ltd,Paracetamol,340,,39,B9666,1,S108,2.402026282
9/1/2015,Buea,Mont Zion Pharmacy,Ibuprofen,555,1,51,B5905,0,S779,-0.022603089
9/1/2015,Buea,Winners Pharmacy,Amodiaquine,648,1,71,B2697,0,S999,0.195410285
10/1/2015,Buea,Amazing Pharmacy Co Ltd,Amoxicillin,1328,1,57,B3200,1,S370,-1.062632777
10/1/2015,Buea,Mont Zion Pharmacy,Ciprofloxacin,1964,0,54,B2891,1,S209,1.811980124
10/1/2015,Buea,Winners Pharmacy,Metronidazole,1742,1,55,B3546,0,S378,0.357925729
10/1/2015,Buea,Amazing Pharmacy Co Ltd,Trimethoprim-Sulfamethoxazole,924,0,60,B5616,0,S719,0.401343627
10/1/2015,Buea,Mont Zion Pharmacy,Paracetamol,336,1,38,B4450,1,S834,2.182507024
10/1/2015,Buea,Winners Pharmacy,Ibuprofen,581,1,46,B6617,0,S308,2.965010352
10/1/2015,Buea,Amazing Pharmacy Co Ltd,Amodiaquine,781,1,67,B5325,1,S617,-0.096628907
10/1/2015,Buea,Mont Zion Pharmacy,Amoxicillin,1173,1,49,B9004,0,S357,-1.864331528
10/1/2015,Buea,Winners Pharmacy,Ciprofloxacin,1820,1,59,B1832,0,S194,-0.901600746
10/1/2015,Buea,Amazing Pharmacy Co Ltd,Metronidazole,1569,1,48,B7939,,S949,0.532859893
10/1/2015,Buea,Mont Zion Pharmacy,Trimethoprim-Sulfamethoxazole,1089,1,55,B5533,,S145,-1.253808234
10/1/2015,Buea,Winners Pharmacy,Paracetamol,286,0,50,B1058,0,S441,-2.234426442
10/1/2015,Buea,Amazing Pharmacy Co Ltd,Ibuprofen,539,,42,B3143,1,S752,0.235199829
10/1/2015,Buea,Mont Zion Pharmacy,Amodiaquine,768,1,70,B5291,,S265,-1.55589865
10/1/2015,Buea,Winners Pharmacy,Amoxicillin,1106,1,42,B8239,0,S664,-0.27239597
10/1/2015,Buea,Amazing Pharmacy Co Ltd,Ciprofloxacin,1853,1,44,B8007,1,S674,0.84707901
10/1/2015,Buea,Mont Zion Pharmacy,Metronidazole,1564,1,58,B1158,0,S214,1.222500915
10/1/2015,Buea,Winners Pharmacy,Trimethoprim-Sulfamethoxazole,962,1,40,B2232,0,S807,-0.130915973
10/1/2015,Buea,Amazing Pharmacy Co Ltd,Paracetamol,354,1,46,B3442,1,S658,-1.034954865
10/1/2015,Buea,Mont Zion Pharmacy,Ibuprofen,598,,70,B1590,0,S954,-0.133579841
10/1/2015,Buea,Winners Pharmacy,Amodiaquine,738,1,75,B7049,1,S696,1.085866342
11/1/2015,Buea,Amazing Pharmacy Co Ltd,Amoxicillin,1191,1,54,B3426,,S540,0.276569153
11/1/2015,Buea,Mont Zion Pharmacy,Ciprofloxacin,1860,1,59,B3088,0,S142,-0.650713537
11/1/2015,Buea,Winners Pharmacy,Metronidazole,1775,1,54,B6050,0,S473,-0.448920828
11/1/2015,Buea,Amazing Pharmacy Co Ltd,Trimethoprim-Sulfamethoxazole,1179,1,54,B1653,0,S466,0.067498536
11/1/2015,Buea,Mont Zion Pharmacy,Paracetamol,305,1,53,B4441,,S798,1.005142573
11/1/2015,Buea,Winners Pharmacy,Ibuprofen,567,0,51,B5088,0,S782,-0.252380043
11/1/2015,Buea,Amazing Pharmacy Co Ltd,Amodiaquine,699,1,53,B2684,0,S462,1.289756528
11/1/2015,Buea,Mont Zion Pharmacy,Amoxicillin,1123,1,51,B7658,0,S735,-0.261399925
11/1/2015,Buea,Winners Pharmacy,Ciprofloxacin,1834,1,54,B3532,1,S342,-1.293145324
11/1/2015,Buea,Amazing Pharmacy Co Ltd,Metronidazole,1383,1,52,B3662,0,S919,-0.600973963
11/1/2015,Buea,Mont Zion Pharmacy,Trimethoprim-Sulfamethoxazole,1014,1,59,B3900,1,S522,-1.156744225
11/1/2015,Buea,Winners Pharmacy,Paracetamol,306,1,52,B1406,0,S283,-1.532795852
11/1/2015,Buea,Amazing Pharmacy Co Ltd,Ibuprofen,572,0,61,B6442,1,S901,-0.188896688
11/1/2015,Buea,Mont Zion Pharmacy,Amodiaquine,651,1,50,B7745,0,S921,0.553073276
11/1/2015,Buea,Winners Pharmacy,Amoxicillin,1369,1,51,B5065,0,S373,-0.603323565
11/1/2015,Buea,Amazing Pharmacy Co Ltd,Ciprofloxacin,1686,1,42,B3608,0,S906,-1.586811716
11/1/2015,Buea,Mont Zion Pharmacy,Metronidazole,1669,1,40,B2771,,S491,1.397414703
11/1/2015,Buea,Winners Pharmacy,Trimethoprim-Sulfamethoxazole,1065,0,66,B1634,0,S979,-0.075144167
11/1/2015,Buea,Amazing Pharmacy Co Ltd,Paracetamol,291,1,43,B8711,0,S327,-0.275323224
11/1/2015,Buea,Mont Zion Pharmacy,Ibuprofen,486,0,56,B4269,0,S936,0.751375987
11/1/2015,Buea,Winners Pharmacy,Amodiaquine,770,1,39,B8541,0,S458,0.524362747
12/1/2015,Buea,Amazing Pharmacy Co Ltd,Amoxicillin,1391,1,44,B6000,0,S940,-0.734910414
12/1/2015,Buea,Mont Zion Pharmacy,Ciprofloxacin,1948,1,51,B4728,0,S328,0.314383494
12/1/2015,Buea,Winners Pharmacy,Metronidazole,1411,1,54,B1387,0,S775,-0.002083797
12/1/2015,Buea,Amazing Pharmacy Co Ltd,Trimethoprim-Sulfamethoxazole,1108,1,39,B4164,1,S508,-1.100779283
12/1/2015,Buea,Mont Zion Pharmacy,Paracetamol,302,1,37,B6378,0,S385,-0.711298625
12/1/2015,Buea,Winners Pharmacy,Ibuprofen,485,1,51,B2137,0,S891,-1.172603257
12/1/2015,Buea,Amazing Pharmacy Co Ltd,Amodiaquine,771,1,51,B5573,1,S459,-1.233468101
12/1/2015,Buea,Mont Zion Pharmacy,Amoxicillin,1282,1,67,B9346,1,S509,-0.914959068
12/1/2015,Buea,Winners Pharmacy,Ciprofloxacin,1863,1,56,B9785,0,S439,0.081276843
12/1/2015,Buea,Amazing Pharmacy Co Ltd,Metronidazole,1767,1,44,B1452,,S218,0.072996756
12/1/2015,Buea,Mont Zion Pharmacy,Trimethoprim-Sulfamethoxazole,1153,1,50,B5279,0,S282,0.78007818
12/1/2015,Buea,Winners Pharmacy,Paracetamol,281,1,54,B5349,1,S139,-0.704287708
12/1/2015,Buea,Amazing Pharmacy Co Ltd,Ibuprofen,591,1,51,B2776,0,S710,-0.238880748
12/1/2015,Buea,Mont Zion Pharmacy,Amodiaquine,756,1,50,B8119,,S453,-0.384841882
12/1/2015,Buea,Winners Pharmacy,Amoxicillin,1415,1,40,B6139,0,S546,0.463972283
12/1/2015,Buea,Amazing Pharmacy Co Ltd,Ciprofloxacin,2089,1,57,B9379,1,S218,-1.187912809
12/1/2015,Buea,Mont Zion Pharmacy,Metronidazole,1663,1,47,B7311,0,S690,-0.353016057
12/1/2015,Buea,Winners Pharmacy,Trimethoprim-Sulfamethoxazole,940,1,50,B4114,1,S360,-2.525718634
12/1/2015,Buea,Amazing Pharmacy Co Ltd,Paracetamol,283,1,47,B1727,1,S825,0.063956787
12/1/2015,Buea,Mont Zion Pharmacy,Ibuprofen,594,1,49,B8144,0,S101,0.283299418
12/1/2015,Buea,Winners Pharmacy,Amodiaquine,675,1,52,B9518,1,S925,-0.793281894
1/1/2016,Buea,Amazing Pharmacy Co Ltd,Amoxicillin,1402,,49,B9821,1,S803,-0.563649027
1/1/2016,Buea,Mont Zion Pharmacy,Ciprofloxacin,1736,1,46,B4228,1,S472,-0.410931156
1/1/2016,Buea,Winners Pharmacy,Metronidazole,1627,1,52,B8066,0,S171,-1.04397284
1/1/2016,Buea,Amazing Pharmacy Co Ltd,Trimethoprim-Sulfamethoxazole,1201,1,49,B6409,0,S738,-0.208960487
1/1/2016,Buea,Mont Zion Pharmacy,Paracetamol,355,1,66,B6143,0,S779,-0.391564806
1/1/2016,Buea,Winners Pharmacy,Ibuprofen,504,1,66,B3041,1,S837,-0.015193129
1/1/2016,Buea,Amazing Pharmacy Co Ltd,Amodiaquine,652,1,50,B5920,0,S619,-1.193059955
1/1/2016,Buea,Mont Zion Pharmacy,Amoxicillin,1233,1,55,B6067,0,S782,-0.040088513
1/1/2016,Buea,Winners Pharmacy,Ciprofloxacin,1924,1,46,B7691,1,S434,-0.088342659
1/1/2016,Buea,Amazing Pharmacy Co Ltd,Metronidazole,1686,1,53,B7592,0,S813,0.921349603
1/1/2016,Buea,Mont Zion Pharmacy,Trimethoprim-Sulfamethoxazole,948,1,50,B5844,0,S667,-0.228982861
1/1/2016,Buea,Winners Pharmacy,Paracetamol,286,1,65,B3085,1,S296,0.090042838
1/1/2016,Buea,Amazing Pharmacy Co Ltd,Ibuprofen,611,1,66,B7888,0,S780,0.680265379
1/1/2016,Buea,Mont Zion Pharmacy,Amodiaquine,689,1,42,B7211,0,S793,1.157814842
1/1/2016,Buea,Winners Pharmacy,Amoxicillin,1211,1,71,B3851,0,S730,-1.252589012
1/1/2016,Buea,Amazing Pharmacy Co Ltd,Ciprofloxacin,1736,1,52,B5930,0,S515,-0.502462487
1/1/2016,Buea,Mont Zion Pharmacy,Metronidazole,1410,1,52,B9977,0,S953,-0.853736535
1/1/2016,Buea,Winners Pharmacy,Trimethoprim-Sulfamethoxazole,1032,1,63,B1006,0,S411,0.3592094
1/1/2016,Buea,Amazing Pharmacy Co Ltd,Paracetamol,319,1,54,B5700,0,S315,-1.34055318
1/1/2016,Buea,Mont Zion Pharmacy,Ibuprofen,590,1,73,B8043,0,S904,0.91300022
1/1/2016,Buea,Winners Pharmacy,Amodiaquine,831,1,55,B6279,1,S576,0.326274671
2/1/2016,Buea,Amazing Pharmacy Co Ltd,Amoxicillin,1460,1,33,B8238,0,S552,0.030311657
2/1/2016,Buea,Mont Zion Pharmacy,Ciprofloxacin,2123,0,43,B4501,0,S623,2.300410085
2/1/2016,Buea,Winners Pharmacy,Metronidazole,1626,1,46,B8752,0,S912,1.075433063
2/1/2016,Buea,Amazing Pharmacy Co Ltd,Trimethoprim-Sulfamethoxazole,,1,56,B3780,1,S774,0.828454516
2/1/2016,Buea,Mont Zion Pharmacy,Paracetamol,370,0,48,B2389,1,S390,-0.926713102
2/1/2016,Buea,Winners Pharmacy,Ibuprofen,549,1,66,B9445,0,S779,0.277983065
2/1/2016,Buea,Amazing Pharmacy Co Ltd,Amodiaquine,650,1,56,B6491,1,S195,1.454810645
2/1/2016,Buea,Mont Zion Pharmacy,Amoxicillin,1468,1,47,B4848,0,S788,-0.817185467
2/1/2016,Buea,Winners Pharmacy,Ciprofloxacin,2070,1,60,B6085,0,S330,-2.094120628
2/1/2016,Buea,Amazing Pharmacy Co Ltd,Metronidazole,1713,1,47,B4262,0,S250,2.214251523
2/1/2016,Buea,Mont Zion Pharmacy,Trimethoprim-Sulfamethoxazole,947,1,52,B1400,0,S147,-0.296017227
2/1/2016,Buea,Winners Pharmacy,Paracetamol,341,0,68,B5011,0,S586,1.115902053
2/1/2016,Buea,Amazing Pharmacy Co Ltd,Ibuprofen,573,1,67,B2193,1,S566,-0.649265578
2/1/2016,Buea,Mont Zion Pharmacy,Amodiaquine,720,1,49,B7790,0,S744,0.189847836
2/1/2016,Buea,Winners Pharmacy,Amoxicillin,1269,1,53,B4185,0,S835,0.576758066
2/1/2016,Buea,Amazing Pharmacy Co Ltd,Ciprofloxacin,2136,1,47,B7291,1,S606,-1.410824498
2/1/2016,Buea,Mont Zion Pharmacy,Metronidazole,1403,1,45,B7547,,S349,-1.174470527
2/1/2016,Buea,Winners Pharmacy,Trimethoprim-Sulfamethoxazole,1007,0,48,B3417,1,S771,-0.192111053
2/1/2016,Buea,Amazing Pharmacy Co Ltd,Paracetamol,323,1,50,B1090,0,S868,1.390499781
2/1/2016,Buea,Mont Zion Pharmacy,Ibuprofen,531,1,65,B2746,0,S897,0.395309462
2/1/2016,Buea,Winners Pharmacy,Amodiaquine,791,1,67,B7965,1,S324,-0.573437822
3/1/2016,Buea,Amazing Pharmacy Co Ltd,Amoxicillin,1209,1,44,B3881,0,S923,-0.526078032
3/1/2016,Buea,Mont Zion Pharmacy,Ciprofloxacin,1703,1,61,B9486,0,S575,-0.014019538
3/1/2016,Buea,Winners Pharmacy,Metronidazole,,1,61,B1822,,S670,0.702406569
3/1/2016,Buea,Amazing Pharmacy Co Ltd,Trimethoprim-Sulfamethoxazole,943,1,48,B5082,,S968,0.096749895
3/1/2016,Buea,Mont Zion Pharmacy,Paracetamol,302,1,53,B2988,0,S567,0.079993381
3/1/2016,Buea,Winners Pharmacy,Ibuprofen,517,1,40,B3184,1,S920,0.347906116
3/1/2016,Buea,Amazing Pharmacy Co Ltd,Amodiaquine,833,1,51,B8612,0,S783,-0.29554124
3/1/2016,Buea,Mont Zion Pharmacy,Amoxicillin,1375,1,51,B9702,0,S672,0.152315514
3/1/2016,Buea,Winners Pharmacy,Ciprofloxacin,1761,1,54,B6198,0,S873,-0.710760104
3/1/2016,Buea,Amazing Pharmacy Co Ltd,Metronidazole,1628,1,57,B8251,0,S727,0.073770108
3/1/2016,Buea,Mont Zion Pharmacy,Trimethoprim-Sulfamethoxazole,989,1,45,B9270,0,S536,-1.446128033
3/1/2016,Buea,Winners Pharmacy,Paracetamol,359,,44,B9976,0,S556,0.094993751
3/1/2016,Buea,Amazing Pharmacy Co Ltd,Ibuprofen,468,0,36,B3607,0,S861,-0.973446741
3/1/2016,Buea,Mont Zion Pharmacy,Amodiaquine,791,1,57,B8777,,S560,-0.005397376
3/1/2016,Buea,Winners Pharmacy,Amoxicillin,1188,1,50,B5246,0,S869,1.188145735
3/1/2016,Buea,Amazing Pharmacy Co Ltd,Ciprofloxacin,1889,1,62,B5050,0,S960,0.536743623
3/1/2016,Buea,Mont Zion Pharmacy,Metronidazole,1758,0,46,B5543,1,S884,-0.546507395
3/1/2016,Buea,Winners Pharmacy,Trimethoprim-Sulfamethoxazole,,1,53,B9540,0,S596,-0.51571707
3/1/2016,Buea,Amazing Pharmacy Co Ltd,Paracetamol,286,1,60,B4919,,S381,0.265056045
3/1/2016,Buea,Mont Zion Pharmacy,Ibuprofen,567,0,53,B8206,0,S179,-0.045026823
3/1/2016,Buea,Winners Pharmacy,Amodiaquine,684,0,50,B5681,1,S340,-0.805371827
4/1/2016,Buea,Amazing Pharmacy Co Ltd,Amoxicillin,1431,1,57,B5451,0,S443,0.59644234
4/1/2016,Buea,Mont Zion Pharmacy,Ciprofloxacin,1931,1,57,B6238,0,S653,-0.498362392
4/1/2016,Buea,Winners Pharmacy,Metronidazole,1471,1,55,B2320,1,S241,0.992688539
4/1/2016,Buea,Amazing Pharmacy Co Ltd,Trimethoprim-Sulfamethoxazole,971,1,47,B3471,0,S336,-1.518448944
4/1/2016,Buea,Mont Zion Pharmacy,Paracetamol,356,1,53,B7275,0,S810,1.243852933
4/1/2016,Buea,Winners Pharmacy,Ibuprofen,570,0,37,B3503,1,S823,-0.50919524
4/1/2016,Buea,Amazing Pharmacy Co Ltd,Amodiaquine,788,1,80,B4505,1,S165,0.777531241
4/1/2016,Buea,Mont Zion Pharmacy,Amoxicillin,1125,0,46,B7797,0,S517,0.723610587
4/1/2016,Buea,Winners Pharmacy,Ciprofloxacin,2038,1,45,B6421,0,S655,0.667460782
4/1/2016,Buea,Amazing Pharmacy Co Ltd,Metronidazole,1442,0,49,B8633,0,S525,0.252936814
4/1/2016,Buea,Mont Zion Pharmacy,Trimethoprim-Sulfamethoxazole,961,1,48,B2020,,S311,-0.063446064
4/1/2016,Buea,Winners Pharmacy,Paracetamol,304,0,59,B7883,0,S498,0.888662754
4/1/2016,Buea,Amazing Pharmacy Co Ltd,Ibuprofen,507,1,59,B1320,0,S977,-0.526755433
4/1/2016,Buea,Mont Zion Pharmacy,Amodiaquine,670,1,68,B7232,0,S588,-1.606377006
4/1/2016,Buea,Winners Pharmacy,Amoxicillin,1224,0,55,B1096,0,S460,0.779234034
4/1/2016,Buea,Amazing Pharmacy Co Ltd,Ciprofloxacin,2040,1,52,B5892,1,S871,0.734304676
4/1/2016,Buea,Mont Zion Pharmacy,Metronidazole,1407,1,59,B7389,0,S973,-0.649331312
4/1/2016,Buea,Winners Pharmacy,Trimethoprim-Sulfamethoxazole,1112,0,40,B7865,0,S651,0.653283173
4/1/2016,Buea,Amazing Pharmacy Co Ltd,Paracetamol,318,1,46,B9947,0,S919,2.687534366
4/1/2016,Buea,Mont Zion Pharmacy,Ibuprofen,601,1,49,B4613,0,S599,-1.014418877
4/1/2016,Buea,Winners Pharmacy,Amodiaquine,760,1,62,B4595,0,S379,0.782870244
5/1/2016,Buea,Amazing Pharmacy Co Ltd,Amoxicillin,1465,1,52,B8140,0,S597,-0.105530052
5/1/2016,Buea,Mont Zion Pharmacy,Ciprofloxacin,1870,1,49,B1475,1,S498,-0.184356651
5/1/2016,Buea,Winners Pharmacy,Metronidazole,1841,1,46,B6507,0,S784,-0.894332623
5/1/2016,Buea,Amazing Pharmacy Co Ltd,Trimethoprim-Sulfamethoxazole,1087,1,44,B7624,0,S841,-0.669410195
5/1/2016,Buea,Mont Zion Pharmacy,Paracetamol,352,1,51,B3704,,S960,-0.779151652
5/1/2016,Buea,Winners Pharmacy,Ibuprofen,559,1,40,B8657,0,S230,-0.194331545
5/1/2016,Buea,Amazing Pharmacy Co Ltd,Amodiaquine,756,1,64,B9751,0,S127,0.831349267
5/1/2016,Buea,Mont Zion Pharmacy,Amoxicillin,1377,0,52,B7455,,S706,-0.18147833
5/1/2016,Buea,Winners Pharmacy,Ciprofloxacin,2125,1,34,B1444,0,S185,-0.708288463
5/1/2016,Buea,Amazing Pharmacy Co Ltd,Metronidazole,1568,1,49,B8022,0,S238,0.342815162
5/1/2016,Buea,Mont Zion Pharmacy,Trimethoprim-Sulfamethoxazole,1159,1,37,B8564,,S286,1.226405144
5/1/2016,Buea,Winners Pharmacy,Paracetamol,312,1,52,B1823,,S366,1.157096385
5/1/2016,Buea,Amazing Pharmacy Co Ltd,Ibuprofen,558,1,59,B7211,,S435,0.058351004
5/1/2016,Buea,Mont Zion Pharmacy,Amodiaquine,680,1,70,B4467,1,S565,-0.744784207
5/1/2016,Buea,Winners Pharmacy,Amoxicillin,1158,1,51,B6355,0,S445,0.470978504
5/1/2016,Buea,Amazing Pharmacy Co Ltd,Ciprofloxacin,1908,1,54,B7211,0,S384,0.845601514
5/1/2016,Buea,Mont Zion Pharmacy,Metronidazole,1597,1,49,B7906,0,S358,1.585646493
5/1/2016,Buea,Winners Pharmacy,Trimethoprim-Sulfamethoxazole,1140,1,47,B2341,1,S581,0.779566727
5/1/2016,Buea,Amazing Pharmacy Co Ltd,Paracetamol,361,1,47,B1317,0,S867,-1.412668418
5/1/2016,Buea,Mont Zion Pharmacy,Ibuprofen,475,1,48,B9837,0,S153,1.213316409
5/1/2016,Buea,Winners Pharmacy,Amodiaquine,728,1,74,B6733,0,S329,0.00549255
6/1/2016,Buea,Amazing Pharmacy Co Ltd,Amoxicillin,1470,1,48,B2124,0,S899,-0.475705264
6/1/2016,Buea,Mont Zion Pharmacy,Ciprofloxacin,1758,0,49,B1659,1,S872,-0.093434071
6/1/2016,Buea,Winners Pharmacy,Metronidazole,1802,,52,B1508,1,S353,0.228982425
6/1/2016,Buea,Amazing Pharmacy Co Ltd,Trimethoprim-Sulfamethoxazole,1224,1,48,B4266,0,S959,0.183300212
6/1/2016,Buea,Mont Zion Pharmacy,Paracetamol,328,1,49,B1333,1,S736,-1.18029294
6/1/2016,Buea,Winners Pharmacy,Ibuprofen,472,,47,B3496,0,S344,0.961421685
6/1/2016,Buea,Amazing Pharmacy Co Ltd,Amodiaquine,679,1,74,B3068,0,S584,-1.824724047
6/1/2016,Buea,Mont Zion Pharmacy,Amoxicillin,1481,1,60,B2874,0,S677,-0.44791448
6/1/2016,Buea,Winners Pharmacy,Ciprofloxacin,1691,1,49,B4571,,S576,-1.275832087
6/1/2016,Buea,Amazing Pharmacy Co Ltd,Metronidazole,1812,0,55,B5198,1,S885,-0.361763069
6/1/2016,Buea,Mont Zion Pharmacy,Trimethoprim-Sulfamethoxazole,1172,0,45,B7043,1,S271,0.280121389
6/1/2016,Buea,Winners Pharmacy,Paracetamol,321,1,59,B2876,1,S896,0.639787332
6/1/2016,Buea,Amazing Pharmacy Co Ltd,Ibuprofen,523,1,50,B3683,0,S418,-0.725268978
6/1/2016,Buea,Mont Zion Pharmacy,Amodiaquine,861,1,73,B2771,0,S692,1.165806019
6/1/2016,Buea,Winners Pharmacy,Amoxicillin,1444,1,49,B1420,,S419,-0.20445498
6/1/2016,Buea,Amazing Pharmacy Co Ltd,Ciprofloxacin,1679,1,49,B7149,0,S506,-0.409960504
6/1/2016,Buea,Mont Zion Pharmacy,Metronidazole,1557,1,57,B4249,,S177,-0.747078079
6/1/2016,Buea,Winners Pharmacy,Trimethoprim-Sulfamethoxazole,930,1,58,B4978,0,S204,0.515042673
6/1/2016,Buea,Amazing Pharmacy Co Ltd,Paracetamol,291,1,56,B5941,0,S970,0.715658245
6/1/2016,Buea,Mont Zion Pharmacy,Ibuprofen,594,1,52,B2983,1,S915,-1.640266639
6/1/2016,Buea,Winners Pharmacy,Amodiaquine,663,0,71,B1672,,S455,-1.632558403
7/1/2016,Buea,Amazing Pharmacy Co Ltd,Amoxicillin,1139,1,67,B9728,1,S538,1.455021223
7/1/2016,Buea,Mont Zion Pharmacy,Ciprofloxacin,2062,1,34,B7071,1,S170,0.003084127
7/1/2016,Buea,Winners Pharmacy,Metronidazole,,0,45,B9289,0,S763,-0.278391171
7/1/2016,Buea,Amazing Pharmacy Co Ltd,Trimethoprim-Sulfamethoxazole,1074,,44,B6590,0,S112,0.633361315
7/1/2016,Buea,Mont Zion Pharmacy,Paracetamol,311,0,63,B7882,0,S942,2.187488829
7/1/2016,Buea,Winners Pharmacy,Ibuprofen,560,1,46,B9031,0,S208,-1.290364485
7/1/2016,Buea,Amazing Pharmacy Co Ltd,Amodiaquine,827,1,57,B8102,1,S470,-0.738802869
7/1/2016,Buea,Mont Zion Pharmacy,Amoxicillin,1297,1,45,B8532,1,S824,0.889916333
7/1/2016,Buea,Winners Pharmacy,Ciprofloxacin,2085,1,46,B3506,1,S545,0.955096379
7/1/2016,Buea,Amazing Pharmacy Co Ltd,Metronidazole,1420,1,58,B3885,0,S851,-1.032869229
7/1/2016,Buea,Mont Zion Pharmacy,Trimethoprim-Sulfamethoxazole,1025,1,39,B9548,0,S766,1.027421535
7/1/2016,Buea,Winners Pharmacy,Paracetamol,361,1,58,B5425,,S730,-0.663720377
7/1/2016,Buea,Amazing Pharmacy Co Ltd,Ibuprofen,477,1,64,B9817,0,S893,0.522243681
7/1/2016,Buea,Mont Zion Pharmacy,Amodiaquine,793,1,66,B8921,1,S576,-0.816403986
7/1/2016,Buea,Winners Pharmacy,Amoxicillin,1402,1,53,B8136,,S945,-2.832519571
7/1/2016,Buea,Amazing Pharmacy Co Ltd,Ciprofloxacin,1923,1,43,B5397,1,S430,0.016890716
7/1/2016,Buea,Mont Zion Pharmacy,Metronidazole,1746,0,48,B5022,1,S950,-0.370590523
7/1/2016,Buea,Winners Pharmacy,Trimethoprim-Sulfamethoxazole,1199,1,44,B2419,1,S385,2.103806092
7/1/2016,Buea,Amazing Pharmacy Co Ltd,Paracetamol,291,1,63,B8385,0,S349,1.547999754
7/1/2016,Buea,Mont Zion Pharmacy,Ibuprofen,494,1,71,B8613,1,S683,-0.761407543
7/1/2016,Buea,Winners Pharmacy,Amodiaquine,673,0,50,B7209,1,S444,-1.52531909
8/1/2016,Buea,Amazing Pharmacy Co Ltd,Amoxicillin,1120,1,40,B1470,0,S606,-1.133815595
8/1/2016,Buea,Mont Zion Pharmacy,Ciprofloxacin,1964,1,52,B6325,,S286,2.017907964
8/1/2016,Buea,Winners Pharmacy,Metronidazole,1535,1,56,B8988,,S317,0.216316882
8/1/2016,Buea,Amazing Pharmacy Co Ltd,Trimethoprim-Sulfamethoxazole,966,1,57,B6813,1,S916,0.980853449
8/1/2016,Buea,Mont Zion Pharmacy,Paracetamol,326,1,56,B5232,1,S448,-0.74222952
8/1/2016,Buea,Winners Pharmacy,Ibuprofen,563,1,67,B5581,0,S710,-0.395828781
8/1/2016,Buea,Amazing Pharmacy Co Ltd,Amodiaquine,698,1,44,B5526,0,S669,-0.179624
8/1/2016,Buea,Mont Zion Pharmacy,Amoxicillin,1134,1,37,B1166,1,S629,0.338814601
8/1/2016,Buea,Winners Pharmacy,Ciprofloxacin,2103,0,52,B4130,0,S187,-0.994180092
8/1/2016,Buea,Amazing Pharmacy Co Ltd,Metronidazole,1570,1,54,B4954,,S837,-0.262978804
8/1/2016,Buea,Mont Zion Pharmacy,Trimethoprim-Sulfamethoxazole,1202,1,54,B7658,1,S600,-1.835711274
8/1/2016,Buea,Winners Pharmacy,Paracetamol,337,,59,B4937,0,S807,0.003803076
8/1/2016,Buea,Amazing Pharmacy Co Ltd,Ibuprofen,569,0,46,B8800,0,S761,-1.626319354
8/1/2016,Buea,Mont Zion Pharmacy,Amodiaquine,767,1,49,B9041,0,S558,0.447861748
8/1/2016,Buea,Winners Pharmacy,Amoxicillin,1202,,68,B1282,,S195,0.371094051
8/1/2016,Buea,Amazing Pharmacy Co Ltd,Ciprofloxacin,2064,1,45,B5820,1,S326,0.162744415
8/1/2016,Buea,Mont Zion Pharmacy,Metronidazole,1479,1,56,B7625,0,S808,0.041379053
8/1/2016,Buea,Winners Pharmacy,Trimethoprim-Sulfamethoxazole,1003,1,53,B4986,0,S413,-0.006351557
8/1/2016,Buea,Amazing Pharmacy Co Ltd,Paracetamol,279,1,74,B7046,1,S584,1.562255132
8/1/2016,Buea,Mont Zion Pharmacy,Ibuprofen,513,1,69,B9698,0,S452,-0.019749094
8/1/2016,Buea,Winners Pharmacy,Amodiaquine,792,1,40,B7971,,S863,-0.486579891
9/1/2016,Buea,Amazing Pharmacy Co Ltd,Amoxicillin,1481,1,47,B6419,,S460,0.100520095
9/1/2016,Buea,Mont Zion Pharmacy,Ciprofloxacin,1867,1,56,B8434,0,S377,0.587731652
9/1/2016,Buea,Winners Pharmacy,Metronidazole,1695,0,44,B6023,1,S357,-1.526270997
9/1/2016,Buea,Amazing Pharmacy Co Ltd,Trimethoprim-Sulfamethoxazole,939,0,31,B4777,1,S223,0.032575577
9/1/2016,Buea,Mont Zion Pharmacy,Paracetamol,366,1,52,B4155,0,S423,-0.80510924
9/1/2016,Buea,Winners Pharmacy,Ibuprofen,518,1,60,B2958,0,S860,0.957882228
9/1/2016,Buea,Amazing Pharmacy Co Ltd,Amodiaquine,757,1,67,B9779,0,S880,-0.366231539
9/1/2016,Buea,Mont Zion Pharmacy,Amoxicillin,1139,0,50,B4033,0,S296,0.44388023
9/1/2016,Buea,Winners Pharmacy,Ciprofloxacin,1853,1,54,B4545,1,S856,0.109470604
9/1/2016,Buea,Amazing Pharmacy Co Ltd,Metronidazole,1521,1,48,B8933,0,S383,1.052528941
9/1/2016,Buea,Mont Zion Pharmacy,Trimethoprim-Sulfamethoxazole,927,1,48,B9595,,S711,-0.731513404
9/1/2016,Buea,Winners Pharmacy,Paracetamol,306,1,44,B5636,,S202,-1.023195511
9/1/2016,Buea,Amazing Pharmacy Co Ltd,Ibuprofen,498,0,53,B4180,0,S403,-1.062297155
9/1/2016,Buea,Mont Zion Pharmacy,Amodiaquine,803,1,84,B4727,,S469,-1.198283386
9/1/2016,Buea,Winners Pharmacy,Amoxicillin,1412,1,48,B3939,1,S409,1.802164808
9/1/2016,Buea,Amazing Pharmacy Co Ltd,Ciprofloxacin,1762,,56,B1231,1,S825,0.383100212
9/1/2016,Buea,Mont Zion Pharmacy,Metronidazole,,1,52,B9751,0,S229,0.033327926
9/1/2016,Buea,Winners Pharmacy,Trimethoprim-Sulfamethoxazole,1084,0,47,B5494,0,S146,-0.956176883
9/1/2016,Buea,Amazing Pharmacy Co Ltd,Paracetamol,344,1,49,B1893,0,S666,-0.422633561
9/1/2016,Buea,Mont Zion Pharmacy,Ibuprofen,588,1,43,B5786,,S814,0.676598017
9/1/2016,Buea,Winners Pharmacy,Amodiaquine,834,1,80,B3068,,S753,-2.391274431
10/1/2016,Buea,Amazing Pharmacy Co Ltd,Amoxicillin,1173,1,56,B9042,1,S205,-0.074875938
10/1/2016,Buea,Mont Zion Pharmacy,Ciprofloxacin,2135,0,44,B1200,0,S687,1.819223183
10/1/2016,Buea,Winners Pharmacy,Metronidazole,1790,1,42,B5658,0,S580,0.039936397
10/1/2016,Buea,Amazing Pharmacy Co Ltd,Trimethoprim-Sulfamethoxazole,968,1,59,B8843,1,S551,0.376574015
10/1/2016,Buea,Mont Zion Pharmacy,Paracetamol,352,1,44,B6582,0,S288,0.809857842
10/1/2016,Buea,Winners Pharmacy,Ibuprofen,603,1,45,B1841,0,S358,1.217748486
10/1/2016,Buea,Amazing Pharmacy Co Ltd,Amodiaquine,736,1,59,B8827,0,S216,-0.868441029
10/1/2016,Buea,Mont Zion Pharmacy,Amoxicillin,1367,1,46,B2070,,S510,1.387257411
10/1/2016,Buea,Winners Pharmacy,Ciprofloxacin,2020,1,43,B9056,1,S175,1.146623917
10/1/2016,Buea,Amazing Pharmacy Co Ltd,Metronidazole,1519,,45,B1878,1,S255,-1.328314951
10/1/2016,Buea,Mont Zion Pharmacy,Trimethoprim-Sulfamethoxazole,1227,1,40,B3444,0,S930,0.077473719
10/1/2016,Buea,Winners Pharmacy,Paracetamol,317,1,47,B5978,1,S187,-1.747453085
10/1/2016,Buea,Amazing Pharmacy Co Ltd,Ibuprofen,508,1,52,B5066,,S221,-0.128041706
10/1/2016,Buea,Mont Zion Pharmacy,Amodiaquine,713,1,61,B7818,0,S720,1.189911397
10/1/2016,Buea,Winners Pharmacy,Amoxicillin,1339,1,46,B4697,0,S894,1.013675741
10/1/2016,Buea,Amazing Pharmacy Co Ltd,Ciprofloxacin,2195,0,39,B9561,0,S489,-0.214910355
10/1/2016,Buea,Mont Zion Pharmacy,Metronidazole,1663,1,54,B8381,1,S553,0.276793449
10/1/2016,Buea,Winners Pharmacy,Trimethoprim-Sulfamethoxazole,1107,,44,B5871,0,S980,-0.385383328
10/1/2016,Buea,Amazing Pharmacy Co Ltd,Paracetamol,340,0,39,B8025,0,S412,0.420452477
10/1/2016,Buea,Mont Zion Pharmacy,Ibuprofen,503,1,49,B1986,0,S724,1.568239759
10/1/2016,Buea,Winners Pharmacy,Amodiaquine,701,1,81,B2625,0,S881,1.290368122
11/1/2016,Buea,Amazing Pharmacy Co Ltd,Amoxicillin,1386,1,43,B4404,1,S740,1.705014147
11/1/2016,Buea,Mont Zion Pharmacy,Ciprofloxacin,2006,,54,B4457,0,S370,-0.300803312
11/1/2016,Buea,Winners Pharmacy,Metronidazole,1764,1,51,B2330,0,S260,0.154336687
11/1/2016,Buea,Amazing Pharmacy Co Ltd,Trimethoprim-Sulfamethoxazole,948,1,47,B4929,0,S277,1.711937196
11/1/2016,Buea,Mont Zion Pharmacy,Paracetamol,303,1,47,B2229,0,S260,2.141383119
11/1/2016,Buea,Winners Pharmacy,Ibuprofen,502,1,54,B1043,0,S518,-0.750602898
11/1/2016,Buea,Amazing Pharmacy Co Ltd,Amodiaquine,851,1,45,B8381,0,S805,-0.690386626
11/1/2016,Buea,Mont Zion Pharmacy,Amoxicillin,1294,1,63,B8699,0,S398,0.004093008
11/1/2016,Buea,Winners Pharmacy,Ciprofloxacin,2033,1,45,B1534,1,S337,0.542704398
11/1/2016,Buea,Amazing Pharmacy Co Ltd,Metronidazole,1799,1,57,B5720,1,S823,-1.03885979
11/1/2016,Buea,Mont Zion Pharmacy,Trimethoprim-Sulfamethoxazole,1023,1,44,B5632,0,S819,1.048969943
11/1/2016,Buea,Winners Pharmacy,Paracetamol,351,,46,B8438,0,S172,-0.466803119
11/1/2016,Buea,Amazing Pharmacy Co Ltd,Ibuprofen,518,0,50,B4824,1,S370,1.064876739
11/1/2016,Buea,Mont Zion Pharmacy,Amodiaquine,758,1,43,B4241,0,S535,-2.140265879
11/1/2016,Buea,Winners Pharmacy,Amoxicillin,,1,55,B2880,1,S657,-0.987808835
11/1/2016,Buea,Amazing Pharmacy Co Ltd,Ciprofloxacin,2055,1,44,B4683,1,S763,0.534778546
11/1/2016,Buea,Mont Zion Pharmacy,Metronidazole,1724,1,55,B3441,1,S372,-0.281019647
11/1/2016,Buea,Winners Pharmacy,Trimethoprim-Sulfamethoxazole,,1,39,B3330,0,S173,0.424966116
11/1/2016,Buea,Amazing Pharmacy Co Ltd,Paracetamol,301,1,35,B1977,1,S269,0.112550715
11/1/2016,Buea,Mont Zion Pharmacy,Ibuprofen,550,1,48,B6039,0,S709,0.445035864
11/1/2016,Buea,Winners Pharmacy,Amodiaquine,801,1,42,B5728,0,S549,0.548878844
12/1/2016,Buea,Amazing Pharmacy Co Ltd,Amoxicillin,1155,1,52,B3037,1,S579,2.219201272
12/1/2016,Buea,Mont Zion Pharmacy,Ciprofloxacin,2054,0,43,B5982,1,S816,-2.684788047
12/1/2016,Buea,Winners Pharmacy,Metronidazole,1399,1,57,B7594,0,S378,0.259573561
12/1/2016,Buea,Amazing Pharmacy Co Ltd,Trimethoprim-Sulfamethoxazole,1121,1,54,B9199,0,S652,1.244498076
12/1/2016,Buea,Mont Zion Pharmacy,Paracetamol,354,1,58,B9090,0,S548,0.132020923
12/1/2016,Buea,Winners Pharmacy,Ibuprofen,533,0,43,B2317,0,S712,-0.184584663
12/1/2016,Buea,Amazing Pharmacy Co Ltd,Amodiaquine,823,1,61,B1653,0,S542,-0.698195533
12/1/2016,Buea,Mont Zion Pharmacy,Amoxicillin,1257,1,36,B6280,0,S718,-0.294779284
12/1/2016,Buea,Winners Pharmacy,Ciprofloxacin,2223,1,51,B5102,0,S126,1.346178264
12/1/2016,Buea,Amazing Pharmacy Co Ltd,Metronidazole,1563,1,37,B2496,0,S334,1.289396863
12/1/2016,Buea,Mont Zion Pharmacy,Trimethoprim-Sulfamethoxazole,930,1,44,B1339,1,S883,0.968006475
12/1/2016,Buea,Winners Pharmacy,Paracetamol,353,1,56,B5415,0,S690,1.396596892
12/1/2016,Buea,Amazing Pharmacy Co Ltd,Ibuprofen,580,1,57,B1659,0,S881,0.414647985
12/1/2016,Buea,Mont Zion Pharmacy,Amodiaquine,783,1,55,B3870,0,S581,0.356002629
12/1/2016,Buea,Winners Pharmacy,Amoxicillin,1394,0,52,B9502,0,S767,0.217997411
12/1/2016,Buea,Amazing Pharmacy Co Ltd,Ciprofloxacin,2020,1,42,B8245,1,S384,-0.630312479
12/1/2016,Buea,Mont Zion Pharmacy,Metronidazole,1502,0,43,B3973,0,S699,-1.008055477
12/1/2016,Buea,Winners Pharmacy,Trimethoprim-Sulfamethoxazole,985,1,37,B8141,0,S750,1.108337687
12/1/2016,Buea,Amazing Pharmacy Co Ltd,Paracetamol,303,0,54,B9056,0,S193,0.59678278
12/1/2016,Buea,Mont Zion Pharmacy,Ibuprofen,514,1,45,B8700,1,S456,-1.525929719
12/1/2016,Buea,Winners Pharmacy,Amodiaquine,792,1,57,B7690,1,S441,0.6178748
1/1/2017,Buea,Amazing Pharmacy Co Ltd,Amoxicillin,1179,1,54,B6260,1,S786,-0.332637318
1/1/2017,Buea,Mont Zion Pharmacy,Ciprofloxacin,2036,0,46,B2713,0,S978,0.491542121
1/1/2017,Buea,Winners Pharmacy,Metronidazole,1861,1,58,B3634,1,S437,1.161398787
1/1/2017,Buea,Amazing Pharmacy Co Ltd,Trimethoprim-Sulfamethoxazole,1211,1,44,B7744,1,S810,-0.811257119
1/1/2017,Buea,Mont Zion Pharmacy,Paracetamol,288,1,57,B9117,0,S395,-1.20130335
1/1/2017,Buea,Winners Pharmacy,Ibuprofen,479,1,66,B7561,1,S933,0.691881145
1/1/2017,Buea,Amazing Pharmacy Co Ltd,Amodiaquine,854,1,52,B1601,0,S565,1.633948184
1/1/2017,Buea,Mont Zion Pharmacy,Amoxicillin,1523,1,56,B2442,0,S422,1.754775545
1/1/2017,Buea,Winners Pharmacy,Ciprofloxacin,1848,0,52,B5135,0,S431,-1.470805082
1/1/2017,Buea,Amazing Pharmacy Co Ltd,Metronidazole,1906,1,57,B2899,1,S891,0.141169299
1/1/2017,Buea,Mont Zion Pharmacy,Trimethoprim-Sulfamethoxazole,1099,1,54,B7622,,S985,0.001379651
1/1/2017,Buea,Winners Pharmacy,Paracetamol,352,1,65,B9431,1,S944,-1.276772952
1/1/2017,Buea,Amazing Pharmacy Co Ltd,Ibuprofen,578,1,62,B1018,0,S773,0.952598395
1/1/2017,Buea,Mont Zion Pharmacy,Amodiaquine,706,0,52,B9889,0,S573,0.473693137
1/1/2017,Buea,Winners Pharmacy,Amoxicillin,1511,1,51,B7770,1,S155,-1.654728276
1/1/2017,Buea,Amazing Pharmacy Co Ltd,Ciprofloxacin,2245,1,52,B4073,1,S630,0.538798159
1/1/2017,Buea,Mont Zion Pharmacy,Metronidazole,1446,1,48,B6927,0,S737,0.331942557
1/1/2017,Buea,Winners Pharmacy,Trimethoprim-Sulfamethoxazole,1021,1,43,B9167,0,S740,0.79917882
1/1/2017,Buea,Amazing Pharmacy Co Ltd,Paracetamol,381,1,59,B8242,0,S878,0.343067009
1/1/2017,Buea,Mont Zion Pharmacy,Ibuprofen,626,1,47,B1845,1,S308,0.308450108
1/1/2017,Buea,Winners Pharmacy,Amodiaquine,719,1,49,B5375,1,S662,-1.702213266
2/1/2017,Buea,Amazing Pharmacy Co Ltd,Amoxicillin,1449,1,46,B3146,1,S394,-0.462815686
2/1/2017,Buea,Mont Zion Pharmacy,Ciprofloxacin,1864,1,47,B8178,1,S815,-0.379404499
2/1/2017,Buea,Winners Pharmacy,Metronidazole,1594,1,59,B8941,0,S224,0.332065249
2/1/2017,Buea,Amazing Pharmacy Co Ltd,Trimethoprim-Sulfamethoxazole,1050,1,51,B1472,0,S745,-1.16567159
2/1/2017,Buea,Mont Zion Pharmacy,Paracetamol,346,1,55,B4920,0,S826,0.018041649
2/1/2017,Buea,Winners Pharmacy,Ibuprofen,526,1,68,B3594,0,S418,0.541842089
2/1/2017,Buea,Amazing Pharmacy Co Ltd,Amodiaquine,816,0,46,B1224,,S665,1.641159539
2/1/2017,Buea,Mont Zion Pharmacy,Amoxicillin,1484,1,47,B7684,0,S195,-3.32475572
2/1/2017,Buea,Winners Pharmacy,Ciprofloxacin,2197,1,47,B4681,0,S961,-1.468923464
2/1/2017,Buea,Amazing Pharmacy Co Ltd,Metronidazole,1648,1,56,B2858,,S572,0.261950349
2/1/2017,Buea,Mont Zion Pharmacy,Trimethoprim-Sulfamethoxazole,1138,1,50,B2924,0,S763,-1.255107749
2/1/2017,Buea,Winners Pharmacy,Paracetamol,322,1,64,B3522,1,S610,-0.908650296
2/1/2017,Buea,Amazing Pharmacy Co Ltd,Ibuprofen,506,0,68,B5781,,S621,-0.715048183
2/1/2017,Buea,Mont Zion Pharmacy,Amodiaquine,795,1,41,B5479,0,S525,0.116173084
2/1/2017,Buea,Winners Pharmacy,Amoxicillin,1467,1,57,B8905,1,S583,-0.844898453
2/1/2017,Buea,Amazing Pharmacy Co Ltd,Ciprofloxacin,1842,1,59,B4993,1,S567,0.296184805
2/1/2017,Buea,Mont Zion Pharmacy,Metronidazole,1730,1,55,B3369,0,S492,0.375216957
2/1/2017,Buea,Winners Pharmacy,Trimethoprim-Sulfamethoxazole,984,1,50,B4122,1,S713,-0.656195955
2/1/2017,Buea,Amazing Pharmacy Co Ltd,Paracetamol,373,1,59,B9327,1,S864,-0.732892886
2/1/2017,Buea,Mont Zion Pharmacy,Ibuprofen,554,,58,B3236,0,S984,1.171662312
2/1/2017,Buea,Winners Pharmacy,Amodiaquine,706,1,47,B2143,,S382,-0.365335953
3/1/2017,Buea,Amazing Pharmacy Co Ltd,Amoxicillin,1339,1,50,B7798,0,S448,1.199638079
3/1/2017,Buea,Mont Zion Pharmacy,Ciprofloxacin,1809,1,44,B9318,1,S373,-0.218654411
3/1/2017,Buea,Winners Pharmacy,Metronidazole,1721,1,45,B1042,0,S389,1.429117019
3/1/2017,Buea,Amazing Pharmacy Co Ltd,Trimethoprim-Sulfamethoxazole,994,1,56,B5891,0,S957,-0.614950438
3/1/2017,Buea,Mont Zion Pharmacy,Paracetamol,375,1,48,B9022,0,S986,1.533854941
3/1/2017,Buea,Winners Pharmacy,Ibuprofen,514,,47,B3434,0,S557,0.137844505
3/1/2017,Buea,Amazing Pharmacy Co Ltd,Amodiaquine,876,1,45,B9824,0,S595,0.331341647
3/1/2017,Buea,Mont Zion Pharmacy,Amoxicillin,1251,,54,B6654,0,S440,0.533400851
3/1/2017,Buea,Winners Pharmacy,Ciprofloxacin,1912,1,38,B9903,0,S486,-0.468433848
3/1/2017,Buea,Amazing Pharmacy Co Ltd,Metronidazole,1874,1,36,B8460,0,S429,-1.154694743
3/1/2017,Buea,Mont Zion Pharmacy,Trimethoprim-Sulfamethoxazole,1002,1,50,B4090,0,S814,0.824749007
3/1/2017,Buea,Winners Pharmacy,Paracetamol,341,1,61,B4912,1,S685,0.816006849
3/1/2017,Buea,Amazing Pharmacy Co Ltd,Ibuprofen,478,1,43,B7274,0,S339,-0.270159992
3/1/2017,Buea,Mont Zion Pharmacy,Amodiaquine,822,1,45,B7730,0,S144,0.593926734
3/1/2017,Buea,Winners Pharmacy,Amoxicillin,1309,1,58,B6213,0,S862,-0.062664524
3/1/2017,Buea,Amazing Pharmacy Co Ltd,Ciprofloxacin,1889,1,52,B8749,1,S822,-1.850631642
3/1/2017,Buea,Mont Zion Pharmacy,Metronidazole,1692,1,61,B7246,0,S495,1.909418652
3/1/2017,Buea,Winners Pharmacy,Trimethoprim-Sulfamethoxazole,1240,1,48,B3492,0,S607,0.809889322
3/1/2017,Buea,Amazing Pharmacy Co Ltd,Paracetamol,363,1,39,B1606,1,S229,0.148910076
3/1/2017,Buea,Mont Zion Pharmacy,Ibuprofen,594,1,51,B9229,0,S704,-0.679440923
3/1/2017,Buea,Winners Pharmacy,Amodiaquine,734,,64,B6439,1,S990,-0.065974621
4/1/2017,Buea,Amazing Pharmacy Co Ltd,Amoxicillin,1277,1,34,B2644,0,S995,0.450655555
4/1/2017,Buea,Mont Zion Pharmacy,Ciprofloxacin,1847,1,52,B8213,0,S202,0.429563
4/1/2017,Buea,Winners Pharmacy,Metronidazole,1659,0,47,B9617,0,S567,0.433388616
4/1/2017,Buea,Amazing Pharmacy Co Ltd,Trimethoprim-Sulfamethoxazole,1020,1,38,B1251,0,S839,-0.555569348
4/1/2017,Buea,Mont Zion Pharmacy,Paracetamol,363,1,58,B3361,0,S519,-1.301343527
4/1/2017,Buea,Winners Pharmacy,Ibuprofen,625,1,54,B3529,0,S176,-1.147321968
4/1/2017,Buea,Amazing Pharmacy Co Ltd,Amodiaquine,814,1,81,B8692,1,S900,-0.312421791
4/1/2017,Buea,Mont Zion Pharmacy,Amoxicillin,1379,1,64,B5342,0,S446,-2.185296847
4/1/2017,Buea,Winners Pharmacy,Ciprofloxacin,2194,1,57,B7512,1,S765,1.143836726
4/1/2017,Buea,Amazing Pharmacy Co Ltd,Metronidazole,1482,1,47,B2315,0,S972,-0.165528151
4/1/2017,Buea,Mont Zion Pharmacy,Trimethoprim-Sulfamethoxazole,1012,1,42,B6383,0,S972,-0.67938457
4/1/2017,Buea,Winners Pharmacy,Paracetamol,302,1,60,B9742,0,S489,0.353547863
4/1/2017,Buea,Amazing Pharmacy Co Ltd,Ibuprofen,626,1,62,B6188,0,S741,-0.255930562
4/1/2017,Buea,Mont Zion Pharmacy,Amodiaquine,835,1,76,B8994,0,S993,-0.298596738
4/1/2017,Buea,Winners Pharmacy,Amoxicillin,1463,1,51,B9864,0,S136,0.274027353
4/1/2017,Buea,Amazing Pharmacy Co Ltd,Ciprofloxacin,2241,1,44,B2121,0,S340,0.672943204
4/1/2017,Buea,Mont Zion Pharmacy,Metronidazole,1586,1,32,B5708,,S332,-1.764595909
4/1/2017,Buea,Winners Pharmacy,Trimethoprim-Sulfamethoxazole,1261,1,48,B2480,0,S544,1.346669724
4/1/2017,Buea,Amazing Pharmacy Co Ltd,Paracetamol,312,1,52,B2612,1,S878,-0.474345442
4/1/2017,Buea,Mont Zion Pharmacy,Ibuprofen,626,1,42,B2646,0,S554,-2.248142887
4/1/2017,Buea,Winners Pharmacy,Amodiaquine,703,1,65,B3725,0,S810,1.261318102
5/1/2017,Buea,Amazing Pharmacy Co Ltd,Amoxicillin,1177,1,48,B5906,0,S129,-1.132669052
5/1/2017,Buea,Mont Zion Pharmacy,Ciprofloxacin,1851,1,74,B1753,0,S432,0.344355769
5/1/2017,Buea,Winners Pharmacy,Metronidazole,1873,1,48,B1919,0,S400,-0.358765936
5/1/2017,Buea,Amazing Pharmacy Co Ltd,Trimethoprim-Sulfamethoxazole,1139,1,46,B6873,0,S483,-0.081522827
5/1/2017,Buea,Mont Zion Pharmacy,Paracetamol,379,1,51,B8056,1,S249,-0.241749639
5/1/2017,Buea,Winners Pharmacy,Ibuprofen,564,0,34,B5000,0,S643,0.780070297
5/1/2017,Buea,Amazing Pharmacy Co Ltd,Amodiaquine,718,0,67,B7751,1,S679,-1.98546102
5/1/2017,Buea,Mont Zion Pharmacy,Amoxicillin,1477,1,38,B3950,1,S274,-0.610022977
5/1/2017,Buea,Winners Pharmacy,Ciprofloxacin,1999,1,49,B3868,0,S180,0.25216735
5/1/2017,Buea,Amazing Pharmacy Co Ltd,Metronidazole,1815,1,56,B7267,1,S734,-1.186069231
5/1/2017,Buea,Mont Zion Pharmacy,Trimethoprim-Sulfamethoxazole,1069,1,48,B4945,1,S609,1.567796131
5/1/2017,Buea,Winners Pharmacy,Paracetamol,305,0,53,B3344,0,S337,-0.85950004
5/1/2017,Buea,Amazing Pharmacy Co Ltd,Ibuprofen,524,1,44,B8555,0,S753,0.516517284
5/1/2017,Buea,Mont Zion Pharmacy,Amodiaquine,851,1,72,B5161,0,S570,0.972996545
5/1/2017,Buea,Winners Pharmacy,Amoxicillin,1401,,45,B5183,1,S782,0.605223701
5/1/2017,Buea,Amazing Pharmacy Co Ltd,Ciprofloxacin,2048,1,59,B1153,0,S923,1.115433297
5/1/2017,Buea,Mont Zion Pharmacy,Metronidazole,1627,1,48,B8622,0,S394,0.928045071
5/1/2017,Buea,Winners Pharmacy,Trimethoprim-Sulfamethoxazole,1131,0,56,B9955,1,S261,0.542828351
5/1/2017,Buea,Amazing Pharmacy Co Ltd,Paracetamol,371,1,43,B2210,0,S552,-0.453105868
5/1/2017,Buea,Mont Zion Pharmacy,Ibuprofen,585,1,52,B6661,0,S701,0.894723515
5/1/2017,Buea,Winners Pharmacy,Amodiaquine,763,1,69,B5901,0,S754,0.61863012
6/1/2017,Buea,Amazing Pharmacy Co Ltd,Amoxicillin,1430,1,44,B7951,0,S806,-1.316270041
6/1/2017,Buea,Mont Zion Pharmacy,Ciprofloxacin,2203,0,47,B5097,0,S567,-0.316765106
6/1/2017,Buea,Winners Pharmacy,Metronidazole,1470,1,45,B5949,0,S303,-0.022577941
6/1/2017,Buea,Amazing Pharmacy Co Ltd,Trimethoprim-Sulfamethoxazole,1128,1,42,B7302,,S973,1.622193102
6/1/2017,Buea,Mont Zion Pharmacy,Paracetamol,334,1,37,B8916,0,S209,1.951142048
6/1/2017,Buea,Winners Pharmacy,Ibuprofen,623,1,48,B4886,1,S490,1.901559255
6/1/2017,Buea,Amazing Pharmacy Co Ltd,Amodiaquine,868,1,83,B6881,,S688,0.244819374
6/1/2017,Buea,Mont Zion Pharmacy,Amoxicillin,1258,1,44,B5847,0,S816,1.165032105
6/1/2017,Buea,Winners Pharmacy,Ciprofloxacin,2036,1,47,B5837,0,S122,-1.245593912
6/1/2017,Buea,Amazing Pharmacy Co Ltd,Metronidazole,1869,1,53,B7484,0,S381,-0.377554656
6/1/2017,Buea,Mont Zion Pharmacy,Trimethoprim-Sulfamethoxazole,954,1,55,B1132,1,S679,0.276722973
6/1/2017,Buea,Winners Pharmacy,Paracetamol,338,1,51,B1803,0,S720,1.418240355
6/1/2017,Buea,Amazing Pharmacy Co Ltd,Ibuprofen,539,1,44,B9138,1,S952,-1.588818475
6/1/2017,Buea,Mont Zion Pharmacy,Amodiaquine,707,,76,B5689,0,S894,-0.561946248
6/1/2017,Buea,Winners Pharmacy,Amoxicillin,1261,1,48,B4770,0,S721,1.014645386
6/1/2017,Buea,Amazing Pharmacy Co Ltd,Ciprofloxacin,1793,1,53,B6772,0,S324,1.035724643
6/1/2017,Buea,Mont Zion Pharmacy,Metronidazole,1847,1,50,B4115,1,S735,0.819728332
6/1/2017,Buea,Winners Pharmacy,Trimethoprim-Sulfamethoxazole,962,1,45,B5106,0,S794,-0.2960461
6/1/2017,Buea,Amazing Pharmacy Co Ltd,Paracetamol,378,1,40,B3240,0,S743,-0.240152812
6/1/2017,Buea,Mont Zion Pharmacy,Ibuprofen,491,1,35,B2591,0,S742,0.657364963
6/1/2017,Buea,Winners Pharmacy,Amodiaquine,850,1,80,B1645,0,S416,-1.270408744
7/1/2017,Buea,Amazing Pharmacy Co Ltd,Amoxicillin,1487,1,57,B8222,0,S134,-0.519157323
7/1/2017,Buea,Mont Zion Pharmacy,Ciprofloxacin,1826,1,54,B6977,,S849,2.164007374
7/1/2017,Buea,Winners Pharmacy,Metronidazole,1441,1,46,B3153,0,S192,1.223710341
7/1/2017,Buea,Amazing Pharmacy Co Ltd,Trimethoprim-Sulfamethoxazole,1080,1,56,B5835,,S434,-1.174841308
7/1/2017,Buea,Mont Zion Pharmacy,Paracetamol,310,,49,B7807,0,S279,-0.181385403
7/1/2017,Buea,Winners Pharmacy,Ibuprofen,557,,51,B4289,0,S235,-0.494354338
7/1/2017,Buea,Amazing Pharmacy Co Ltd,Amodiaquine,747,0,48,B9837,0,S997,1.583477277
7/1/2017,Buea,Mont Zion Pharmacy,Amoxicillin,1313,0,53,B6994,,S643,-1.11777884
7/1/2017,Buea,Winners Pharmacy,Ciprofloxacin,2089,1,67,B9221,0,S379,-1.796738013
7/1/2017,Buea,Amazing Pharmacy Co Ltd,Metronidazole,1592,1,41,B3695,0,S363,1.49037947
7/1/2017,Buea,Mont Zion Pharmacy,Trimethoprim-Sulfamethoxazole,1020,1,35,B8894,0,S925,-1.84604825
7/1/2017,Buea,Winners Pharmacy,Paracetamol,363,1,61,B5835,,S864,0.919703314
7/1/2017,Buea,Amazing Pharmacy Co Ltd,Ibuprofen,540,1,55,B6549,0,S923,-0.756323425
7/1/2017,Buea,Mont Zion Pharmacy,Amodiaquine,877,0,56,B2886,1,S579,0.172550192
7/1/2017,Buea,Winners Pharmacy,Amoxicillin,1327,1,53,B2233,1,S244,0.559577062
7/1/2017,Buea,Amazing Pharmacy Co Ltd,Ciprofloxacin,1740,1,48,B4696,,S980,-0.813530349
7/1/2017,Buea,Mont Zion Pharmacy,Metronidazole,1752,,50,B7511,1,S966,-0.589909298
7/1/2017,Buea,Winners Pharmacy,Trimethoprim-Sulfamethoxazole,996,1,49,B6992,1,S192,0.844283228
7/1/2017,Buea,Amazing Pharmacy Co Ltd,Paracetamol,343,1,72,B7464,0,S114,0.325840852
7/1/2017,Buea,Mont Zion Pharmacy,Ibuprofen,533,0,67,B5332,0,S649,1.208347818
7/1/2017,Buea,Winners Pharmacy,Amodiaquine,842,,52,B3024,0,S565,-1.344044628
8/1/2017,Buea,Amazing Pharmacy Co Ltd,Amoxicillin,1384,1,51,B7038,0,S788,0.5053265
8/1/2017,Buea,Mont Zion Pharmacy,Ciprofloxacin,2154,1,50,B5295,1,S698,-1.216325833
8/1/2017,Buea,Winners Pharmacy,Metronidazole,1519,1,43,B7242,0,S942,-0.210166908
8/1/2017,Buea,Amazing Pharmacy Co Ltd,Trimethoprim-Sulfamethoxazole,1117,0,50,B7086,1,S210,-0.727672355
8/1/2017,Buea,Mont Zion Pharmacy,Paracetamol,293,0,62,B4830,0,S582,0.009465194
8/1/2017,Buea,Winners Pharmacy,Ibuprofen,630,1,42,B1410,1,S734,2.103673103
8/1/2017,Buea,Amazing Pharmacy Co Ltd,Amodiaquine,678,1,46,B6374,1,S724,0.596397069
8/1/2017,Buea,Mont Zion Pharmacy,Amoxicillin,1192,1,50,B4626,,S763,0.31916029
8/1/2017,Buea,Winners Pharmacy,Ciprofloxacin,1799,1,47,B2035,1,S750,0.131020762
8/1/2017,Buea,Amazing Pharmacy Co Ltd,Metronidazole,1751,1,53,B8606,0,S817,0.110389639
8/1/2017,Buea,Mont Zion Pharmacy,Trimethoprim-Sulfamethoxazole,1186,1,46,B5951,1,S764,0.507420928
8/1/2017,Buea,Winners Pharmacy,Paracetamol,303,1,67,B7689,0,S219,-0.897491563
8/1/2017,Buea,Amazing Pharmacy Co Ltd,Ibuprofen,601,1,70,B3290,0,S146,-1.312182478
8/1/2017,Buea,Mont Zion Pharmacy,Amodiaquine,759,1,57,B1609,0,S411,1.201014761
8/1/2017,Buea,Winners Pharmacy,Amoxicillin,1452,1,59,B9071,1,S218,0.282946185
8/1/2017,Buea,Amazing Pharmacy Co Ltd,Ciprofloxacin,1955,1,51,B2592,,S340,0.398449123
8/1/2017,Buea,Mont Zion Pharmacy,Metronidazole,1620,0,41,B9807,0,S238,-0.828397455
8/1/2017,Buea,Winners Pharmacy,Trimethoprim-Sulfamethoxazole,1242,1,47,B7367,0,S564,1.142699916
8/1/2017,Buea,Amazing Pharmacy Co Ltd,Paracetamol,341,1,51,B7078,0,S786,-1.732544024
8/1/2017,Buea,Mont Zion Pharmacy,Ibuprofen,510,1,66,B9850,0,S529,-1.621394156
8/1/2017,Buea,Winners Pharmacy,Amodiaquine,822,1,51,B3531,0,S524,0.433749221
9/1/2017,Buea,Amazing Pharmacy Co Ltd,Amoxicillin,1331,1,41,B2622,0,S953,-1.847408385
9/1/2017,Buea,Mont Zion Pharmacy,Ciprofloxacin,1721,1,50,B9017,1,S730,0.119556925
9/1/2017,Buea,Winners Pharmacy,Metronidazole,1710,1,64,B7686,1,S386,0.852595803
9/1/2017,Buea,Amazing Pharmacy Co Ltd,Trimethoprim-Sulfamethoxazole,1084,1,50,B1536,1,S806,2.12056812
9/1/2017,Buea,Mont Zion Pharmacy,Paracetamol,368,1,52,B7070,0,S322,1.558798069
9/1/2017,Buea,Winners Pharmacy,Ibuprofen,622,1,51,B8264,1,S555,-0.43874592
9/1/2017,Buea,Amazing Pharmacy Co Ltd,Amodiaquine,723,1,70,B4868,0,S975,-0.725096721
9/1/2017,Buea,Mont Zion Pharmacy,Amoxicillin,1178,1,42,B6942,1,S201,0.200014851
9/1/2017,Buea,Winners Pharmacy,Ciprofloxacin,1946,1,57,B7018,0,S657,-0.107354791
9/1/2017,Buea,Amazing Pharmacy Co Ltd,Metronidazole,1700,0,53,B6876,,S162,0.999419033
9/1/2017,Buea,Mont Zion Pharmacy,Trimethoprim-Sulfamethoxazole,1183,1,45,B7523,1,S382,-0.276635869
9/1/2017,Buea,Winners Pharmacy,Paracetamol,307,1,41,B4109,0,S225,0.450891375
9/1/2017,Buea,Amazing Pharmacy Co Ltd,Ibuprofen,515,1,56,B8450,0,S193,0.559700472
9/1/2017,Buea,Mont Zion Pharmacy,Amodiaquine,735,1,83,B4475,,S757,0.187538784
9/1/2017,Buea,Winners Pharmacy,Amoxicillin,1295,1,41,B1349,0,S151,0.022203935
9/1/2017,Buea,Amazing Pharmacy Co Ltd,Ciprofloxacin,1896,1,48,B6464,1,S349,-1.460924939
9/1/2017,Buea,Mont Zion Pharmacy,Metronidazole,1624,1,45,B3063,,S905,1.341431975
9/1/2017,Buea,Winners Pharmacy,Trimethoprim-Sulfamethoxazole,1239,,58,B4362,0,S170,-0.692754858
9/1/2017,Buea,Amazing Pharmacy Co Ltd,Paracetamol,319,1,36,B4394,1,S700,0.990238454
9/1/2017,Buea,Mont Zion Pharmacy,Ibuprofen,616,0,46,B4538,0,S932,-0.586965687
9/1/2017,Buea,Winners Pharmacy,Amodiaquine,700,1,80,B4817,0,S436,-1.046354873
10/1/2017,Buea,Amazing Pharmacy Co Ltd,Amoxicillin,1264,1,46,B3417,0,S907,0.029102708
10/1/2017,Buea,Mont Zion Pharmacy,Ciprofloxacin,2259,1,46,B1046,0,S383,0.8455261
10/1/2017,Buea,Winners Pharmacy,Metronidazole,1551,1,59,B3370,0,S233,1.151219641
10/1/2017,Buea,Amazing Pharmacy Co Ltd,Trimethoprim-Sulfamethoxazole,1105,1,58,B9850,0,S356,-1.344649027
10/1/2017,Buea,Mont Zion Pharmacy,Paracetamol,355,1,50,B3858,0,S212,0.211600381
10/1/2017,Buea,Winners Pharmacy,Ibuprofen,609,0,54,B1422,0,S234,-0.978322208
10/1/2017,Buea,Amazing Pharmacy Co Ltd,Amodiaquine,864,1,81,B1243,0,S466,1.406780856
10/1/2017,Buea,Mont Zion Pharmacy,Amoxicillin,1163,1,53,B4898,,S702,0.996524634
10/1/2017,Buea,Winners Pharmacy,Ciprofloxacin,1942,1,41,B6304,,S116,-0.729664624
10/1/2017,Buea,Amazing Pharmacy Co Ltd,Metronidazole,1607,1,47,B3854,0,S371,0.015227021
10/1/2017,Buea,Mont Zion Pharmacy,Trimethoprim-Sulfamethoxazole,1115,1,44,B1858,0,S229,1.047851131
10/1/2017,Buea,Winners Pharmacy,Paracetamol,326,1,48,B7897,0,S638,-0.995403603
10/1/2017,Buea,Amazing Pharmacy Co Ltd,Ibuprofen,550,1,45,B2862,0,S863,1.827261505
10/1/2017,Buea,Mont Zion Pharmacy,Amodiaquine,800,1,90,B2041,1,S587,-1.409106928
10/1/2017,Buea,Winners Pharmacy,Amoxicillin,1145,1,55,B8344,1,S896,-0.408635913
10/1/2017,Buea,Amazing Pharmacy Co Ltd,Ciprofloxacin,2132,1,63,B6931,0,S625,-1.233497584
10/1/2017,Buea,Mont Zion Pharmacy,Metronidazole,1727,1,55,B2786,,S562,-1.489637421
10/1/2017,Buea,Winners Pharmacy,Trimethoprim-Sulfamethoxazole,1028,1,35,B9254,0,S326,-0.573930008
10/1/2017,Buea,Amazing Pharmacy Co Ltd,Paracetamol,329,0,54,B1710,0,S844,1.093237108
10/1/2017,Buea,Mont Zion Pharmacy,Ibuprofen,479,,56,B9543,0,S408,0.248273933
10/1/2017,Buea,Winners Pharmacy,Amodiaquine,889,1,86,B8504,0,S758,-1.625599367
11/1/2017,Buea,Amazing Pharmacy Co Ltd,Amoxicillin,1147,0,48,B1510,0,S162,-1.063789616
11/1/2017,Buea,Mont Zion Pharmacy,Ciprofloxacin,1851,1,37,B8847,1,S967,-0.789847439
11/1/2017,Buea,Winners Pharmacy,Metronidazole,,0,47,B7580,0,S536,-0.722268884
11/1/2017,Buea,Amazing Pharmacy Co Ltd,Trimethoprim-Sulfamethoxazole,1257,1,36,B2768,0,S602,-0.311987009
11/1/2017,Buea,Mont Zion Pharmacy,Paracetamol,302,1,56,B8267,1,S175,0.485001292
11/1/2017,Buea,Winners Pharmacy,Ibuprofen,564,1,38,B2323,0,S429,-0.467822183
11/1/2017,Buea,Amazing Pharmacy Co Ltd,Amodiaquine,705,1,59,B3430,0,S167,-0.639230561
11/1/2017,Buea,Mont Zion Pharmacy,Amoxicillin,1255,1,47,B3067,1,S381,-0.890889612
11/1/2017,Buea,Winners Pharmacy,Ciprofloxacin,2113,1,42,B9984,0,S829,0.790378525
11/1/2017,Buea,Amazing Pharmacy Co Ltd,Metronidazole,1505,1,51,B6327,0,S490,1.300526859
11/1/2017,Buea,Mont Zion Pharmacy,Trimethoprim-Sulfamethoxazole,967,1,66,B9692,1,S401,0.557304294
11/1/2017,Buea,Winners Pharmacy,Paracetamol,300,,56,B8433,0,S617,-0.134145176
11/1/2017,Buea,Amazing Pharmacy Co Ltd,Ibuprofen,600,1,47,B8048,1,S201,0.278991795
11/1/2017,Buea,Mont Zion Pharmacy,Amodiaquine,848,1,37,B2874,0,S973,0.861816803
11/1/2017,Buea,Winners Pharmacy,Amoxicillin,1281,0,41,B4522,0,S540,-0.27811923
11/1/2017,Buea,Amazing Pharmacy Co Ltd,Ciprofloxacin,1853,1,46,B8398,0,S333,-0.337188138
11/1/2017,Buea,Mont Zion Pharmacy,Metronidazole,1604,1,58,B7779,0,S447,-0.32794192
11/1/2017,Buea,Winners Pharmacy,Trimethoprim-Sulfamethoxazole,1171,1,46,B8430,1,S508,0.801080964
11/1/2017,Buea,Amazing Pharmacy Co Ltd,Paracetamol,323,1,38,B7815,1,S847,-1.061293532
11/1/2017,Buea,Mont Zion Pharmacy,Ibuprofen,526,,63,B2557,1,S420,-0.045464976
11/1/2017,Buea,Winners Pharmacy,Amodiaquine,833,1,51,B7992,0,S420,-0.470243592
12/1/2017,Buea,Amazing Pharmacy Co Ltd,Amoxicillin,1495,1,46,B5176,0,S483,-0.429063877
12/1/2017,Buea,Mont Zion Pharmacy,Ciprofloxacin,2262,0,55,B3500,1,S803,-0.240328237
12/1/2017,Buea,Winners Pharmacy,Metronidazole,1539,,48,B8770,0,S168,-1.669867667
12/1/2017,Buea,Amazing Pharmacy Co Ltd,Trimethoprim-Sulfamethoxazole,1110,1,47,B2494,0,S951,-0.541125373
12/1/2017,Buea,Mont Zion Pharmacy,Paracetamol,328,1,58,B2398,,S195,1.066870088
12/1/2017,Buea,Winners Pharmacy,Ibuprofen,576,0,55,B8075,0,S198,-0.124427323
12/1/2017,Buea,Amazing Pharmacy Co Ltd,Amodiaquine,818,1,49,B7105,0,S931,-0.569027362
12/1/2017,Buea,Mont Zion Pharmacy,Amoxicillin,1216,1,55,B3131,1,S669,-0.116510378
12/1/2017,Buea,Winners Pharmacy,Ciprofloxacin,1841,1,67,B1982,0,S700,1.664801829
12/1/2017,Buea,Amazing Pharmacy Co Ltd,Metronidazole,1681,1,54,B6400,1,S786,0.752682315
12/1/2017,Buea,Mont Zion Pharmacy,Trimethoprim-Sulfamethoxazole,1221,1,51,B3002,0,S520,-1.187465402
12/1/2017,Buea,Winners Pharmacy,Paracetamol,356,1,51,B6793,1,S994,1.008004004
12/1/2017,Buea,Amazing Pharmacy Co Ltd,Ibuprofen,572,0,48,B7929,0,S988,-0.549604585
12/1/2017,Buea,Mont Zion Pharmacy,Amodiaquine,861,0,38,B1842,1,S394,-1.208178824
12/1/2017,Buea,Winners Pharmacy,Amoxicillin,1414,1,51,B6119,1,S460,-0.251580831
12/1/2017,Buea,Amazing Pharmacy Co Ltd,Ciprofloxacin,1741,0,46,B2697,0,S691,0.588652679
12/1/2017,Buea,Mont Zion Pharmacy,Metronidazole,1774,1,63,B9313,1,S317,-0.083927255
12/1/2017,Buea,Winners Pharmacy,Trimethoprim-Sulfamethoxazole,1185,1,40,B3535,0,S772,-1.15017206
12/1/2017,Buea,Amazing Pharmacy Co Ltd,Paracetamol,322,1,56,B8900,0,S329,0.346636197
12/1/2017,Buea,Mont Zion Pharmacy,Ibuprofen,576,1,52,B2773,0,S458,-1.41229432
12/1/2017,Buea,Winners Pharmacy,Amodiaquine,847,1,43,B7022,0,S217,0.090182637
1/1/2018,Buea,Amazing Pharmacy Co Ltd,Amoxicillin,1349,1,45,B5564,,S687,0.004601087
1/1/2018,Buea,Mont Zion Pharmacy,Ciprofloxacin,1959,1,55,B4705,0,S926,0.819888154
1/1/2018,Buea,Winners Pharmacy,Metronidazole,1923,1,55,B8030,,S965,2.390766165
1/1/2018,Buea,Amazing Pharmacy Co Ltd,Trimethoprim-Sulfamethoxazole,1058,1,50,B1430,1,S723,0.377092094
1/1/2018,Buea,Mont Zion Pharmacy,Paracetamol,376,1,54,B5381,0,S129,0.118211991
1/1/2018,Buea,Winners Pharmacy,Ibuprofen,510,0,39,B3955,1,S379,-0.67419056
1/1/2018,Buea,Amazing Pharmacy Co Ltd,Amodiaquine,697,1,49,B6062,0,S447,-0.061101914
1/1/2018,Buea,Mont Zion Pharmacy,Amoxicillin,1404,1,51,B6751,1,S106,-0.552058002
1/1/2018,Buea,Winners Pharmacy,Ciprofloxacin,1982,,39,B3972,,S990,0.280532341
1/1/2018,Buea,Amazing Pharmacy Co Ltd,Metronidazole,1815,1,45,B3347,0,S679,1.016093522
1/1/2018,Buea,Mont Zion Pharmacy,Trimethoprim-Sulfamethoxazole,1229,0,45,B7566,1,S171,0.873628502
1/1/2018,Buea,Winners Pharmacy,Paracetamol,354,1,61,B3324,0,S858,-0.030402767
1/1/2018,Buea,Amazing Pharmacy Co Ltd,Ibuprofen,582,1,60,B1502,,S193,1.370043661
1/1/2018,Buea,Mont Zion Pharmacy,Amodiaquine,705,1,51,B9691,0,S320,-1.632877838
1/1/2018,Buea,Winners Pharmacy,Amoxicillin,1337,0,60,B7163,0,S529,-0.39614609
1/1/2018,Buea,Amazing Pharmacy Co Ltd,Ciprofloxacin,1885,1,61,B8432,0,S449,-0.767511647
1/1/2018,Buea,Mont Zion Pharmacy,Metronidazole,1562,1,56,B3578,0,S478,-0.092982792
1/1/2018,Buea,Winners Pharmacy,Trimethoprim-Sulfamethoxazole,1134,1,43,B6105,0,S838,-0.245878756
1/1/2018,Buea,Amazing Pharmacy Co Ltd,Paracetamol,336,1,61,B6314,0,S895,0.079504732
1/1/2018,Buea,Mont Zion Pharmacy,Ibuprofen,505,1,61,B2391,0,S153,0.065350596
1/1/2018,Buea,Winners Pharmacy,Amodiaquine,717,0,64,B3549,0,S261,0.558650915
2/1/2018,Buea,Amazing Pharmacy Co Ltd,Amoxicillin,1285,1,46,B1815,,S790,-0.17415061
2/1/2018,Buea,Mont Zion Pharmacy,Ciprofloxacin,1886,1,57,B2336,0,S378,-0.98040741
2/1/2018,Buea,Winners Pharmacy,Metronidazole,1954,,53,B8259,0,S777,-1.089349997
2/1/2018,Buea,Amazing Pharmacy Co Ltd,Trimethoprim-Sulfamethoxazole,1243,1,49,B7947,,S597,-0.676241208
2/1/2018,Buea,Mont Zion Pharmacy,Paracetamol,368,1,58,B8242,0,S524,-1.094364798
2/1/2018,Buea,Winners Pharmacy,Ibuprofen,528,1,44,B5475,1,S320,-1.158285996
2/1/2018,Buea,Amazing Pharmacy Co Ltd,Amodiaquine,700,1,52,B9394,0,S216,-1.6815771
2/1/2018,Buea,Mont Zion Pharmacy,Amoxicillin,1438,1,48,B6655,0,S540,-0.281802381
2/1/2018,Buea,Winners Pharmacy,Ciprofloxacin,1983,1,50,B2816,0,S390,0.098498348
2/1/2018,Buea,Amazing Pharmacy Co Ltd,Metronidazole,1863,1,59,B8972,0,S639,-0.76580998
2/1/2018,Buea,Mont Zion Pharmacy,Trimethoprim-Sulfamethoxazole,1161,1,48,B6053,0,S146,-0.0345218
2/1/2018,Buea,Winners Pharmacy,Paracetamol,349,1,60,B4612,0,S504,-0.951269393
2/1/2018,Buea,Amazing Pharmacy Co Ltd,Ibuprofen,512,1,55,B1897,1,S107,-0.603890116
2/1/2018,Buea,Mont Zion Pharmacy,Amodiaquine,725,0,50,B4349,0,S408,-0.972152398
2/1/2018,Buea,Winners Pharmacy,Amoxicillin,1250,1,32,B4460,1,S885,0.982319483
2/1/2018,Buea,Amazing Pharmacy Co Ltd,Ciprofloxacin,2041,1,52,B3248,0,S882,-0.159916023
2/1/2018,Buea,Mont Zion Pharmacy,Metronidazole,1734,0,49,B5186,0,S396,0.936504117
2/1/2018,Buea,Winners Pharmacy,Trimethoprim-Sulfamethoxazole,1091,,52,B6375,0,S222,-1.741703553
2/1/2018,Buea,Amazing Pharmacy Co Ltd,Paracetamol,388,1,50,B1126,1,S609,-0.371274713
2/1/2018,Buea,Mont Zion Pharmacy,Ibuprofen,557,1,62,B8055,0,S279,-1.704868602
2/1/2018,Buea,Winners Pharmacy,Amodiaquine,759,,38,B3116,,S489,0.073932787
3/1/2018,Buea,Amazing Pharmacy Co Ltd,Amoxicillin,1309,1,51,B9725,0,S820,-0.32046255
3/1/2018,Buea,Mont Zion Pharmacy,Ciprofloxacin,1917,1,49,B4770,,S612,0.024763538
3/1/2018,Buea,Winners Pharmacy,Metronidazole,1613,1,51,B6802,1,S173,2.511539597
3/1/2018,Buea,Amazing Pharmacy Co Ltd,Trimethoprim-Sulfamethoxazole,1055,1,51,B7505,,S982,-0.040550616
3/1/2018,Buea,Mont Zion Pharmacy,Paracetamol,354,1,47,B1693,0,S546,-0.85116314
3/1/2018,Buea,Winners Pharmacy,Ibuprofen,618,1,50,B1307,0,S570,-1.910211929
3/1/2018,Buea,Amazing Pharmacy Co Ltd,Amodiaquine,872,1,44,B2275,1,S982,-2.904464397
3/1/2018,Buea,Mont Zion Pharmacy,Amoxicillin,1557,1,51,B6129,0,S689,0.591415509
3/1/2018,Buea,Winners Pharmacy,Ciprofloxacin,2277,1,52,B8033,1,S687,-2.261291027
3/1/2018,Buea,Amazing Pharmacy Co Ltd,Metronidazole,1897,1,67,B7626,0,S826,-0.90219044
3/1/2018,Buea,Mont Zion Pharmacy,Trimethoprim-Sulfamethoxazole,1297,1,49,B7843,0,S396,0.939579412
3/1/2018,Buea,Winners Pharmacy,Paracetamol,299,1,34,B2887,0,S514,-0.900054233
3/1/2018,Buea,Amazing Pharmacy Co Ltd,Ibuprofen,571,1,46,B1341,,S432,-1.320925306
3/1/2018,Buea,Mont Zion Pharmacy,Amodiaquine,819,1,54,B3815,1,S920,-2.123683017
3/1/2018,Buea,Winners Pharmacy,Amoxicillin,1443,1,36,B8538,1,S951,-0.13905032
3/1/2018,Buea,Amazing Pharmacy Co Ltd,Ciprofloxacin,1894,1,37,B6928,0,S190,1.205095653
3/1/2018,Buea,Mont Zion Pharmacy,Metronidazole,1739,1,40,B8155,1,S964,1.649783686
3/1/2018,Buea,Winners Pharmacy,Trimethoprim-Sulfamethoxazole,1052,,47,B2734,,S349,-0.71848052
3/1/2018,Buea,Amazing Pharmacy Co Ltd,Paracetamol,373,1,44,B8138,1,S703,1.532933371
3/1/2018,Buea,Mont Zion Pharmacy,Ibuprofen,631,1,58,B7560,0,S636,0.032707756
3/1/2018,Buea,Winners Pharmacy,Amodiaquine,701,1,54,B2288,0,S505,1.046674827
4/1/2018,Buea,Amazing Pharmacy Co Ltd,Amoxicillin,1297,1,57,B6083,0,S863,0.760213496
4/1/2018,Buea,Mont Zion Pharmacy,Ciprofloxacin,2174,0,53,B6562,1,S326,0.422108593
4/1/2018,Buea,Winners Pharmacy,Metronidazole,1606,1,49,B6456,0,S897,1.556881837
4/1/2018,Buea,Amazing Pharmacy Co Ltd,Trimethoprim-Sulfamethoxazole,1167,1,53,B3754,1,S178,-1.965928994
4/1/2018,Buea,Mont Zion Pharmacy,Paracetamol,312,1,50,B9363,0,S748,-0.082860673
4/1/2018,Buea,Winners Pharmacy,Ibuprofen,512,1,54,B2868,0,S643,-0.410126245
4/1/2018,Buea,Amazing Pharmacy Co Ltd,Amodiaquine,834,1,85,B9355,0,S298,0.284475629
4/1/2018,Buea,Mont Zion Pharmacy,Amoxicillin,1385,1,38,B6724,0,S459,0.403436863
4/1/2018,Buea,Winners Pharmacy,Ciprofloxacin,2234,1,42,B3419,0,S341,-0.77171122
4/1/2018,Buea,Amazing Pharmacy Co Ltd,Metronidazole,1731,1,49,B2684,0,S249,0.425594253
4/1/2018,Buea,Mont Zion Pharmacy,Trimethoprim-Sulfamethoxazole,1006,1,40,B5193,1,S302,1.108042858
4/1/2018,Buea,Winners Pharmacy,Paracetamol,320,1,48,B3842,0,S716,-0.62335068
4/1/2018,Buea,Amazing Pharmacy Co Ltd,Ibuprofen,611,1,45,B3504,,S878,0.338384027
4/1/2018,Buea,Mont Zion Pharmacy,Amodiaquine,747,1,69,B2234,0,S281,0.763334151
4/1/2018,Buea,Winners Pharmacy,Amoxicillin,1560,0,75,B9095,0,S575,0.511326644
4/1/2018,Buea,Amazing Pharmacy Co Ltd,Ciprofloxacin,2147,,41,B8354,,S797,-0.541509
4/1/2018,Buea,Mont Zion Pharmacy,Metronidazole,1649,1,58,B6295,1,S984,-0.071646886
4/1/2018,Buea,Winners Pharmacy,Trimethoprim-Sulfamethoxazole,1121,1,49,B6179,0,S254,-0.747039321
4/1/2018,Buea,Amazing Pharmacy Co Ltd,Paracetamol,390,1,47,B8205,0,S169,0.043585598
4/1/2018,Buea,Mont Zion Pharmacy,Ibuprofen,599,1,55,B8682,1,S552,-0.321984366
4/1/2018,Buea,Winners Pharmacy,Amodiaquine,824,1,74,B5961,0,S915,0.10880371
5/1/2018,Buea,Amazing Pharmacy Co Ltd,Amoxicillin,1499,0,44,B5500,0,S705,0.310858191
5/1/2018,Buea,Mont Zion Pharmacy,Ciprofloxacin,1879,1,57,B1920,0,S460,-1.578675202
5/1/2018,Buea,Winners Pharmacy,Metronidazole,1686,1,47,B9312,0,S175,-1.273717401
5/1/2018,Buea,Amazing Pharmacy Co Ltd,Trimethoprim-Sulfamethoxazole,1043,1,43,B6085,0,S572,0.335021296
5/1/2018,Buea,Mont Zion Pharmacy,Paracetamol,296,0,34,B8404,0,S138,1.094671636
5/1/2018,Buea,Winners Pharmacy,Ibuprofen,535,1,53,B1932,0,S477,-1.708654247
5/1/2018,Buea,Amazing Pharmacy Co Ltd,Amodiaquine,734,1,71,B5703,0,S178,-1.146400307
5/1/2018,Buea,Mont Zion Pharmacy,Amoxicillin,1219,1,57,B2479,0,S729,0.465773318
5/1/2018,Buea,Winners Pharmacy,Ciprofloxacin,2180,1,58,B9307,0,S493,0.89861784
5/1/2018,Buea,Amazing Pharmacy Co Ltd,Metronidazole,1626,1,67,B8581,1,S694,-1.368363092
5/1/2018,Buea,Mont Zion Pharmacy,Trimethoprim-Sulfamethoxazole,1214,1,42,B1672,,S560,-0.46083234
5/1/2018,Buea,Winners Pharmacy,Paracetamol,369,1,50,B4084,0,S429,-0.373429695
5/1/2018,Buea,Amazing Pharmacy Co Ltd,Ibuprofen,529,1,42,B8792,0,S613,-0.507733303
5/1/2018,Buea,Mont Zion Pharmacy,Amodiaquine,780,1,70,B3471,1,S163,-1.859413326
5/1/2018,Buea,Winners Pharmacy,Amoxicillin,1536,1,45,B8381,0,S205,-0.049204916
5/1/2018,Buea,Amazing Pharmacy Co Ltd,Ciprofloxacin,2322,1,54,B6626,0,S831,0.489083878
5/1/2018,Buea,Mont Zion Pharmacy,Metronidazole,1517,1,41,B2381,0,S616,-1.14355946
5/1/2018,Buea,Winners Pharmacy,Trimethoprim-Sulfamethoxazole,1013,1,57,B3827,0,S140,0.541645688
5/1/2018,Buea,Amazing Pharmacy Co Ltd,Paracetamol,361,1,54,B5059,1,S824,0.972617643
5/1/2018,Buea,Mont Zion Pharmacy,Ibuprofen,584,1,42,B8172,,S549,-0.110535597
5/1/2018,Buea,Winners Pharmacy,Amodiaquine,912,1,80,B9586,1,S635,0.127092749
6/1/2018,Buea,Amazing Pharmacy Co Ltd,Amoxicillin,1327,1,53,B3600,0,S472,0.086970218
6/1/2018,Buea,Mont Zion Pharmacy,Ciprofloxacin,2214,1,55,B7108,1,S389,0.232871308
6/1/2018,Buea,Winners Pharmacy,Metronidazole,1825,1,45,B7347,0,S518,0.720772085
6/1/2018,Buea,Amazing Pharmacy Co Ltd,Trimethoprim-Sulfamethoxazole,1186,1,41,B6543,0,S795,1.628938226
6/1/2018,Buea,Mont Zion Pharmacy,Paracetamol,305,,45,B1857,1,S908,-1.607894806
6/1/2018,Buea,Winners Pharmacy,Ibuprofen,534,1,62,B6482,1,S167,-0.506602808
6/1/2018,Buea,Amazing Pharmacy Co Ltd,Amodiaquine,710,1,69,B6401,1,S196,-0.849329486
6/1/2018,Buea,Mont Zion Pharmacy,Amoxicillin,1311,,48,B7333,0,S390,-0.338684324
6/1/2018,Buea,Winners Pharmacy,Ciprofloxacin,1799,0,40,B5128,0,S841,-0.172144274
6/1/2018,Buea,Amazing Pharmacy Co Ltd,Metronidazole,1885,1,49,B3463,1,S441,1.364081937
6/1/2018,Buea,Mont Zion Pharmacy,Trimethoprim-Sulfamethoxazole,1004,,47,B2335,0,S696,-1.378803305
6/1/2018,Buea,Winners Pharmacy,Paracetamol,374,1,49,B3317,0,S458,1.729885399
6/1/2018,Buea,Amazing Pharmacy Co Ltd,Ibuprofen,594,1,48,B6082,1,S771,-1.477014863
6/1/2018,Buea,Mont Zion Pharmacy,Amodiaquine,887,1,68,B7421,0,S232,-1.253457613
6/1/2018,Buea,Winners Pharmacy,Amoxicillin,1554,1,58,B2388,0,S417,0.022450412
6/1/2018,Buea,Amazing Pharmacy Co Ltd,Ciprofloxacin,1850,1,52,B7171,1,S758,1.654754359
6/1/2018,Buea,Mont Zion Pharmacy,Metronidazole,1689,0,55,B6381,0,S932,-0.586672774
6/1/2018,Buea,Winners Pharmacy,Trimethoprim-Sulfamethoxazole,1050,0,44,B3093,0,S786,0.600118951
6/1/2018,Buea,Amazing Pharmacy Co Ltd,Paracetamol,360,1,49,B9624,0,S195,-0.395215002
6/1/2018,Buea,Mont Zion Pharmacy,Ibuprofen,549,0,50,B7937,0,S620,1.748575914
6/1/2018,Buea,Winners Pharmacy,Amodiaquine,821,1,75,B6928,1,S118,-0.390731914
7/1/2018,Buea,Amazing Pharmacy Co Ltd,Amoxicillin,1536,1,51,B6940,1,S416,-0.799629824
7/1/2018,Buea,Mont Zion Pharmacy,Ciprofloxacin,2132,1,49,B3953,1,S319,-0.247713843
7/1/2018,Buea,Winners Pharmacy,Metronidazole,1671,1,63,B6598,0,S884,-1.234845714
7/1/2018,Buea,Amazing Pharmacy Co Ltd,Trimethoprim-Sulfamethoxazole,1173,1,42,B8967,0,S296,0.957554719
7/1/2018,Buea,Mont Zion Pharmacy,Paracetamol,371,0,64,B4711,1,S240,-1.174074132
7/1/2018,Buea,Winners Pharmacy,Ibuprofen,652,1,57,B3538,1,S179,-0.788671931
7/1/2018,Buea,Amazing Pharmacy Co Ltd,Amodiaquine,741,1,45,B5846,1,S964,-1.271411182
7/1/2018,Buea,Mont Zion Pharmacy,Amoxicillin,1180,1,54,B2657,1,S619,-1.247292645
7/1/2018,Buea,Winners Pharmacy,Ciprofloxacin,2231,1,52,B9843,0,S955,1.285385279
7/1/2018,Buea,Amazing Pharmacy Co Ltd,Metronidazole,1869,1,48,B9626,0,S138,-0.625580638
7/1/2018,Buea,Mont Zion Pharmacy,Trimethoprim-Sulfamethoxazole,1139,0,43,B6517,1,S997,0.126412829
7/1/2018,Buea,Winners Pharmacy,Paracetamol,351,,63,B3147,1,S711,-1.177611008
7/1/2018,Buea,Amazing Pharmacy Co Ltd,Ibuprofen,514,0,75,B7172,1,S257,-2.033000736
7/1/2018,Buea,Mont Zion Pharmacy,Amodiaquine,801,1,37,B3658,0,S285,2.112349709
7/1/2018,Buea,Winners Pharmacy,Amoxicillin,1368,1,41,B3712,0,S838,-1.084070485
7/1/2018,Buea,Amazing Pharmacy Co Ltd,Ciprofloxacin,2332,1,50,B8170,1,S144,0.357722769
7/1/2018,Buea,Mont Zion Pharmacy,Metronidazole,1866,1,50,B7731,1,S473,1.998871736
7/1/2018,Buea,Winners Pharmacy,Trimethoprim-Sulfamethoxazole,1010,0,48,B4891,1,S554,2.027739693
7/1/2018,Buea,Amazing Pharmacy Co Ltd,Paracetamol,303,1,54,B5668,0,S870,0.250692416
7/1/2018,Buea,Mont Zion Pharmacy,Ibuprofen,549,1,67,B8355,1,S339,-0.811974152
7/1/2018,Buea,Winners Pharmacy,Amodiaquine,,0,59,B9749,0,S344,-0.199982899
8/1/2018,Buea,Amazing Pharmacy Co Ltd,Amoxicillin,1240,1,54,B6070,0,S928,-1.029166911
8/1/2018,Buea,Mont Zion Pharmacy,Ciprofloxacin,2245,,64,B8684,0,S955,1.078533546
8/1/2018,Buea,Winners Pharmacy,Metronidazole,1713,0,49,B4178,0,S476,-0.32773715
8/1/2018,Buea,Amazing Pharmacy Co Ltd,Trimethoprim-Sulfamethoxazole,1113,1,46,B8218,1,S572,-0.066890942
8/1/2018,Buea,Mont Zion Pharmacy,Paracetamol,327,0,49,B5616,0,S896,1.454656479
8/1/2018,Buea,Winners Pharmacy,Ibuprofen,518,1,59,B7256,0,S614,2.149553264
8/1/2018,Buea,Amazing Pharmacy Co Ltd,Amodiaquine,768,1,49,B9641,1,S528,1.833484577
8/1/2018,Buea,Mont Zion Pharmacy,Amoxicillin,1273,1,49,B3655,0,S936,-0.056940459
8/1/2018,Buea,Winners Pharmacy,Ciprofloxacin,2222,1,47,B4271,0,S920,-0.336338354
8/1/2018,Buea,Amazing Pharmacy Co Ltd,Metronidazole,1497,0,59,B3267,0,S993,-0.939702598
8/1/2018,Buea,Mont Zion Pharmacy,Trimethoprim-Sulfamethoxazole,1277,1,40,B5096,1,S153,1.157553192
8/1/2018,Buea,Winners Pharmacy,Paracetamol,314,1,57,B8873,1,S995,1.006595715
8/1/2018,Buea,Amazing Pharmacy Co Ltd,Ibuprofen,652,1,54,B7081,1,S667,1.28213574
8/1/2018,Buea,Mont Zion Pharmacy,Amodiaquine,688,1,56,B2680,1,S828,-0.834720309
8/1/2018,Buea,Winners Pharmacy,Amoxicillin,1474,1,51,B9452,1,S971,-1.449150523
8/1/2018,Buea,Amazing Pharmacy Co Ltd,Ciprofloxacin,2007,0,63,B3042,0,S391,-0.812361894
8/1/2018,Buea,Mont Zion Pharmacy,Metronidazole,1901,1,56,B2374,0,S881,-0.286969637
8/1/2018,Buea,Winners Pharmacy,Trimethoprim-Sulfamethoxazole,1185,1,65,B3626,1,S379,-0.677190238
8/1/2018,Buea,Amazing Pharmacy Co Ltd,Paracetamol,376,1,51,B8361,0,S625,0.415550741
8/1/2018,Buea,Mont Zion Pharmacy,Ibuprofen,532,,60,B3414,1,S950,-0.534240272
8/1/2018,Buea,Winners Pharmacy,Amodiaquine,878,1,50,B8167,1,S193,0.150910964
9/1/2018,Buea,Amazing Pharmacy Co Ltd,Amoxicillin,1255,1,46,B4637,1,S936,0.584131485
9/1/2018,Buea,Mont Zion Pharmacy,Ciprofloxacin,1941,1,41,B8391,0,S457,0.613866346
9/1/2018,Buea,Winners Pharmacy,Metronidazole,1855,1,64,B1436,1,S524,-0.424722216
9/1/2018,Buea,Amazing Pharmacy Co Ltd,Trimethoprim-Sulfamethoxazole,1005,0,54,B1872,0,S505,0.499966692
9/1/2018,Buea,Mont Zion Pharmacy,Paracetamol,303,1,65,B9224,0,S482,-0.005104576
9/1/2018,Buea,Winners Pharmacy,Ibuprofen,511,1,48,B4862,0,S495,-0.657413794
9/1/2018,Buea,Amazing Pharmacy Co Ltd,Amodiaquine,722,1,72,B2337,0,S483,-0.901495107
9/1/2018,Buea,Mont Zion Pharmacy,Amoxicillin,1321,1,39,B4678,,S128,0.603373173
9/1/2018,Buea,Winners Pharmacy,Ciprofloxacin,2225,0,48,B6221,0,S201,-0.421477747
9/1/2018,Buea,Amazing Pharmacy Co Ltd,Metronidazole,1885,0,53,B6493,0,S910,-1.131042374
9/1/2018,Buea,Mont Zion Pharmacy,Trimethoprim-Sulfamethoxazole,1282,1,39,B3392,0,S240,-1.138058319
9/1/2018,Buea,Winners Pharmacy,Paracetamol,373,1,55,B1627,1,S393,0.364479728
9/1/2018,Buea,Amazing Pharmacy Co Ltd,Ibuprofen,546,1,51,B8740,0,S812,-0.367317647
9/1/2018,Buea,Mont Zion Pharmacy,Amodiaquine,882,,85,B3273,1,S877,-0.275389959
9/1/2018,Buea,Winners Pharmacy,Amoxicillin,1296,0,53,B8685,1,S559,2.205529568
9/1/2018,Buea,Amazing Pharmacy Co Ltd,Ciprofloxacin,2150,0,45,B1086,1,S181,1.199336781
9/1/2018,Buea,Mont Zion Pharmacy,Metronidazole,1877,1,51,B1311,1,S362,1.058780673
9/1/2018,Buea,Winners Pharmacy,Trimethoprim-Sulfamethoxazole,,,41,B4533,0,S955,0.198131651
9/1/2018,Buea,Amazing Pharmacy Co Ltd,Paracetamol,379,1,60,B3449,0,S661,1.033805376
9/1/2018,Buea,Mont Zion Pharmacy,Ibuprofen,563,1,50,B9647,0,S533,-0.688735718
9/1/2018,Buea,Winners Pharmacy,Amodiaquine,773,0,72,B2821,0,S894,2.043025802
10/1/2018,Buea,Amazing Pharmacy Co Ltd,Amoxicillin,1283,1,55,B5720,1,S343,0.290246566
10/1/2018,Buea,Mont Zion Pharmacy,Ciprofloxacin,2130,1,50,B5934,1,S224,-0.87745474
10/1/2018,Buea,Winners Pharmacy,Metronidazole,1497,1,51,B1782,0,S344,-2.404549526
10/1/2018,Buea,Amazing Pharmacy Co Ltd,Trimethoprim-Sulfamethoxazole,1036,1,43,B7878,1,S754,1.344318208
10/1/2018,Buea,Mont Zion Pharmacy,Paracetamol,375,1,48,B8489,,S164,1.293259277
10/1/2018,Buea,Winners Pharmacy,Ibuprofen,588,1,54,B2816,1,S956,0.787322506
10/1/2018,Buea,Amazing Pharmacy Co Ltd,Amodiaquine,908,0,76,B9189,0,S711,0.129539639
10/1/2018,Buea,Mont Zion Pharmacy,Amoxicillin,1203,1,49,B9782,0,S116,-1.826185849
10/1/2018,Buea,Winners Pharmacy,Ciprofloxacin,1862,1,50,B9443,0,S688,1.047351742
10/1/2018,Buea,Amazing Pharmacy Co Ltd,Metronidazole,1930,1,62,B4963,0,S835,0.232486618
10/1/2018,Buea,Mont Zion Pharmacy,Trimethoprim-Sulfamethoxazole,1154,1,49,B3352,0,S398,0.901496533
10/1/2018,Buea,Winners Pharmacy,Paracetamol,322,1,51,B8032,0,S101,-0.014686414
10/1/2018,Buea,Amazing Pharmacy Co Ltd,Ibuprofen,544,1,49,B6780,0,S346,-1.801502997
10/1/2018,Buea,Mont Zion Pharmacy,Amodiaquine,733,0,86,B7825,0,S291,0.129461935
10/1/2018,Buea,Winners Pharmacy,Amoxicillin,1546,0,34,B2402,0,S636,-1.985663356
10/1/2018,Buea,Amazing Pharmacy Co Ltd,Ciprofloxacin,1883,0,48,B6908,0,S169,0.306438834
10/1/2018,Buea,Mont Zion Pharmacy,Metronidazole,1700,1,35,B9618,1,S657,0.003209868
10/1/2018,Buea,Winners Pharmacy,Trimethoprim-Sulfamethoxazole,1291,1,56,B9312,0,S905,1.543697761
10/1/2018,Buea,Amazing Pharmacy Co Ltd,Paracetamol,349,1,51,B9316,0,S667,0.08538861
10/1/2018,Buea,Mont Zion Pharmacy,Ibuprofen,534,1,50,B1333,0,S499,0.626954748
10/1/2018,Buea,Winners Pharmacy,Amodiaquine,730,1,78,B8702,0,S144,-0.2770531
11/1/2018,Buea,Amazing Pharmacy Co Ltd,Amoxicillin,1281,1,45,B7338,0,S482,0.706128549
11/1/2018,Buea,Mont Zion Pharmacy,Ciprofloxacin,2251,1,50,B5155,1,S865,1.190746116
11/1/2018,Buea,Winners Pharmacy,Metronidazole,1762,1,50,B1266,1,S465,0.645037855
11/1/2018,Buea,Amazing Pharmacy Co Ltd,Trimethoprim-Sulfamethoxazole,1106,1,48,B2106,1,S453,-0.01241322
11/1/2018,Buea,Mont Zion Pharmacy,Paracetamol,335,1,41,B4950,1,S850,-0.65031568
11/1/2018,Buea,Winners Pharmacy,Ibuprofen,504,1,49,B2698,0,S890,0.6103737
11/1/2018,Buea,Amazing Pharmacy Co Ltd,Amodiaquine,863,1,54,B6447,0,S236,0.040614087
11/1/2018,Buea,Mont Zion Pharmacy,Amoxicillin,1269,,58,B1726,1,S460,1.432586118
11/1/2018,Buea,Winners Pharmacy,Ciprofloxacin,1899,1,43,B9945,1,S446,-0.424899089
11/1/2018,Buea,Amazing Pharmacy Co Ltd,Metronidazole,1884,0,51,B3868,1,S950,1.058022388
11/1/2018,Buea,Mont Zion Pharmacy,Trimethoprim-Sulfamethoxazole,1006,0,44,B8612,0,S812,-1.222176065
11/1/2018,Buea,Winners Pharmacy,Paracetamol,373,1,70,B8840,1,S746,0.41971082
11/1/2018,Buea,Amazing Pharmacy Co Ltd,Ibuprofen,582,1,50,B3986,0,S930,2.551174253
11/1/2018,Buea,Mont Zion Pharmacy,Amodiaquine,689,1,56,B3209,1,S164,0.650222393
11/1/2018,Buea,Winners Pharmacy,Amoxicillin,1473,1,67,B8498,1,S137,-1.14885141
11/1/2018,Buea,Amazing Pharmacy Co Ltd,Ciprofloxacin,1975,1,54,B5807,0,S306,0.256079879
11/1/2018,Buea,Mont Zion Pharmacy,Metronidazole,1747,1,60,B1717,,S910,-0.787475305
11/1/2018,Buea,Winners Pharmacy,Trimethoprim-Sulfamethoxazole,1167,1,55,B4268,0,S142,-1.394355667
11/1/2018,Buea,Amazing Pharmacy Co Ltd,Paracetamol,340,1,34,B6170,0,S417,-0.89025442
11/1/2018,Buea,Mont Zion Pharmacy,Ibuprofen,630,1,55,B9444,1,S507,-1.522414694
11/1/2018,Buea,Winners Pharmacy,Amodiaquine,897,1,52,B9897,0,S584,0.105259701
12/1/2018,Buea,Amazing Pharmacy Co Ltd,Amoxicillin,1223,0,41,B5150,0,S137,1.388200939
12/1/2018,Buea,Mont Zion Pharmacy,Ciprofloxacin,2278,1,56,B4131,1,S392,-0.844328449
12/1/2018,Buea,Winners Pharmacy,Metronidazole,1654,1,50,B6848,0,S982,0.642372592
12/1/2018,Buea,Amazing Pharmacy Co Ltd,Trimethoprim-Sulfamethoxazole,1140,1,51,B1783,0,S986,0.531489688
12/1/2018,Buea,Mont Zion Pharmacy,Paracetamol,363,1,48,B6438,0,S379,1.834820145
12/1/2018,Buea,Winners Pharmacy,Ibuprofen,595,1,46,B3039,1,S918,1.581463723
12/1/2018,Buea,Amazing Pharmacy Co Ltd,Amodiaquine,868,1,50,B7029,0,S547,-0.309659812
12/1/2018,Buea,Mont Zion Pharmacy,Amoxicillin,1530,0,61,B7553,1,S861,-0.400915194
12/1/2018,Buea,Winners Pharmacy,Ciprofloxacin,1871,1,44,B8204,0,S495,0.815765165
12/1/2018,Buea,Amazing Pharmacy Co Ltd,Metronidazole,,1,46,B6554,0,S291,0.461230494
12/1/2018,Buea,Mont Zion Pharmacy,Trimethoprim-Sulfamethoxazole,1228,1,46,B9129,1,S808,0.288864947
12/1/2018,Buea,Winners Pharmacy,Paracetamol,328,1,57,B9151,1,S476,0.361025145
12/1/2018,Buea,Amazing Pharmacy Co Ltd,Ibuprofen,532,1,51,B9507,1,S373,0.968102664
12/1/2018,Buea,Mont Zion Pharmacy,Amodiaquine,885,1,46,B2353,0,S844,0.609829078
12/1/2018,Buea,Winners Pharmacy,Amoxicillin,1206,1,57,B7955,0,S180,-2.079633282
12/1/2018,Buea,Amazing Pharmacy Co Ltd,Ciprofloxacin,2097,1,55,B8055,0,S716,0.598330174
12/1/2018,Buea,Mont Zion Pharmacy,Metronidazole,1837,1,47,B3956,0,S658,-1.724916896
12/1/2018,Buea,Winners Pharmacy,Trimethoprim-Sulfamethoxazole,1285,0,51,B5813,1,S428,0.76447822
12/1/2018,Buea,Amazing Pharmacy Co Ltd,Paracetamol,375,1,59,B2680,0,S181,-0.980469535
12/1/2018,Buea,Mont Zion Pharmacy,Ibuprofen,528,1,45,B6372,0,S776,1.907297836
12/1/2018,Buea,Winners Pharmacy,Amodiaquine,707,,46,B5843,0,S413,-1.436091513
1/1/2019,Buea,Amazing Pharmacy Co Ltd,Amoxicillin,1395,1,47,B8305,,S717,0.175174949
1/1/2019,Buea,Mont Zion Pharmacy,Ciprofloxacin,2336,,54,B7981,0,S270,-0.96527634
1/1/2019,Buea,Winners Pharmacy,Metronidazole,1657,1,51,B8272,1,S459,1.225470545
1/1/2019,Buea,Amazing Pharmacy Co Ltd,Trimethoprim-Sulfamethoxazole,1200,1,45,B8325,1,S143,-0.183409987
1/1/2019,Buea,Mont Zion Pharmacy,Paracetamol,382,0,56,B6776,0,S729,-0.251973187
1/1/2019,Buea,Winners Pharmacy,Ibuprofen,552,,66,B8126,1,S381,-1.203938131
1/1/2019,Buea,Amazing Pharmacy Co Ltd,Amodiaquine,789,1,50,B1939,0,S176,0.40795691
1/1/2019,Buea,Mont Zion Pharmacy,Amoxicillin,1432,1,58,B7655,0,S472,0.355025618
1/1/2019,Buea,Winners Pharmacy,Ciprofloxacin,,1,46,B9406,1,S920,-0.236104011
1/1/2019,Buea,Amazing Pharmacy Co Ltd,Metronidazole,1746,1,49,B3621,0,S131,-0.327686541
1/1/2019,Buea,Mont Zion Pharmacy,Trimethoprim-Sulfamethoxazole,1120,1,46,B3339,1,S969,-0.111490787
1/1/2019,Buea,Winners Pharmacy,Paracetamol,316,1,70,B8179,0,S135,1.441805329
1/1/2019,Buea,Amazing Pharmacy Co Ltd,Ibuprofen,668,0,82,B3068,1,S168,0.65969977
1/1/2019,Buea,Mont Zion Pharmacy,Amodiaquine,801,1,63,B4866,,S897,-1.073178509
1/1/2019,Buea,Winners Pharmacy,Amoxicillin,1574,1,42,B7001,1,S470,-0.355116565
1/1/2019,Buea,Amazing Pharmacy Co Ltd,Ciprofloxacin,2086,1,52,B7272,,S680,-1.29963767
1/1/2019,Buea,Mont Zion Pharmacy,Metronidazole,,1,56,B1530,0,S719,0.456502335
1/1/2019,Buea,Winners Pharmacy,Trimethoprim-Sulfamethoxazole,1221,1,67,B3513,0,S795,-0.250560369
1/1/2019,Buea,Amazing Pharmacy Co Ltd,Paracetamol,342,,52,B8371,0,S479,0.208055032
1/1/2019,Buea,Mont Zion Pharmacy,Ibuprofen,561,1,69,B7095,1,S554,-0.723131298
1/1/2019,Buea,Winners Pharmacy,Amodiaquine,886,1,45,B2259,0,S687,0.683709537
2/1/2019,Buea,Amazing Pharmacy Co Ltd,Amoxicillin,1585,1,43,B3255,0,S642,-0.05324257
2/1/2019,Buea,Mont Zion Pharmacy,Ciprofloxacin,2093,0,47,B7012,0,S507,-1.456681441
2/1/2019,Buea,Winners Pharmacy,Metronidazole,1613,1,45,B6150,0,S765,-0.421594063
2/1/2019,Buea,Amazing Pharmacy Co Ltd,Trimethoprim-Sulfamethoxazole,1294,,50,B5566,1,S355,-0.697616451
2/1/2019,Buea,Mont Zion Pharmacy,Paracetamol,320,1,57,B2858,0,S126,-0.954054454
2/1/2019,Buea,Winners Pharmacy,Ibuprofen,661,1,42,B4048,0,S611,-0.101558204
2/1/2019,Buea,Amazing Pharmacy Co Ltd,Amodiaquine,858,1,54,B9482,1,S496,-0.48227221
2/1/2019,Buea,Mont Zion Pharmacy,Amoxicillin,1382,1,41,B2929,0,S368,-0.012227585
2/1/2019,Buea,Winners Pharmacy,Ciprofloxacin,2002,1,54,B5264,0,S820,1.587327654
2/1/2019,Buea,Amazing Pharmacy Co Ltd,Metronidazole,1581,1,44,B8311,0,S319,-2.619152205
2/1/2019,Buea,Mont Zion Pharmacy,Trimethoprim-Sulfamethoxazole,1010,1,57,B5678,0,S810,-1.290522727
2/1/2019,Buea,Winners Pharmacy,Paracetamol,373,1,79,B9047,,S304,-1.373889118
2/1/2019,Buea,Amazing Pharmacy Co Ltd,Ibuprofen,525,1,69,B3009,0,S238,0.967272975
2/1/2019,Buea,Mont Zion Pharmacy,Amodiaquine,752,1,52,B2213,0,S562,1.581271952
2/1/2019,Buea,Winners Pharmacy,Amoxicillin,1543,1,56,B3828,0,S830,-0.406668442
2/1/2019,Buea,Amazing Pharmacy Co Ltd,Ciprofloxacin,2380,1,46,B8292,1,S189,-0.786806657
2/1/2019,Buea,Mont Zion Pharmacy,Metronidazole,1554,1,63,B6236,,S783,-0.784496072
2/1/2019,Buea,Winners Pharmacy,Trimethoprim-Sulfamethoxazole,1124,1,52,B6692,0,S826,-0.685250548
2/1/2019,Buea,Amazing Pharmacy Co Ltd,Paracetamol,340,1,61,B2063,1,S663,1.223931818
2/1/2019,Buea,Mont Zion Pharmacy,Ibuprofen,546,1,68,B9882,0,S397,-0.383214837
2/1/2019,Buea,Winners Pharmacy,Amodiaquine,724,1,47,B5914,0,S971,0.541737648
3/1/2019,Buea,Amazing Pharmacy Co Ltd,Amoxicillin,1597,1,57,B3580,1,S828,-0.028551985
3/1/2019,Buea,Mont Zion Pharmacy,Ciprofloxacin,1906,1,53,B3852,0,S912,0.118679084
3/1/2019,Buea,Winners Pharmacy,Metronidazole,1737,1,58,B6922,0,S620,1.12624618
3/1/2019,Buea,Amazing Pharmacy Co Ltd,Trimethoprim-Sulfamethoxazole,1141,0,53,B4673,0,S224,0.648943606
3/1/2019,Buea,Mont Zion Pharmacy,Paracetamol,376,1,50,B4292,,S911,-1.839401584
3/1/2019,Buea,Winners Pharmacy,Ibuprofen,,0,57,B3275,,S342,-3.120544023
3/1/2019,Buea,Amazing Pharmacy Co Ltd,Amodiaquine,,1,50,B9094,1,S126,-0.428674797
3/1/2019,Buea,Mont Zion Pharmacy,Amoxicillin,1410,1,42,B6912,0,S667,0.092930234
3/1/2019,Buea,Winners Pharmacy,Ciprofloxacin,2191,1,37,B7044,0,S578,0.840356824
3/1/2019,Buea,Amazing Pharmacy Co Ltd,Metronidazole,1884,1,46,B3126,0,S726,2.036156186
3/1/2019,Buea,Mont Zion Pharmacy,Trimethoprim-Sulfamethoxazole,1226,1,52,B2412,1,S167,0.224417208
3/1/2019,Buea,Winners Pharmacy,Paracetamol,315,0,47,B6067,1,S507,0.501791168
3/1/2019,Buea,Amazing Pharmacy Co Ltd,Ibuprofen,544,1,60,B8842,,S638,-1.443557034
3/1/2019,Buea,Mont Zion Pharmacy,Amodiaquine,721,1,60,B7730,,S887,0.686875223
3/1/2019,Buea,Winners Pharmacy,Amoxicillin,1374,0,43,B7708,0,S943,0.183799373
3/1/2019,Buea,Amazing Pharmacy Co Ltd,Ciprofloxacin,2160,1,61,B2208,0,S228,-0.414389792
3/1/2019,Buea,Mont Zion Pharmacy,Metronidazole,1719,1,50,B6194,0,S757,-0.084859045
3/1/2019,Buea,Winners Pharmacy,Trimethoprim-Sulfamethoxazole,1163,1,54,B2215,0,S560,0.173801165
3/1/2019,Buea,Amazing Pharmacy Co Ltd,Paracetamol,390,1,53,B8632,,S796,0.351406669
3/1/2019,Buea,Mont Zion Pharmacy,Ibuprofen,,1,63,B9476,1,S452,-0.4700715
3/1/2019,Buea,Winners Pharmacy,Amodiaquine,810,1,52,B3102,,S999,-0.319490071
4/1/2019,Buea,Amazing Pharmacy Co Ltd,Amoxicillin,1541,1,50,B3981,0,S886,0.542873348
4/1/2019,Buea,Mont Zion Pharmacy,Ciprofloxacin,2256,1,48,B3114,0,S543,-1.681728535
4/1/2019,Buea,Winners Pharmacy,Metronidazole,1634,1,50,B9238,0,S989,-0.29550229
4/1/2019,Buea,Amazing Pharmacy Co Ltd,Trimethoprim-Sulfamethoxazole,1041,1,56,B1907,1,S951,1.385486341
4/1/2019,Buea,Mont Zion Pharmacy,Paracetamol,380,1,52,B3034,0,S630,-0.44737325
4/1/2019,Buea,Winners Pharmacy,Ibuprofen,598,1,50,B3507,0,S411,-1.084243754
4/1/2019,Buea,Amazing Pharmacy Co Ltd,Amodiaquine,886,1,91,B3697,1,S265,0.122732162
4/1/2019,Buea,Mont Zion Pharmacy,Amoxicillin,,1,43,B6286,0,S826,-0.21106867
4/1/2019,Buea,Winners Pharmacy,Ciprofloxacin,1918,1,45,B4694,0,S454,1.423754075
4/1/2019,Buea,Amazing Pharmacy Co Ltd,Metronidazole,1797,1,44,B9501,0,S390,-0.162282447
4/1/2019,Buea,Mont Zion Pharmacy,Trimethoprim-Sulfamethoxazole,1157,1,47,B2292,0,S356,-0.025347275
4/1/2019,Buea,Winners Pharmacy,Paracetamol,369,0,49,B4216,1,S750,-1.803317254
4/1/2019,Buea,Amazing Pharmacy Co Ltd,Ibuprofen,512,1,54,B5496,0,S228,0.267231951
4/1/2019,Buea,Mont Zion Pharmacy,Amodiaquine,906,0,89,B5961,0,S729,-0.627442835
4/1/2019,Buea,Winners Pharmacy,Amoxicillin,1227,1,55,B9740,1,S195,0.073058192
4/1/2019,Buea,Amazing Pharmacy Co Ltd,Ciprofloxacin,2220,1,38,B9234,0,S756,-1.368074109
4/1/2019,Buea,Mont Zion Pharmacy,Metronidazole,1998,1,53,B3762,0,S706,-1.106474556
4/1/2019,Buea,Winners Pharmacy,Trimethoprim-Sulfamethoxazole,1109,1,39,B3526,0,S275,-1.24574245
4/1/2019,Buea,Amazing Pharmacy Co Ltd,Paracetamol,353,0,51,B6531,0,S962,0.52251007
4/1/2019,Buea,Mont Zion Pharmacy,Ibuprofen,625,1,38,B1674,1,S945,-2.269497864
4/1/2019,Buea,Winners Pharmacy,Amodiaquine,856,1,64,B1464,0,S183,-0.209316617
5/1/2019,Buea,Amazing Pharmacy Co Ltd,Amoxicillin,1226,1,46,B1744,,S756,-1.904935777
5/1/2019,Buea,Mont Zion Pharmacy,Ciprofloxacin,2034,1,49,B5336,0,S766,0.257533153
5/1/2019,Buea,Winners Pharmacy,Metronidazole,1755,1,54,B4453,1,S885,-0.784829903
5/1/2019,Buea,Amazing Pharmacy Co Ltd,Trimethoprim-Sulfamethoxazole,1201,1,64,B7825,1,S732,0.601257962
5/1/2019,Buea,Mont Zion Pharmacy,Paracetamol,307,1,45,B1496,,S609,1.598426455
5/1/2019,Buea,Winners Pharmacy,Ibuprofen,586,1,50,B9938,0,S396,-0.855206382
5/1/2019,Buea,Amazing Pharmacy Co Ltd,Amodiaquine,872,1,93,B5949,0,S594,-1.256647251
5/1/2019,Buea,Mont Zion Pharmacy,Amoxicillin,1516,1,43,B5012,0,S924,0.168513402
5/1/2019,Buea,Winners Pharmacy,Ciprofloxacin,2141,1,58,B7653,0,S404,-1.291039575
5/1/2019,Buea,Amazing Pharmacy Co Ltd,Metronidazole,1966,1,54,B8430,0,S174,0.32856985
5/1/2019,Buea,Mont Zion Pharmacy,Trimethoprim-Sulfamethoxazole,1049,1,38,B1981,0,S261,-0.141620983
5/1/2019,Buea,Winners Pharmacy,Paracetamol,320,1,54,B8202,,S525,-0.842905564
5/1/2019,Buea,Amazing Pharmacy Co Ltd,Ibuprofen,552,1,48,B8933,0,S575,-1.764448172
5/1/2019,Buea,Mont Zion Pharmacy,Amodiaquine,720,1,80,B4342,0,S448,0.291006862
5/1/2019,Buea,Winners Pharmacy,Amoxicillin,1440,1,48,B3353,0,S420,-1.456587973
5/1/2019,Buea,Amazing Pharmacy Co Ltd,Ciprofloxacin,2085,1,45,B6231,0,S851,1.865844552
5/1/2019,Buea,Mont Zion Pharmacy,Metronidazole,1666,1,43,B6658,1,S508,-0.906807726
5/1/2019,Buea,Winners Pharmacy,Trimethoprim-Sulfamethoxazole,1148,1,49,B3142,0,S878,1.572306256
5/1/2019,Buea,Amazing Pharmacy Co Ltd,Paracetamol,369,1,53,B7070,1,S627,-0.158651183
5/1/2019,Buea,Mont Zion Pharmacy,Ibuprofen,542,1,45,B2739,1,S426,0.217579536
5/1/2019,Buea,Winners Pharmacy,Amodiaquine,737,1,79,B4960,0,S577,0.783967651
6/1/2019,Buea,Amazing Pharmacy Co Ltd,Amoxicillin,1256,1,51,B3007,0,S373,-1.268143652
6/1/2019,Buea,Mont Zion Pharmacy,Ciprofloxacin,2341,1,48,B8366,0,S353,0.713172365
6/1/2019,Buea,Winners Pharmacy,Metronidazole,1698,0,47,B3308,0,S199,-0.228735026
6/1/2019,Buea,Amazing Pharmacy Co Ltd,Trimethoprim-Sulfamethoxazole,1214,1,46,B1829,0,S397,-2.49784712
6/1/2019,Buea,Mont Zion Pharmacy,Paracetamol,353,0,53,B7293,0,S984,0.312996305
6/1/2019,Buea,Winners Pharmacy,Ibuprofen,562,1,41,B7850,0,S354,-0.784876246
6/1/2019,Buea,Amazing Pharmacy Co Ltd,Amodiaquine,932,1,77,B3616,0,S933,1.772691661
6/1/2019,Buea,Mont Zion Pharmacy,Amoxicillin,1345,1,51,B6364,1,S691,-0.398506918
6/1/2019,Buea,Winners Pharmacy,Ciprofloxacin,2219,1,51,B6123,1,S294,0.486171241
6/1/2019,Buea,Amazing Pharmacy Co Ltd,Metronidazole,1793,1,65,B3610,0,S610,0.253706719
6/1/2019,Buea,Mont Zion Pharmacy,Trimethoprim-Sulfamethoxazole,1284,1,45,B9433,1,S578,-0.897254927
6/1/2019,Buea,Winners Pharmacy,Paracetamol,340,1,50,B9171,0,S415,1.357461366
6/1/2019,Buea,Amazing Pharmacy Co Ltd,Ibuprofen,596,1,53,B9148,1,S123,1.791670711
6/1/2019,Buea,Mont Zion Pharmacy,Amodiaquine,758,1,75,B2475,0,S502,-1.098654963
6/1/2019,Buea,Winners Pharmacy,Amoxicillin,1368,1,43,B9281,,S568,-1.71717667
6/1/2019,Buea,Amazing Pharmacy Co Ltd,Ciprofloxacin,1915,1,44,B4944,,S320,1.734433092
6/1/2019,Buea,Mont Zion Pharmacy,Metronidazole,1746,1,53,B6781,0,S149,-0.975240925
6/1/2019,Buea,Winners Pharmacy,Trimethoprim-Sulfamethoxazole,1186,1,57,B1828,1,S388,0.0025023
6/1/2019,Buea,Amazing Pharmacy Co Ltd,Paracetamol,393,0,62,B9108,1,S711,1.809066749
6/1/2019,Buea,Mont Zion Pharmacy,Ibuprofen,566,1,51,B8710,1,S392,0.292951834
6/1/2019,Buea,Winners Pharmacy,Amodiaquine,874,1,90,B9793,0,S108,-1.201588188
7/1/2019,Buea,Amazing Pharmacy Co Ltd,Amoxicillin,1210,1,40,B2761,0,S541,0.165489393
7/1/2019,Buea,Mont Zion Pharmacy,Ciprofloxacin,1859,1,43,B3194,0,S370,1.74615378
7/1/2019,Buea,Winners Pharmacy,Metronidazole,1571,1,45,B6992,0,S882,-0.284912348
7/1/2019,Buea,Amazing Pharmacy Co Ltd,Trimethoprim-Sulfamethoxazole,1233,1,43,B7606,1,S474,0.640169636
7/1/2019,Buea,Mont Zion Pharmacy,Paracetamol,334,1,52,B1741,1,S510,-1.907611807
7/1/2019,Buea,Winners Pharmacy,Ibuprofen,629,1,70,B1838,0,S683,-0.548399139
7/1/2019,Buea,Amazing Pharmacy Co Ltd,Amodiaquine,826,1,53,B4189,,S471,-0.075413181
7/1/2019,Buea,Mont Zion Pharmacy,Amoxicillin,1453,1,53,B5728,0,S175,1.658940303
7/1/2019,Buea,Winners Pharmacy,Ciprofloxacin,1848,1,46,B7329,1,S616,0.151231072
7/1/2019,Buea,Amazing Pharmacy Co Ltd,Metronidazole,1613,1,46,B8378,1,S882,1.963085885
7/1/2019,Buea,Mont Zion Pharmacy,Trimethoprim-Sulfamethoxazole,1033,1,57,B5582,0,S945,-0.278883637
7/1/2019,Buea,Winners Pharmacy,Paracetamol,367,1,67,B2946,1,S231,2.053140184
7/1/2019,Buea,Amazing Pharmacy Co Ltd,Ibuprofen,612,1,64,B2584,0,S503,0.995893416
7/1/2019,Buea,Mont Zion Pharmacy,Amodiaquine,830,1,50,B7114,,S913,0.159608247
7/1/2019,Buea,Winners Pharmacy,Amoxicillin,1239,1,51,B6555,1,S671,0.761672186
7/1/2019,Buea,Amazing Pharmacy Co Ltd,Ciprofloxacin,2003,1,46,B6990,0,S873,0.825954156
7/1/2019,Buea,Mont Zion Pharmacy,Metronidazole,1641,1,52,B3363,0,S303,-1.072058062
7/1/2019,Buea,Winners Pharmacy,Trimethoprim-Sulfamethoxazole,1101,1,53,B9341,1,S511,1.302340745
7/1/2019,Buea,Amazing Pharmacy Co Ltd,Paracetamol,358,0,66,B9193,1,S141,-1.296833847
7/1/2019,Buea,Mont Zion Pharmacy,Ibuprofen,579,1,61,B1742,0,S139,-0.657211708
7/1/2019,Buea,Winners Pharmacy,Amodiaquine,918,1,41,B3245,,S830,1.646368396
8/1/2019,Buea,Amazing Pharmacy Co Ltd,Amoxicillin,1267,0,38,B6456,1,S923,2.541619847
8/1/2019,Buea,Mont Zion Pharmacy,Ciprofloxacin,2217,1,38,B8761,0,S631,-0.344777445
8/1/2019,Buea,Winners Pharmacy,Metronidazole,1814,1,42,B8487,0,S252,-1.871970906
8/1/2019,Buea,Amazing Pharmacy Co Ltd,Trimethoprim-Sulfamethoxazole,1061,1,54,B9446,1,S243,-0.846213285
8/1/2019,Buea,Mont Zion Pharmacy,Paracetamol,391,1,71,B6373,1,S727,0.883232575
8/1/2019,Buea,Winners Pharmacy,Ibuprofen,570,1,65,B6218,1,S266,-0.823296069
8/1/2019,Buea,Amazing Pharmacy Co Ltd,Amodiaquine,875,1,50,B7438,0,S731,-0.252916773
8/1/2019,Buea,Mont Zion Pharmacy,Amoxicillin,1344,1,50,B5902,0,S707,-2.139114124
8/1/2019,Buea,Winners Pharmacy,Ciprofloxacin,2373,1,51,B6511,0,S619,-0.145937436
8/1/2019,Buea,Amazing Pharmacy Co Ltd,Metronidazole,1878,1,42,B9351,1,S645,-0.717392164
8/1/2019,Buea,Mont Zion Pharmacy,Trimethoprim-Sulfamethoxazole,1044,1,45,B9025,1,S825,-0.344586536
8/1/2019,Buea,Winners Pharmacy,Paracetamol,313,1,58,B5911,1,S586,-1.939405408
8/1/2019,Buea,Amazing Pharmacy Co Ltd,Ibuprofen,568,1,58,B1272,0,S477,0.890010127
8/1/2019,Buea,Mont Zion Pharmacy,Amodiaquine,928,1,46,B6427,1,S789,-1.343125268
8/1/2019,Buea,Winners Pharmacy,Amoxicillin,1563,1,42,B2795,0,S526,-0.395600373
8/1/2019,Buea,Amazing Pharmacy Co Ltd,Ciprofloxacin,2046,1,59,B6040,1,S915,1.315631862
8/1/2019,Buea,Mont Zion Pharmacy,Metronidazole,1822,1,58,B1436,1,S711,-0.144840877
8/1/2019,Buea,Winners Pharmacy,Trimethoprim-Sulfamethoxazole,1110,1,54,B8775,0,S371,-1.795991481
8/1/2019,Buea,Amazing Pharmacy Co Ltd,Paracetamol,326,1,50,B4728,1,S838,-1.58330559
8/1/2019,Buea,Mont Zion Pharmacy,Ibuprofen,506,,63,B1841,1,S697,-1.263769077
8/1/2019,Buea,Winners Pharmacy,Amodiaquine,708,0,58,B8871,0,S274,-1.370559042
9/1/2019,Buea,Amazing Pharmacy Co Ltd,Amoxicillin,,1,51,B9589,0,S744,2.159739261
9/1/2019,Buea,Mont Zion Pharmacy,Ciprofloxacin,2351,1,43,B7229,0,S251,-1.861484451
9/1/2019,Buea,Winners Pharmacy,Metronidazole,1588,1,50,B4968,0,S132,0.466755205
9/1/2019,Buea,Amazing Pharmacy Co Ltd,Trimethoprim-Sulfamethoxazole,1173,1,45,B2800,1,S295,0.790015409
9/1/2019,Buea,Mont Zion Pharmacy,Paracetamol,330,,57,B1310,1,S551,-0.456497298
9/1/2019,Buea,Winners Pharmacy,Ibuprofen,587,1,60,B6139,1,S528,1.284437053
9/1/2019,Buea,Amazing Pharmacy Co Ltd,Amodiaquine,706,1,68,B3481,1,S522,1.767024494
9/1/2019,Buea,Mont Zion Pharmacy,Amoxicillin,1497,0,42,B4340,1,S520,-1.064244712
9/1/2019,Buea,Winners Pharmacy,Ciprofloxacin,2331,1,59,B9221,0,S893,0.505211024
9/1/2019,Buea,Amazing Pharmacy Co Ltd,Metronidazole,1682,1,45,B8726,0,S993,1.406370405
9/1/2019,Buea,Mont Zion Pharmacy,Trimethoprim-Sulfamethoxazole,1129,1,49,B2020,,S822,-0.387249366
9/1/2019,Buea,Winners Pharmacy,Paracetamol,317,0,53,B3262,1,S631,-1.097439577
9/1/2019,Buea,Amazing Pharmacy Co Ltd,Ibuprofen,664,1,36,B4397,0,S674,2.035009109
9/1/2019,Buea,Mont Zion Pharmacy,Amodiaquine,901,0,65,B6325,0,S778,0.358206634
9/1/2019,Buea,Winners Pharmacy,Amoxicillin,1262,1,49,B8837,1,S638,-0.0777727
9/1/2019,Buea,Amazing Pharmacy Co Ltd,Ciprofloxacin,2356,0,50,B7173,0,S421,-0.45610485
9/1/2019,Buea,Mont Zion Pharmacy,Metronidazole,1881,1,54,B3837,0,S570,-0.318616242
9/1/2019,Buea,Winners Pharmacy,Trimethoprim-Sulfamethoxazole,1271,1,56,B9734,0,S450,-1.456112096
9/1/2019,Buea,Amazing Pharmacy Co Ltd,Paracetamol,368,1,44,B9950,1,S462,-0.870554356
9/1/2019,Buea,Mont Zion Pharmacy,Ibuprofen,580,1,61,B5331,0,S724,-0.67982771
9/1/2019,Buea,Winners Pharmacy,Amodiaquine,728,1,90,B8932,0,S296,0.861184538
10/1/2019,Buea,Amazing Pharmacy Co Ltd,Amoxicillin,1226,1,58,B5038,1,S385,-1.079806168
10/1/2019,Buea,Mont Zion Pharmacy,Ciprofloxacin,2224,1,56,B5890,0,S330,-0.005275597
10/1/2019,Buea,Winners Pharmacy,Metronidazole,1936,1,57,B5876,0,S889,0.975712538
10/1/2019,Buea,Amazing Pharmacy Co Ltd,Trimethoprim-Sulfamethoxazole,1286,0,44,B5735,0,S821,-1.282629432
10/1/2019,Buea,Mont Zion Pharmacy,Paracetamol,313,1,57,B4396,0,S806,0.717079037
10/1/2019,Buea,Winners Pharmacy,Ibuprofen,562,1,45,B9011,0,S424,0.299532503
10/1/2019,Buea,Amazing Pharmacy Co Ltd,Amodiaquine,713,1,86,B8861,1,S457,-0.576261929
10/1/2019,Buea,Mont Zion Pharmacy,Amoxicillin,1597,1,54,B5480,0,S394,-0.115420301
10/1/2019,Buea,Winners Pharmacy,Ciprofloxacin,,0,53,B2996,1,S687,-1.583607934
10/1/2019,Buea,Amazing Pharmacy Co Ltd,Metronidazole,1999,1,46,B9899,0,S488,1.573599639
10/1/2019,Buea,Mont Zion Pharmacy,Trimethoprim-Sulfamethoxazole,1238,1,58,B7464,0,S938,-0.575777755
10/1/2019,Buea,Winners Pharmacy,Paracetamol,340,1,50,B6654,1,S891,0.314450822
10/1/2019,Buea,Amazing Pharmacy Co Ltd,Ibuprofen,615,1,66,B3399,0,S397,-0.67759243
10/1/2019,Buea,Mont Zion Pharmacy,Amodiaquine,909,,74,B1689,0,S394,-0.256402556
10/1/2019,Buea,Winners Pharmacy,Amoxicillin,1445,0,48,B2294,0,S454,-1.337075108
10/1/2019,Buea,Amazing Pharmacy Co Ltd,Ciprofloxacin,1934,1,50,B8247,0,S771,-0.970383982
10/1/2019,Buea,Mont Zion Pharmacy,Metronidazole,1653,1,55,B5201,0,S865,1.727552043
10/1/2019,Buea,Winners Pharmacy,Trimethoprim-Sulfamethoxazole,1105,1,53,B8849,1,S319,0.73762593
10/1/2019,Buea,Amazing Pharmacy Co Ltd,Paracetamol,364,1,54,B4310,,S947,-0.705879014
10/1/2019,Buea,Mont Zion Pharmacy,Ibuprofen,595,1,45,B9824,0,S377,0.493516035
10/1/2019,Buea,Winners Pharmacy,Amodiaquine,711,1,70,B5450,1,S240,-0.137963099
11/1/2019,Buea,Amazing Pharmacy Co Ltd,Amoxicillin,1425,0,58,B2789,0,S730,0.572385232
11/1/2019,Buea,Mont Zion Pharmacy,Ciprofloxacin,2047,,48,B4920,1,S348,-0.860569789
11/1/2019,Buea,Winners Pharmacy,Metronidazole,1724,1,50,B1831,1,S785,-0.628897954
11/1/2019,Buea,Amazing Pharmacy Co Ltd,Trimethoprim-Sulfamethoxazole,1073,1,57,B9700,1,S331,1.829329664
11/1/2019,Buea,Mont Zion Pharmacy,Paracetamol,367,1,45,B4814,1,S153,-0.439699951
11/1/2019,Buea,Winners Pharmacy,Ibuprofen,661,0,50,B2641,0,S523,-0.595423203
11/1/2019,Buea,Amazing Pharmacy Co Ltd,Amodiaquine,784,1,43,B6411,0,S834,0.617063045
11/1/2019,Buea,Mont Zion Pharmacy,Amoxicillin,1236,0,43,B8739,0,S202,-1.681880355
11/1/2019,Buea,Winners Pharmacy,Ciprofloxacin,2216,1,45,B3252,0,S105,-0.326678566
11/1/2019,Buea,Amazing Pharmacy Co Ltd,Metronidazole,1895,1,47,B3587,0,S516,-0.343062543
11/1/2019,Buea,Mont Zion Pharmacy,Trimethoprim-Sulfamethoxazole,1107,0,43,B8793,0,S588,-2.063885047
11/1/2019,Buea,Winners Pharmacy,Paracetamol,315,1,52,B4267,0,S874,0.754062127
11/1/2019,Buea,Amazing Pharmacy Co Ltd,Ibuprofen,638,1,52,B5706,0,S428,0.539401988
11/1/2019,Buea,Mont Zion Pharmacy,Amodiaquine,742,1,54,B5676,0,S761,1.222798636
11/1/2019,Buea,Winners Pharmacy,Amoxicillin,1344,1,54,B1969,,S887,-1.268691977
11/1/2019,Buea,Amazing Pharmacy Co Ltd,Ciprofloxacin,2334,1,52,B2465,1,S767,1.786597024
11/1/2019,Buea,Mont Zion Pharmacy,Metronidazole,1894,1,47,B4804,0,S647,0.590004761
11/1/2019,Buea,Winners Pharmacy,Trimethoprim-Sulfamethoxazole,1257,1,50,B1611,1,S279,2.540391098
11/1/2019,Buea,Amazing Pharmacy Co Ltd,Paracetamol,336,0,46,B7846,0,S957,0.501171264
11/1/2019,Buea,Mont Zion Pharmacy,Ibuprofen,620,1,37,B3880,0,S137,0.01109522
11/1/2019,Buea,Winners Pharmacy,Amodiaquine,851,0,53,B7504,0,S906,0.878453573
12/1/2019,Buea,Amazing Pharmacy Co Ltd,Amoxicillin,1296,1,32,B9116,0,S290,-1.014374956
12/1/2019,Buea,Mont Zion Pharmacy,Ciprofloxacin,2067,1,50,B5742,1,S997,-1.553893004
12/1/2019,Buea,Winners Pharmacy,Metronidazole,1663,0,59,B1613,0,S109,1.566509127
12/1/2019,Buea,Amazing Pharmacy Co Ltd,Trimethoprim-Sulfamethoxazole,1052,1,54,B5888,1,S681,-0.139798919
12/1/2019,Buea,Mont Zion Pharmacy,Paracetamol,393,1,59,B2758,0,S443,0.121579001
12/1/2019,Buea,Winners Pharmacy,Ibuprofen,639,1,49,B5662,,S565,-2.989393021
12/1/2019,Buea,Amazing Pharmacy Co Ltd,Amodiaquine,890,1,57,B9901,0,S636,-1.089843585
12/1/2019,Buea,Mont Zion Pharmacy,Amoxicillin,1600,1,53,B9092,0,S237,-1.381432653
12/1/2019,Buea,Winners Pharmacy,Ciprofloxacin,2006,1,45,B9261,1,S579,0.220897656
12/1/2019,Buea,Amazing Pharmacy Co Ltd,Metronidazole,1922,1,41,B5470,0,S297,-0.30867741
12/1/2019,Buea,Mont Zion Pharmacy,Trimethoprim-Sulfamethoxazole,1273,1,52,B2845,0,S438,1.544984795
12/1/2019,Buea,Winners Pharmacy,Paracetamol,342,1,55,B3662,1,S848,0.401464142
12/1/2019,Buea,Amazing Pharmacy Co Ltd,Ibuprofen,575,1,50,B8518,0,S763,-1.452498397
12/1/2019,Buea,Mont Zion Pharmacy,Amodiaquine,766,1,46,B5215,0,S835,0.918031469
12/1/2019,Buea,Winners Pharmacy,Amoxicillin,1493,0,52,B4050,,S114,0.68706707
12/1/2019,Buea,Amazing Pharmacy Co Ltd,Ciprofloxacin,2116,1,63,B6523,0,S909,0.061028584
12/1/2019,Buea,Mont Zion Pharmacy,Metronidazole,1703,1,49,B5833,0,S681,-1.622465331
12/1/2019,Buea,Winners Pharmacy,Trimethoprim-Sulfamethoxazole,1053,1,51,B4164,0,S279,-0.824485306
12/1/2019,Buea,Amazing Pharmacy Co Ltd,Paracetamol,304,1,41,B7643,,S946,-0.746927693
12/1/2019,Buea,Mont Zion Pharmacy,Ibuprofen,556,1,41,B8007,1,S627,-0.314414783
12/1/2019,Buea,Winners Pharmacy,Amodiaquine,711,1,53,B6372,1,S188,-1.595567246
1/1/2020,Buea,Amazing Pharmacy Co Ltd,Amoxicillin,1513,1,48,B7567,0,S785,0.658935355
1/1/2020,Buea,Mont Zion Pharmacy,Ciprofloxacin,1934,0,54,B2562,1,S289,1.08482774
1/1/2020,Buea,Winners Pharmacy,Metronidazole,1885,0,61,B3303,,S588,-0.406091129
1/1/2020,Buea,Amazing Pharmacy Co Ltd,Trimethoprim-Sulfamethoxazole,1214,1,46,B6301,1,S354,-1.58868813
1/1/2020,Buea,Mont Zion Pharmacy,Paracetamol,356,1,65,B1111,0,S367,0.143764643
1/1/2020,Buea,Winners Pharmacy,Ibuprofen,678,1,65,B7284,0,S341,-0.084710433
1/1/2020,Buea,Amazing Pharmacy Co Ltd,Amodiaquine,780,1,42,B8319,0,S871,-1.250313583
1/1/2020,Buea,Mont Zion Pharmacy,Amoxicillin,1373,1,48,B5374,,S437,0.210815078
1/1/2020,Buea,Winners Pharmacy,Ciprofloxacin,1958,1,55,B5947,,S696,-0.871602198
1/1/2020,Buea,Amazing Pharmacy Co Ltd,Metronidazole,1890,1,55,B1187,1,S367,-0.587765905
1/1/2020,Buea,Mont Zion Pharmacy,Trimethoprim-Sulfamethoxazole,1365,0,62,B6890,0,S809,-1.159620612
1/1/2020,Buea,Winners Pharmacy,Paracetamol,355,1,61,B4871,0,S163,-0.255450431
1/1/2020,Buea,Amazing Pharmacy Co Ltd,Ibuprofen,635,1,63,B2936,0,S576,0.209972622
1/1/2020,Buea,Mont Zion Pharmacy,Amodiaquine,803,1,41,B6026,0,S263,1.45965483
1/1/2020,Buea,Winners Pharmacy,Amoxicillin,1485,1,54,B7642,0,S802,1.412380671
1/1/2020,Buea,Amazing Pharmacy Co Ltd,Ciprofloxacin,2095,0,48,B9233,1,S820,0.063540051
1/1/2020,Buea,Mont Zion Pharmacy,Metronidazole,1888,1,48,B6095,1,S806,1.405713051
1/1/2020,Buea,Winners Pharmacy,Trimethoprim-Sulfamethoxazole,1321,1,53,B2923,0,S754,0.484220774
1/1/2020,Buea,Amazing Pharmacy Co Ltd,Paracetamol,406,1,72,B5833,0,S476,-1.512297992
1/1/2020,Buea,Mont Zion Pharmacy,Ibuprofen,564,1,70,B4618,1,S324,-0.796374475
1/1/2020,Buea,Winners Pharmacy,Amodiaquine,808,1,36,B3188,0,S589,-0.197147381
2/1/2020,Buea,Amazing Pharmacy Co Ltd,Amoxicillin,1437,1,59,B3509,0,S565,-1.506088845
2/1/2020,Buea,Mont Zion Pharmacy,Ciprofloxacin,2389,1,61,B7121,0,S525,0.290260805
2/1/2020,Buea,Winners Pharmacy,Metronidazole,1892,0,48,B9998,1,S582,-2.153276072
2/1/2020,Buea,Amazing Pharmacy Co Ltd,Trimethoprim-Sulfamethoxazole,1191,1,48,B9806,0,S921,-0.215348685
2/1/2020,Buea,Mont Zion Pharmacy,Paracetamol,405,1,79,B4578,1,S880,0.99295713
2/1/2020,Buea,Winners Pharmacy,Ibuprofen,689,0,52,B5054,1,S796,-1.524146907
2/1/2020,Buea,Amazing Pharmacy Co Ltd,Amodiaquine,933,1,45,B2341,1,S638,0.714236483
2/1/2020,Buea,Mont Zion Pharmacy,Amoxicillin,1256,0,48,B8319,0,S640,2.249437584
2/1/2020,Buea,Winners Pharmacy,Ciprofloxacin,2238,1,58,B6927,1,S179,-0.907613533
2/1/2020,Buea,Amazing Pharmacy Co Ltd,Metronidazole,1830,1,49,B2838,0,S163,-0.619955697
2/1/2020,Buea,Mont Zion Pharmacy,Trimethoprim-Sulfamethoxazole,1177,1,44,B9972,0,S617,-0.585621835
2/1/2020,Buea,Winners Pharmacy,Paracetamol,366,0,53,B4312,0,S686,-0.466210782
2/1/2020,Buea,Amazing Pharmacy Co Ltd,Ibuprofen,,1,61,B9792,1,S253,-0.088251463
2/1/2020,Buea,Mont Zion Pharmacy,Amodiaquine,785,1,41,B3695,1,S435,-0.863865966
2/1/2020,Buea,Winners Pharmacy,Amoxicillin,1536,1,51,B9525,0,S552,-0.423060601
2/1/2020,Buea,Amazing Pharmacy Co Ltd,Ciprofloxacin,1972,1,52,B2904,0,S796,-0.080924953
2/1/2020,Buea,Mont Zion Pharmacy,Metronidazole,1650,1,48,B4365,1,S834,-0.120652943
2/1/2020,Buea,Winners Pharmacy,Trimethoprim-Sulfamethoxazole,1214,1,52,B9008,,S193,-0.513611302
2/1/2020,Buea,Amazing Pharmacy Co Ltd,Paracetamol,335,1,54,B9361,0,S556,0.952759689
2/1/2020,Buea,Mont Zion Pharmacy,Ibuprofen,529,1,65,B1911,0,S564,0.949149162
2/1/2020,Buea,Winners Pharmacy,Amodiaquine,929,0,50,B3161,0,S625,-0.179058776
3/1/2020,Buea,Amazing Pharmacy Co Ltd,Amoxicillin,1372,1,56,B7806,0,S567,-0.667041476
3/1/2020,Buea,Mont Zion Pharmacy,Ciprofloxacin,1996,1,47,B1945,0,S672,1.556300796
3/1/2020,Buea,Winners Pharmacy,Metronidazole,1683,,49,B8575,0,S788,1.691834838
3/1/2020,Buea,Amazing Pharmacy Co Ltd,Trimethoprim-Sulfamethoxazole,1179,1,49,B6049,0,S840,1.545237713
3/1/2020,Buea,Mont Zion Pharmacy,Paracetamol,326,1,39,B1356,0,S505,-0.624084745
3/1/2020,Buea,Winners Pharmacy,Ibuprofen,547,1,44,B5169,0,S936,-0.762041527
3/1/2020,Buea,Amazing Pharmacy Co Ltd,Amodiaquine,729,0,54,B1049,1,S863,0.572125718
3/1/2020,Buea,Mont Zion Pharmacy,Amoxicillin,1295,1,48,B4570,1,S692,0.595931347
3/1/2020,Buea,Winners Pharmacy,Ciprofloxacin,2208,1,48,B2196,,S146,0.733348233
3/1/2020,Buea,Amazing Pharmacy Co Ltd,Metronidazole,1728,1,46,B7941,0,S452,-0.723908189
3/1/2020,Buea,Mont Zion Pharmacy,Trimethoprim-Sulfamethoxazole,1206,1,55,B2044,0,S654,-0.496277533
3/1/2020,Buea,Winners Pharmacy,Paracetamol,352,1,41,B1987,0,S170,1.714164357
3/1/2020,Buea,Amazing Pharmacy Co Ltd,Ibuprofen,649,,45,B8734,0,S132,-0.286992186
3/1/2020,Buea,Mont Zion Pharmacy,Amodiaquine,910,1,32,B5703,0,S518,1.15048705
3/1/2020,Buea,Winners Pharmacy,Amoxicillin,1592,1,47,B3948,0,S887,1.007856897
3/1/2020,Buea,Amazing Pharmacy Co Ltd,Ciprofloxacin,2076,0,41,B3218,0,S884,-1.867273552
3/1/2020,Buea,Mont Zion Pharmacy,Metronidazole,1889,1,46,B7887,0,S483,1.59790586
3/1/2020,Buea,Winners Pharmacy,Trimethoprim-Sulfamethoxazole,1211,1,65,B7266,0,S559,-0.647377271
3/1/2020,Buea,Amazing Pharmacy Co Ltd,Paracetamol,406,0,34,B7184,1,S484,0.230055612
3/1/2020,Buea,Mont Zion Pharmacy,Ibuprofen,631,0,49,B2314,0,S799,0.123472315
3/1/2020,Buea,Winners Pharmacy,Amodiaquine,732,1,54,B9835,1,S236,0.118311148
4/1/2020,Buea,Amazing Pharmacy Co Ltd,Amoxicillin,1500,0,50,B6697,0,S221,-0.693540889
4/1/2020,Buea,Mont Zion Pharmacy,Ciprofloxacin,1871,1,54,B3924,0,S650,0.653833223
4/1/2020,Buea,Winners Pharmacy,Metronidazole,1622,0,54,B7439,1,S641,-0.234765351
4/1/2020,Buea,Amazing Pharmacy Co Ltd,Trimethoprim-Sulfamethoxazole,1068,1,46,B3086,0,S845,-0.499635403
4/1/2020,Buea,Mont Zion Pharmacy,Paracetamol,344,1,57,B4648,0,S954,-0.061229375
4/1/2020,Buea,Winners Pharmacy,Ibuprofen,571,0,39,B1056,,S874,-0.279353275
4/1/2020,Buea,Amazing Pharmacy Co Ltd,Amodiaquine,758,1,70,B1372,,S405,-0.003505727
4/1/2020,Buea,Mont Zion Pharmacy,Amoxicillin,1393,1,62,B8585,0,S789,1.459022348
4/1/2020,Buea,Winners Pharmacy,Ciprofloxacin,2253,0,55,B9920,1,S534,1.34040642
4/1/2020,Buea,Amazing Pharmacy Co Ltd,Metronidazole,1596,0,50,B9715,0,S488,0.980262953
4/1/2020,Buea,Mont Zion Pharmacy,Trimethoprim-Sulfamethoxazole,1048,1,52,B4762,0,S353,2.565651575
4/1/2020,Buea,Winners Pharmacy,Paracetamol,372,,42,B8546,0,S454,-0.611601579
4/1/2020,Buea,Amazing Pharmacy Co Ltd,Ibuprofen,633,1,52,B3541,0,S382,-0.507215548
4/1/2020,Buea,Mont Zion Pharmacy,Amodiaquine,819,1,70,B4088,0,S996,-0.199443716
4/1/2020,Buea,Winners Pharmacy,Amoxicillin,1600,1,44,B2848,0,S132,0.435587917
4/1/2020,Buea,Amazing Pharmacy Co Ltd,Ciprofloxacin,1866,1,51,B7868,0,S729,0.328432991
4/1/2020,Buea,Mont Zion Pharmacy,Metronidazole,1994,1,45,B1256,1,S346,1.05717913
4/1/2020,Buea,Winners Pharmacy,Trimethoprim-Sulfamethoxazole,1227,1,53,B4376,0,S168,-1.553283253
4/1/2020,Buea,Amazing Pharmacy Co Ltd,Paracetamol,319,1,48,B2653,0,S708,0.665948838
4/1/2020,Buea,Mont Zion Pharmacy,Ibuprofen,629,1,46,B1550,0,S557,-0.259983925
4/1/2020,Buea,Winners Pharmacy,Amodiaquine,893,0,72,B1797,0,S350,0.028428264
5/1/2020,Buea,Amazing Pharmacy Co Ltd,Amoxicillin,1346,1,43,B1724,1,S511,-1.264585115
5/1/2020,Buea,Mont Zion Pharmacy,Ciprofloxacin,2470,0,40,B8191,0,S339,0.056419453
5/1/2020,Buea,Winners Pharmacy,Metronidazole,1928,1,49,B9843,0,S322,-0.065100539
5/1/2020,Buea,Amazing Pharmacy Co Ltd,Trimethoprim-Sulfamethoxazole,1235,1,45,B1924,1,S243,2.722948688
5/1/2020,Buea,Mont Zion Pharmacy,Paracetamol,337,0,37,B9255,1,S396,-1.258019911
5/1/2020,Buea,Winners Pharmacy,Ibuprofen,668,1,50,B4836,0,S935,0.879138324
5/1/2020,Buea,Amazing Pharmacy Co Ltd,Amodiaquine,861,1,73,B6224,0,S691,-0.171156387
5/1/2020,Buea,Mont Zion Pharmacy,Amoxicillin,1540,1,40,B6253,1,S342,1.247385292
5/1/2020,Buea,Winners Pharmacy,Ciprofloxacin,1953,1,45,B5944,0,S997,0.580072894
5/1/2020,Buea,Amazing Pharmacy Co Ltd,Metronidazole,1820,1,57,B3347,0,S776,0.091301171
5/1/2020,Buea,Mont Zion Pharmacy,Trimethoprim-Sulfamethoxazole,1234,1,44,B9540,,S326,0.410990203
5/1/2020,Buea,Winners Pharmacy,Paracetamol,351,1,50,B7775,0,S407,0.52728654
5/1/2020,Buea,Amazing Pharmacy Co Ltd,Ibuprofen,523,1,41,B5508,0,S162,-2.293941585
5/1/2020,Buea,Mont Zion Pharmacy,Amodiaquine,903,1,83,B3869,1,S741,0.302627632
5/1/2020,Buea,Winners Pharmacy,Amoxicillin,1382,1,49,B7999,0,S669,-0.28755811
5/1/2020,Buea,Amazing Pharmacy Co Ltd,Ciprofloxacin,2472,1,44,B9120,1,S148,-1.030405737
5/1/2020,Buea,Mont Zion Pharmacy,Metronidazole,1805,0,54,B6642,1,S758,1.186461037
5/1/2020,Buea,Winners Pharmacy,Trimethoprim-Sulfamethoxazole,1308,1,46,B7244,1,S904,-1.891423892
5/1/2020,Buea,Amazing Pharmacy Co Ltd,Paracetamol,325,1,57,B9592,,S426,2.507495238
5/1/2020,Buea,Mont Zion Pharmacy,Ibuprofen,597,1,46,B7821,,S518,1.739697407
5/1/2020,Buea,Winners Pharmacy,Amodiaquine,951,0,74,B3444,0,S407,-0.090207175
6/1/2020,Buea,Amazing Pharmacy Co Ltd,Amoxicillin,1491,1,44,B7167,1,S288,0.49462464
6/1/2020,Buea,Mont Zion Pharmacy,Ciprofloxacin,2345,1,51,B9813,0,S584,-1.37757638
6/1/2020,Buea,Winners Pharmacy,Metronidazole,1655,1,68,B4948,0,S969,1.70013491
6/1/2020,Buea,Amazing Pharmacy Co Ltd,Trimethoprim-Sulfamethoxazole,1158,1,48,B4692,0,S407,-1.120847154
6/1/2020,Buea,Mont Zion Pharmacy,Paracetamol,362,0,42,B3365,0,S925,-0.008734976
6/1/2020,Buea,Winners Pharmacy,Ibuprofen,631,1,48,B8586,0,S159,0.403915581
6/1/2020,Buea,Amazing Pharmacy Co Ltd,Amodiaquine,923,1,85,B7761,1,S526,-0.115409338
6/1/2020,Buea,Mont Zion Pharmacy,Amoxicillin,1354,1,59,B9683,1,S237,-0.620733747
6/1/2020,Buea,Winners Pharmacy,Ciprofloxacin,2359,1,51,B7363,0,S348,-0.694781475
6/1/2020,Buea,Amazing Pharmacy Co Ltd,Metronidazole,1611,1,54,B5177,0,S308,0.436732556
6/1/2020,Buea,Mont Zion Pharmacy,Trimethoprim-Sulfamethoxazole,1067,0,54,B6411,0,S762,0.401207163
6/1/2020,Buea,Winners Pharmacy,Paracetamol,373,1,49,B2295,0,S560,1.019343267
6/1/2020,Buea,Amazing Pharmacy Co Ltd,Ibuprofen,618,1,36,B7079,0,S194,0.652841534
6/1/2020,Buea,Mont Zion Pharmacy,Amodiaquine,854,1,89,B9775,1,S841,0.872932868
6/1/2020,Buea,Winners Pharmacy,Amoxicillin,1352,1,48,B4120,0,S152,2.426192815
6/1/2020,Buea,Amazing Pharmacy Co Ltd,Ciprofloxacin,2159,1,49,B5398,1,S486,-0.008966326
6/1/2020,Buea,Mont Zion Pharmacy,Metronidazole,1910,1,46,B1647,0,S994,-0.947429045
6/1/2020,Buea,Winners Pharmacy,Trimethoprim-Sulfamethoxazole,1205,1,62,B2192,1,S292,-0.155821056
6/1/2020,Buea,Amazing Pharmacy Co Ltd,Paracetamol,376,1,44,B4555,0,S590,-0.065487538
6/1/2020,Buea,Mont Zion Pharmacy,Ibuprofen,559,1,42,B4422,0,S990,1.979286406
6/1/2020,Buea,Winners Pharmacy,Amodiaquine,877,1,84,B6455,1,S410,0.073198628
7/1/2020,Buea,Amazing Pharmacy Co Ltd,Amoxicillin,1302,1,45,B1251,0,S316,1.465717242
7/1/2020,Buea,Mont Zion Pharmacy,Ciprofloxacin,2072,1,45,B4113,1,S859,-0.794062257
7/1/2020,Buea,Winners Pharmacy,Metronidazole,1769,1,65,B2922,0,S864,0.702276428
7/1/2020,Buea,Amazing Pharmacy Co Ltd,Trimethoprim-Sulfamethoxazole,1318,1,48,B8846,0,S348,1.470432303
7/1/2020,Buea,Mont Zion Pharmacy,Paracetamol,366,0,61,B4350,0,S506,-0.27140506
7/1/2020,Buea,Winners Pharmacy,Ibuprofen,,1,69,B4921,1,S665,-0.463947969
7/1/2020,Buea,Amazing Pharmacy Co Ltd,Amodiaquine,,1,55,B6269,1,S894,1.324482626
7/1/2020,Buea,Mont Zion Pharmacy,Amoxicillin,1394,0,51,B5637,0,S489,-0.954549311
7/1/2020,Buea,Winners Pharmacy,Ciprofloxacin,2266,0,55,B8639,0,S646,-1.278262629
7/1/2020,Buea,Amazing Pharmacy Co Ltd,Metronidazole,2040,1,56,B6886,0,S415,-0.286805409
7/1/2020,Buea,Mont Zion Pharmacy,Trimethoprim-Sulfamethoxazole,1275,1,56,B5285,0,S468,0.56223906
7/1/2020,Buea,Winners Pharmacy,Paracetamol,412,1,55,B9401,0,S609,-1.223567185
7/1/2020,Buea,Amazing Pharmacy Co Ltd,Ibuprofen,663,,66,B8635,0,S200,0.374441224
7/1/2020,Buea,Mont Zion Pharmacy,Amodiaquine,931,0,40,B8692,1,S879,0.90120678
7/1/2020,Buea,Winners Pharmacy,Amoxicillin,,1,56,B6246,0,S308,0.211564833
7/1/2020,Buea,Amazing Pharmacy Co Ltd,Ciprofloxacin,2379,1,48,B7073,0,S420,1.967540746
7/1/2020,Buea,Mont Zion Pharmacy,Metronidazole,1827,1,57,B7781,0,S146,0.816221873
7/1/2020,Buea,Winners Pharmacy,Trimethoprim-Sulfamethoxazole,1176,1,59,B4625,0,S859,-1.058568278
7/1/2020,Buea,Amazing Pharmacy Co Ltd,Paracetamol,370,0,57,B3390,,S116,-0.27591547
7/1/2020,Buea,Mont Zion Pharmacy,Ibuprofen,612,1,53,B5272,1,S666,-1.705551591
7/1/2020,Buea,Winners Pharmacy,Amodiaquine,727,1,49,B7841,0,S402,0.513635034
8/1/2020,Buea,Amazing Pharmacy Co Ltd,Amoxicillin,1367,1,42,B3497,0,S300,-1.766598719
8/1/2020,Buea,Mont Zion Pharmacy,Ciprofloxacin,1986,1,50,B6404,0,S335,-0.081710692
8/1/2020,Buea,Winners Pharmacy,Metronidazole,1589,1,52,B7223,0,S683,-0.988737318
8/1/2020,Buea,Amazing Pharmacy Co Ltd,Trimethoprim-Sulfamethoxazole,1354,1,51,B5026,,S611,-0.729604364
8/1/2020,Buea,Mont Zion Pharmacy,Paracetamol,398,0,58,B6530,1,S363,0.942409295
8/1/2020,Buea,Winners Pharmacy,Ibuprofen,638,1,55,B9005,0,S840,-0.821159708
8/1/2020,Buea,Amazing Pharmacy Co Ltd,Amodiaquine,750,1,44,B9037,1,S571,0.537517127
8/1/2020,Buea,Mont Zion Pharmacy,Amoxicillin,1644,1,55,B3756,0,S850,-1.007994239
8/1/2020,Buea,Winners Pharmacy,Ciprofloxacin,1980,1,59,B6770,0,S273,0.359853965
8/1/2020,Buea,Amazing Pharmacy Co Ltd,Metronidazole,1896,1,47,B3293,0,S837,1.36552298
8/1/2020,Buea,Mont Zion Pharmacy,Trimethoprim-Sulfamethoxazole,1364,1,50,B9954,0,S600,-0.056612087
8/1/2020,Buea,Winners Pharmacy,Paracetamol,402,0,53,B4015,,S655,-0.360276847
8/1/2020,Buea,Amazing Pharmacy Co Ltd,Ibuprofen,536,1,49,B1962,0,S636,0.622531344
8/1/2020,Buea,Mont Zion Pharmacy,Amodiaquine,942,1,53,B1554,1,S959,0.022512974
8/1/2020,Buea,Winners Pharmacy,Amoxicillin,1260,1,47,B2217,0,S937,-2.277562607
8/1/2020,Buea,Amazing Pharmacy Co Ltd,Ciprofloxacin,2171,1,48,B1794,0,S882,0.398062175
8/1/2020,Buea,Mont Zion Pharmacy,Metronidazole,2033,1,47,B1104,0,S522,1.652749704
8/1/2020,Buea,Winners Pharmacy,Trimethoprim-Sulfamethoxazole,1134,1,42,B3252,1,S962,0.923865016
8/1/2020,Buea,Amazing Pharmacy Co Ltd,Paracetamol,330,1,59,B4791,0,S169,1.479527204
8/1/2020,Buea,Mont Zion Pharmacy,Ibuprofen,573,1,62,B3474,1,S109,0.977545202
8/1/2020,Buea,Winners Pharmacy,Amodiaquine,747,1,38,B4583,0,S617,-0.098336342
9/1/2020,Buea,Amazing Pharmacy Co Ltd,Amoxicillin,1415,1,49,B8471,1,S482,-1.250025533
9/1/2020,Buea,Mont Zion Pharmacy,Ciprofloxacin,2078,1,47,B1990,1,S732,0.371719239
9/1/2020,Buea,Winners Pharmacy,Metronidazole,1628,0,67,B8916,0,S775,1.390333184
9/1/2020,Buea,Amazing Pharmacy Co Ltd,Trimethoprim-Sulfamethoxazole,1320,1,40,B8993,0,S116,1.315887267
9/1/2020,Buea,Mont Zion Pharmacy,Paracetamol,397,1,37,B1108,0,S644,1.154136237
9/1/2020,Buea,Winners Pharmacy,Ibuprofen,671,1,50,B7739,1,S112,-1.525617928
9/1/2020,Buea,Amazing Pharmacy Co Ltd,Amodiaquine,739,1,56,B1274,0,S642,-0.724904032
9/1/2020,Buea,Mont Zion Pharmacy,Amoxicillin,1469,0,41,B5501,0,S648,-0.895545885
9/1/2020,Buea,Winners Pharmacy,Ciprofloxacin,1975,1,48,B5697,0,S117,0.378502149
9/1/2020,Buea,Amazing Pharmacy Co Ltd,Metronidazole,1758,1,45,B9228,0,S932,-0.589390595
9/1/2020,Buea,Mont Zion Pharmacy,Trimethoprim-Sulfamethoxazole,1118,1,48,B8054,1,S925,0.124706903
9/1/2020,Buea,Winners Pharmacy,Paracetamol,391,1,57,B3937,0,S209,-0.370063285
9/1/2020,Buea,Amazing Pharmacy Co Ltd,Ibuprofen,638,0,59,B2578,0,S636,-0.249803154
9/1/2020,Buea,Mont Zion Pharmacy,Amodiaquine,742,1,72,B3439,0,S346,-1.336785201
9/1/2020,Buea,Winners Pharmacy,Amoxicillin,1488,1,59,B4144,1,S734,-0.64063223
9/1/2020,Buea,Amazing Pharmacy Co Ltd,Ciprofloxacin,2276,0,45,B9625,1,S358,0.317418274
9/1/2020,Buea,Mont Zion Pharmacy,Metronidazole,1779,1,50,B6807,0,S373,1.097429831
9/1/2020,Buea,Winners Pharmacy,Trimethoprim-Sulfamethoxazole,1218,1,52,B7502,1,S180,0.669438013
9/1/2020,Buea,Amazing Pharmacy Co Ltd,Paracetamol,,1,44,B7112,,S515,0.532464308
9/1/2020,Buea,Mont Zion Pharmacy,Ibuprofen,658,1,51,B8520,1,S678,-1.144146477
9/1/2020,Buea,Winners Pharmacy,Amodiaquine,798,1,81,B4984,0,S813,-0.233283983
10/1/2020,Buea,Amazing Pharmacy Co Ltd,Amoxicillin,1531,1,48,B4700,0,S407,1.475732679
10/1/2020,Buea,Mont Zion Pharmacy,Ciprofloxacin,2452,1,37,B2320,0,S769,0.218764737
10/1/2020,Buea,Winners Pharmacy,Metronidazole,1786,1,45,B1519,0,S195,1.2972492
10/1/2020,Buea,Amazing Pharmacy Co Ltd,Trimethoprim-Sulfamethoxazole,1369,0,49,B7640,0,S488,-1.52271451
10/1/2020,Buea,Mont Zion Pharmacy,Paracetamol,387,1,51,B7179,1,S665,0.294392759
10/1/2020,Buea,Winners Pharmacy,Ibuprofen,641,1,57,B8798,1,S157,-2.050799856
10/1/2020,Buea,Amazing Pharmacy Co Ltd,Amodiaquine,859,1,66,B1154,1,S819,-0.682311072
10/1/2020,Buea,Mont Zion Pharmacy,Amoxicillin,1441,1,50,B3807,1,S184,0.938415422
10/1/2020,Buea,Winners Pharmacy,Ciprofloxacin,2150,1,55,B9189,,S965,0.759032677
10/1/2020,Buea,Amazing Pharmacy Co Ltd,Metronidazole,1977,1,43,B8109,1,S760,-0.202101594
10/1/2020,Buea,Mont Zion Pharmacy,Trimethoprim-Sulfamethoxazole,1305,1,55,B6427,1,S679,1.652748956
10/1/2020,Buea,Winners Pharmacy,Paracetamol,343,1,53,B2562,0,S640,-1.13140561
10/1/2020,Buea,Amazing Pharmacy Co Ltd,Ibuprofen,636,1,57,B1697,,S335,0.887382364
10/1/2020,Buea,Mont Zion Pharmacy,Amodiaquine,808,1,62,B4463,1,S988,-0.905820179
10/1/2020,Buea,Winners Pharmacy,Amoxicillin,1653,0,43,B8790,1,S377,-0.811553543
10/1/2020,Buea,Amazing Pharmacy Co Ltd,Ciprofloxacin,2466,1,43,B1762,,S176,0.549429507
10/1/2020,Buea,Mont Zion Pharmacy,Metronidazole,1728,1,42,B5593,0,S656,-0.660028149
10/1/2020,Buea,Winners Pharmacy,Trimethoprim-Sulfamethoxazole,1220,1,52,B1539,0,S283,0.068893617
10/1/2020,Buea,Amazing Pharmacy Co Ltd,Paracetamol,390,1,38,B6152,1,S116,0.712189919
10/1/2020,Buea,Mont Zion Pharmacy,Ibuprofen,561,1,50,B4394,0,S701,0.7536939
10/1/2020,Buea,Winners Pharmacy,Amodiaquine,880,1,73,B3362,1,S870,0.129493653
11/1/2020,Buea,Amazing Pharmacy Co Ltd,Amoxicillin,1296,1,54,B7525,0,S178,-1.001621865
11/1/2020,Buea,Mont Zion Pharmacy,Ciprofloxacin,2377,,44,B5903,0,S266,0.086959702
11/1/2020,Buea,Winners Pharmacy,Metronidazole,1861,1,49,B4939,0,S680,0.805651033
11/1/2020,Buea,Amazing Pharmacy Co Ltd,Trimethoprim-Sulfamethoxazole,1103,1,50,B7375,0,S793,1.134000501
11/1/2020,Buea,Mont Zion Pharmacy,Paracetamol,390,0,53,B9856,1,S439,0.820922879
11/1/2020,Buea,Winners Pharmacy,Ibuprofen,657,1,45,B7288,0,S873,-0.911509969
11/1/2020,Buea,Amazing Pharmacy Co Ltd,Amodiaquine,929,1,47,B3292,0,S909,1.073020995
11/1/2020,Buea,Mont Zion Pharmacy,Amoxicillin,1441,1,38,B2284,1,S612,0.218611487
11/1/2020,Buea,Winners Pharmacy,Ciprofloxacin,2390,0,50,B6666,0,S154,-0.549228139
11/1/2020,Buea,Amazing Pharmacy Co Ltd,Metronidazole,1820,1,45,B2600,1,S547,-0.835410282
11/1/2020,Buea,Mont Zion Pharmacy,Trimethoprim-Sulfamethoxazole,1055,1,47,B4803,0,S958,-1.973015
11/1/2020,Buea,Winners Pharmacy,Paracetamol,407,0,35,B2245,0,S448,0.964178773
11/1/2020,Buea,Amazing Pharmacy Co Ltd,Ibuprofen,549,1,46,B7499,0,S892,0.976373673
11/1/2020,Buea,Mont Zion Pharmacy,Amodiaquine,749,0,55,B6347,1,S130,0.930874512
11/1/2020,Buea,Winners Pharmacy,Amoxicillin,1252,1,47,B5478,,S902,1.085982894
11/1/2020,Buea,Amazing Pharmacy Co Ltd,Ciprofloxacin,1863,1,42,B8381,,S602,-0.341646696
11/1/2020,Buea,Mont Zion Pharmacy,Metronidazole,1603,0,52,B4737,1,S464,-1.680895083
11/1/2020,Buea,Winners Pharmacy,Trimethoprim-Sulfamethoxazole,1335,1,52,B7150,1,S542,-0.499839597
11/1/2020,Buea,Amazing Pharmacy Co Ltd,Paracetamol,357,1,60,B4043,1,S796,-0.068295147
11/1/2020,Buea,Mont Zion Pharmacy,Ibuprofen,634,0,59,B7227,1,S187,-0.982488123
11/1/2020,Buea,Winners Pharmacy,Amodiaquine,727,1,53,B5839,0,S917,0.087328704
12/1/2020,Buea,Amazing Pharmacy Co Ltd,Amoxicillin,1424,1,50,B5037,1,S830,-1.757843449
12/1/2020,Buea,Mont Zion Pharmacy,Ciprofloxacin,1966,1,47,B2204,0,S184,0.478530314
12/1/2020,Buea,Winners Pharmacy,Metronidazole,1848,1,50,B5390,0,S257,-1.444897323
12/1/2020,Buea,Amazing Pharmacy Co Ltd,Trimethoprim-Sulfamethoxazole,1282,1,40,B7225,1,S828,-0.088912591
12/1/2020,Buea,Mont Zion Pharmacy,Paracetamol,330,,50,B3527,0,S857,-0.688724157
12/1/2020,Buea,Winners Pharmacy,Ibuprofen,579,0,52,B7383,0,S424,-1.894382196
12/1/2020,Buea,Amazing Pharmacy Co Ltd,Amodiaquine,795,1,49,B6909,0,S209,0.629637603
12/1/2020,Buea,Mont Zion Pharmacy,Amoxicillin,1294,1,65,B2499,0,S105,-0.999648884
12/1/2020,Buea,Winners Pharmacy,Ciprofloxacin,2240,1,49,B6050,0,S555,-0.515767345
12/1/2020,Buea,Amazing Pharmacy Co Ltd,Metronidazole,1947,1,46,B6896,1,S879,-0.369127273
12/1/2020,Buea,Mont Zion Pharmacy,Trimethoprim-Sulfamethoxazole,1125,0,42,B5419,1,S204,-0.240300805
12/1/2020,Buea,Winners Pharmacy,Paracetamol,387,0,42,B3170,0,S189,0.299236462
12/1/2020,Buea,Amazing Pharmacy Co Ltd,Ibuprofen,577,1,60,B4070,1,S541,0.742444239
12/1/2020,Buea,Mont Zion Pharmacy,Amodiaquine,947,1,41,B8353,0,S670,-1.334454081
12/1/2020,Buea,Winners Pharmacy,Amoxicillin,1242,0,57,B9395,0,S517,0.594583805
12/1/2020,Buea,Amazing Pharmacy Co Ltd,Ciprofloxacin,2189,1,49,B2692,0,S126,-1.126427689
12/1/2020,Buea,Mont Zion Pharmacy,Metronidazole,1572,1,52,B2468,0,S462,-0.853677408
12/1/2020,Buea,Winners Pharmacy,Trimethoprim-Sulfamethoxazole,1270,0,56,B2524,,S711,0.509028354
12/1/2020,Buea,Amazing Pharmacy Co Ltd,Paracetamol,342,1,43,B6315,,S984,1.153894135
12/1/2020,Buea,Mont Zion Pharmacy,Ibuprofen,619,1,51,B7311,1,S112,1.504942189
12/1/2020,Buea,Winners Pharmacy,Amodiaquine,825,1,56,B5781,1,S523,0.781879843
1/1/2021,Buea,Amazing Pharmacy Co Ltd,Amoxicillin,1432,1,58,B7353,0,S897,-0.944127556
1/1/2021,Buea,Mont Zion Pharmacy,Ciprofloxacin,2019,1,54,B2387,0,S842,0.805580475
1/1/2021,Buea,Winners Pharmacy,Metronidazole,1763,1,42,B4977,0,S685,-0.913425126
1/1/2021,Buea,Amazing Pharmacy Co Ltd,Trimethoprim-Sulfamethoxazole,1123,1,39,B9537,0,S273,-0.017746692
1/1/2021,Buea,Mont Zion Pharmacy,Paracetamol,321,1,54,B7237,1,S273,-0.02884972
1/1/2021,Buea,Winners Pharmacy,Ibuprofen,681,,62,B3274,1,S375,1.330159355
1/1/2021,Buea,Amazing Pharmacy Co Ltd,Amodiaquine,898,1,49,B5933,1,S374,0.868444311
1/1/2021,Buea,Mont Zion Pharmacy,Amoxicillin,1509,1,63,B9079,0,S249,1.927812997
1/1/2021,Buea,Winners Pharmacy,Ciprofloxacin,2411,1,50,B2036,0,S271,-0.80139127
1/1/2021,Buea,Amazing Pharmacy Co Ltd,Metronidazole,1621,1,57,B8121,1,S382,-0.947203011
1/1/2021,Buea,Mont Zion Pharmacy,Trimethoprim-Sulfamethoxazole,1381,1,58,B7899,0,S406,0.755242999
1/1/2021,Buea,Winners Pharmacy,Paracetamol,332,1,58,B8933,0,S901,-0.196925723
1/1/2021,Buea,Amazing Pharmacy Co Ltd,Ibuprofen,623,1,50,B2260,1,S469,1.925626127
1/1/2021,Buea,Mont Zion Pharmacy,Amodiaquine,924,1,54,B5123,0,S352,-1.103250705
1/1/2021,Buea,Winners Pharmacy,Amoxicillin,1546,0,50,B9123,1,S708,0.342571832
1/1/2021,Buea,Amazing Pharmacy Co Ltd,Ciprofloxacin,2104,1,55,B4203,1,S568,-0.955638185
1/1/2021,Buea,Mont Zion Pharmacy,Metronidazole,1870,1,42,B2752,1,S238,0.613471937
1/1/2021,Buea,Winners Pharmacy,Trimethoprim-Sulfamethoxazole,1121,0,40,B5991,0,S106,-0.62679225
1/1/2021,Buea,Amazing Pharmacy Co Ltd,Paracetamol,385,1,56,B7483,0,S440,1.81030261
1/1/2021,Buea,Mont Zion Pharmacy,Ibuprofen,671,1,52,B7224,0,S923,0.399269408
1/1/2021,Buea,Winners Pharmacy,Amodiaquine,957,1,49,B6399,0,S550,0.974123369
2/1/2021,Buea,Amazing Pharmacy Co Ltd,Amoxicillin,1391,1,51,B6484,0,S540,-0.49181949
2/1/2021,Buea,Mont Zion Pharmacy,Ciprofloxacin,2082,1,70,B3230,,S407,0.660420936
2/1/2021,Buea,Winners Pharmacy,Metronidazole,1599,0,52,B6253,1,S717,-0.147360135
2/1/2021,Buea,Amazing Pharmacy Co Ltd,Trimethoprim-Sulfamethoxazole,1303,0,54,B4290,0,S590,-0.036888953
2/1/2021,Buea,Mont Zion Pharmacy,Paracetamol,361,1,55,B6147,0,S281,-0.58429503
2/1/2021,Buea,Winners Pharmacy,Ibuprofen,704,0,59,B7524,0,S426,-1.926936288
2/1/2021,Buea,Amazing Pharmacy Co Ltd,Amodiaquine,836,1,40,B5775,1,S852,-1.481767223
2/1/2021,Buea,Mont Zion Pharmacy,Amoxicillin,1537,1,41,B9044,0,S689,-0.182396987
2/1/2021,Buea,Winners Pharmacy,Ciprofloxacin,2535,1,59,B4971,0,S433,2.02486894
2/1/2021,Buea,Amazing Pharmacy Co Ltd,Metronidazole,2077,,57,B7161,1,S387,0.46815198
2/1/2021,Buea,Mont Zion Pharmacy,Trimethoprim-Sulfamethoxazole,1145,,61,B7437,1,S473,0.257237751
2/1/2021,Buea,Winners Pharmacy,Paracetamol,,1,61,B2865,0,S677,0.230060404
2/1/2021,Buea,Amazing Pharmacy Co Ltd,Ibuprofen,576,1,79,B4273,1,S706,-1.346140723
2/1/2021,Buea,Mont Zion Pharmacy,Amodiaquine,846,0,44,B9939,0,S284,-0.8269806
2/1/2021,Buea,Winners Pharmacy,Amoxicillin,1569,1,42,B1440,0,S844,0.160894204
2/1/2021,Buea,Amazing Pharmacy Co Ltd,Ciprofloxacin,2135,1,59,B8563,1,S825,0.555089699
2/1/2021,Buea,Mont Zion Pharmacy,Metronidazole,1824,1,50,B4434,0,S548,0.280637367
2/1/2021,Buea,Winners Pharmacy,Trimethoprim-Sulfamethoxazole,1267,0,54,B5773,0,S951,-0.808188658
2/1/2021,Buea,Amazing Pharmacy Co Ltd,Paracetamol,386,1,68,B2133,0,S938,-0.248847719
2/1/2021,Buea,Mont Zion Pharmacy,Ibuprofen,596,1,72,B7703,,S789,-1.328020859
2/1/2021,Buea,Winners Pharmacy,Amodiaquine,871,1,57,B9180,0,S242,-0.026839568
3/1/2021,Buea,Amazing Pharmacy Co Ltd,Amoxicillin,1382,,43,B5961,0,S347,2.097695189
3/1/2021,Buea,Mont Zion Pharmacy,Ciprofloxacin,2259,1,50,B5139,0,S774,0.597303367
3/1/2021,Buea,Winners Pharmacy,Metronidazole,1684,1,45,B3525,,S832,-0.473121505
3/1/2021,Buea,Amazing Pharmacy Co Ltd,Trimethoprim-Sulfamethoxazole,1271,1,52,B7932,0,S908,-0.71130668
3/1/2021,Buea,Mont Zion Pharmacy,Paracetamol,344,1,58,B7176,0,S175,-1.321115667
3/1/2021,Buea,Winners Pharmacy,Ibuprofen,610,1,52,B8357,0,S712,0.250631674
3/1/2021,Buea,Amazing Pharmacy Co Ltd,Amodiaquine,824,0,58,B8851,1,S696,0.229094756
3/1/2021,Buea,Mont Zion Pharmacy,Amoxicillin,1475,1,61,B7566,0,S647,-0.673947662
3/1/2021,Buea,Winners Pharmacy,Ciprofloxacin,2202,1,47,B9300,0,S990,-0.751877526
3/1/2021,Buea,Amazing Pharmacy Co Ltd,Metronidazole,1953,1,57,B7853,0,S656,1.536534156
3/1/2021,Buea,Mont Zion Pharmacy,Trimethoprim-Sulfamethoxazole,1069,1,50,B1602,,S909,-1.096199524
3/1/2021,Buea,Winners Pharmacy,Paracetamol,357,1,57,B6890,0,S818,-1.890106473
3/1/2021,Buea,Amazing Pharmacy Co Ltd,Ibuprofen,674,1,41,B9796,1,S708,-0.018356224
3/1/2021,Buea,Mont Zion Pharmacy,Amodiaquine,,1,44,B2392,1,S211,-0.647817301
3/1/2021,Buea,Winners Pharmacy,Amoxicillin,1295,0,58,B5067,0,S773,-1.131933468
3/1/2021,Buea,Amazing Pharmacy Co Ltd,Ciprofloxacin,1917,1,44,B6816,1,S270,-0.795424792
3/1/2021,Buea,Mont Zion Pharmacy,Metronidazole,1874,1,52,B1725,1,S676,1.027045852
3/1/2021,Buea,Winners Pharmacy,Trimethoprim-Sulfamethoxazole,1215,1,49,B7547,1,S870,-0.630820994
3/1/2021,Buea,Amazing Pharmacy Co Ltd,Paracetamol,332,1,51,B6432,0,S915,2.383457037
3/1/2021,Buea,Mont Zion Pharmacy,Ibuprofen,627,1,55,B8052,0,S208,-0.116404899
3/1/2021,Buea,Winners Pharmacy,Amodiaquine,960,1,49,B1172,0,S200,0.128451067
4/1/2021,Buea,Amazing Pharmacy Co Ltd,Amoxicillin,1456,1,46,B5239,0,S327,-0.591304639
4/1/2021,Buea,Mont Zion Pharmacy,Ciprofloxacin,1978,1,52,B9366,,S864,0.551176702
4/1/2021,Buea,Winners Pharmacy,Metronidazole,2053,1,46,B9499,0,S671,-0.110131576
4/1/2021,Buea,Amazing Pharmacy Co Ltd,Trimethoprim-Sulfamethoxazole,1266,1,52,B4621,1,S556,-0.428863401
4/1/2021,Buea,Mont Zion Pharmacy,Paracetamol,422,1,39,B7129,0,S500,0.807725728
4/1/2021,Buea,Winners Pharmacy,Ibuprofen,682,1,49,B8586,0,S890,-0.477005718
4/1/2021,Buea,Amazing Pharmacy Co Ltd,Amodiaquine,831,1,63,B9199,,S254,0.810861716
4/1/2021,Buea,Mont Zion Pharmacy,Amoxicillin,1475,1,51,B6651,1,S125,0.074004012
4/1/2021,Buea,Winners Pharmacy,Ciprofloxacin,2001,1,56,B8909,1,S207,0.096736433
4/1/2021,Buea,Amazing Pharmacy Co Ltd,Metronidazole,2050,1,54,B5840,1,S525,-1.389864741
4/1/2021,Buea,Mont Zion Pharmacy,Trimethoprim-Sulfamethoxazole,1136,1,53,B2406,1,S218,-0.118341624
4/1/2021,Buea,Winners Pharmacy,Paracetamol,387,0,59,B3321,0,S456,-0.589447319
4/1/2021,Buea,Amazing Pharmacy Co Ltd,Ibuprofen,593,0,48,B6110,0,S451,0.412484463
4/1/2021,Buea,Mont Zion Pharmacy,Amodiaquine,777,1,66,B8460,0,S903,0.992877468
4/1/2021,Buea,Winners Pharmacy,Amoxicillin,1498,1,43,B4389,0,S633,0.45099737
4/1/2021,Buea,Amazing Pharmacy Co Ltd,Ciprofloxacin,2052,,47,B8912,0,S456,0.811330319
4/1/2021,Buea,Mont Zion Pharmacy,Metronidazole,1734,1,51,B8801,,S199,0.825183725
4/1/2021,Buea,Winners Pharmacy,Trimethoprim-Sulfamethoxazole,1138,0,51,B8178,0,S839,-2.305645505
4/1/2021,Buea,Amazing Pharmacy Co Ltd,Paracetamol,379,0,49,B8412,0,S426,1.660991904
4/1/2021,Buea,Mont Zion Pharmacy,Ibuprofen,635,1,41,B2100,0,S407,-0.639406036
4/1/2021,Buea,Winners Pharmacy,Amodiaquine,788,1,87,B1732,1,S929,-0.616832601
5/1/2021,Buea,Amazing Pharmacy Co Ltd,Amoxicillin,1477,1,67,B2885,0,S123,-0.400281271
5/1/2021,Buea,Mont Zion Pharmacy,Ciprofloxacin,1957,1,57,B6620,1,S763,-1.835536811
5/1/2021,Buea,Winners Pharmacy,Metronidazole,2100,0,43,B2791,,S793,1.761670232
5/1/2021,Buea,Amazing Pharmacy Co Ltd,Trimethoprim-Sulfamethoxazole,1193,1,43,B3692,,S858,-0.171283324
5/1/2021,Buea,Mont Zion Pharmacy,Paracetamol,329,1,52,B4996,0,S628,0.143100208
5/1/2021,Buea,Winners Pharmacy,Ibuprofen,582,,64,B3858,1,S665,-0.998293058
5/1/2021,Buea,Amazing Pharmacy Co Ltd,Amodiaquine,814,1,66,B3623,0,S438,0.052682454
5/1/2021,Buea,Mont Zion Pharmacy,Amoxicillin,1652,1,54,B7985,0,S573,-1.573497124
5/1/2021,Buea,Winners Pharmacy,Ciprofloxacin,2024,0,53,B4798,0,S916,-1.589047886
5/1/2021,Buea,Amazing Pharmacy Co Ltd,Metronidazole,1704,1,56,B7636,1,S744,1.293178086
5/1/2021,Buea,Mont Zion Pharmacy,Trimethoprim-Sulfamethoxazole,1121,1,56,B4022,0,S290,0.998116489
5/1/2021,Buea,Winners Pharmacy,Paracetamol,411,1,49,B8080,0,S505,0.210685188
5/1/2021,Buea,Amazing Pharmacy Co Ltd,Ibuprofen,630,1,53,B1478,1,S855,-0.778181478
5/1/2021,Buea,Mont Zion Pharmacy,Amodiaquine,919,1,55,B4232,1,S560,1.211548257
5/1/2021,Buea,Winners Pharmacy,Amoxicillin,1612,1,53,B8037,0,S498,-0.688137062
5/1/2021,Buea,Amazing Pharmacy Co Ltd,Ciprofloxacin,2357,1,49,B1072,1,S821,2.432636324
5/1/2021,Buea,Mont Zion Pharmacy,Metronidazole,1753,1,55,B4519,,S310,0.852174181
5/1/2021,Buea,Winners Pharmacy,Trimethoprim-Sulfamethoxazole,1312,1,55,B5560,1,S870,0.004910559
5/1/2021,Buea,Amazing Pharmacy Co Ltd,Paracetamol,395,1,47,B2025,0,S691,-0.15710123
5/1/2021,Buea,Mont Zion Pharmacy,Ibuprofen,591,1,48,B2667,1,S918,-0.177627038
5/1/2021,Buea,Winners Pharmacy,Amodiaquine,830,0,85,B9796,,S291,-0.256654537
6/1/2021,Buea,Amazing Pharmacy Co Ltd,Amoxicillin,1433,1,56,B6993,0,S433,-0.50590294
6/1/2021,Buea,Mont Zion Pharmacy,Ciprofloxacin,1987,1,58,B4228,0,S568,-0.9544231
6/1/2021,Buea,Winners Pharmacy,Metronidazole,1821,,50,B2867,1,S368,0.640888325
6/1/2021,Buea,Amazing Pharmacy Co Ltd,Trimethoprim-Sulfamethoxazole,1309,0,50,B9019,0,S640,-1.553647043
6/1/2021,Buea,Mont Zion Pharmacy,Paracetamol,332,1,47,B6134,,S711,0.139041477
6/1/2021,Buea,Winners Pharmacy,Ibuprofen,633,1,60,B7367,0,S725,1.095449485
6/1/2021,Buea,Amazing Pharmacy Co Ltd,Amodiaquine,816,1,64,B7431,0,S701,-0.085085166
6/1/2021,Buea,Mont Zion Pharmacy,Amoxicillin,1673,1,35,B2871,0,S456,-0.667205384
6/1/2021,Buea,Winners Pharmacy,Ciprofloxacin,2266,0,54,B6766,0,S965,0.892784378
6/1/2021,Buea,Amazing Pharmacy Co Ltd,Metronidazole,2097,1,47,B8501,1,S732,0.161839473
6/1/2021,Buea,Mont Zion Pharmacy,Trimethoprim-Sulfamethoxazole,1192,1,36,B3826,1,S933,1.634383199
6/1/2021,Buea,Winners Pharmacy,Paracetamol,415,1,46,B5873,1,S729,-0.180985866
6/1/2021,Buea,Amazing Pharmacy Co Ltd,Ibuprofen,545,1,48,B2388,0,S788,0.623407974
6/1/2021,Buea,Mont Zion Pharmacy,Amodiaquine,757,1,69,B3194,0,S420,1.272757537
6/1/2021,Buea,Winners Pharmacy,Amoxicillin,1339,1,36,B2931,0,S344,-1.579040111
6/1/2021,Buea,Amazing Pharmacy Co Ltd,Ciprofloxacin,2239,1,52,B6003,0,S219,-0.740563778
6/1/2021,Buea,Mont Zion Pharmacy,Metronidazole,1813,1,58,B3999,0,S482,-2.494354001
6/1/2021,Buea,Winners Pharmacy,Trimethoprim-Sulfamethoxazole,,1,60,B3316,1,S623,2.463556932
6/1/2021,Buea,Amazing Pharmacy Co Ltd,Paracetamol,348,1,55,B7364,1,S528,-0.108906495
6/1/2021,Buea,Mont Zion Pharmacy,Ibuprofen,664,1,43,B3258,0,S688,-1.230030076
6/1/2021,Buea,Winners Pharmacy,Amodiaquine,935,0,73,B7286,1,S533,-0.542867595
7/1/2021,Buea,Amazing Pharmacy Co Ltd,Amoxicillin,1285,1,53,B4043,0,S598,-0.400258141
7/1/2021,Buea,Mont Zion Pharmacy,Ciprofloxacin,2504,1,42,B9804,1,S810,0.163194025
7/1/2021,Buea,Winners Pharmacy,Metronidazole,2058,1,59,B3838,0,S668,-0.442228926
7/1/2021,Buea,Amazing Pharmacy Co Ltd,Trimethoprim-Sulfamethoxazole,1247,0,50,B3733,1,S601,0.843971024
7/1/2021,Buea,Mont Zion Pharmacy,Paracetamol,334,1,62,B5732,0,S243,1.196104636
7/1/2021,Buea,Winners Pharmacy,Ibuprofen,610,1,75,B4065,0,S422,0.838548926
7/1/2021,Buea,Amazing Pharmacy Co Ltd,Amodiaquine,915,1,52,B8389,1,S734,1.146181903
7/1/2021,Buea,Mont Zion Pharmacy,Amoxicillin,1536,0,58,B1878,0,S986,1.273705348
7/1/2021,Buea,Winners Pharmacy,Ciprofloxacin,2502,1,54,B6882,0,S109,0.264029001
7/1/2021,Buea,Amazing Pharmacy Co Ltd,Metronidazole,1760,1,53,B8939,0,S239,-1.047809818
7/1/2021,Buea,Mont Zion Pharmacy,Trimethoprim-Sulfamethoxazole,1243,0,45,B4196,0,S934,-0.160042202
7/1/2021,Buea,Winners Pharmacy,Paracetamol,420,0,65,B7290,0,S675,0.675870602
7/1/2021,Buea,Amazing Pharmacy Co Ltd,Ibuprofen,612,1,61,B9281,0,S768,0.848298179
7/1/2021,Buea,Mont Zion Pharmacy,Amodiaquine,978,0,52,B9109,0,S518,0.648252656
7/1/2021,Buea,Winners Pharmacy,Amoxicillin,1518,1,55,B9056,1,S525,-1.407048531
7/1/2021,Buea,Amazing Pharmacy Co Ltd,Ciprofloxacin,2018,,53,B8272,0,S600,-1.706063081
7/1/2021,Buea,Mont Zion Pharmacy,Metronidazole,1911,1,64,B3740,0,S184,0.118015964
7/1/2021,Buea,Winners Pharmacy,Trimethoprim-Sulfamethoxazole,1250,1,45,B1505,1,S914,-2.099571643
7/1/2021,Buea,Amazing Pharmacy Co Ltd,Paracetamol,350,1,61,B4613,1,S399,-1.069779043
7/1/2021,Buea,Mont Zion Pharmacy,Ibuprofen,640,0,65,B1535,0,S381,-1.540411064
7/1/2021,Buea,Winners Pharmacy,Amodiaquine,855,1,57,B4683,0,S650,1.141558732
8/1/2021,Buea,Amazing Pharmacy Co Ltd,Amoxicillin,1625,1,45,B5729,0,S272,-1.057703507
8/1/2021,Buea,Mont Zion Pharmacy,Ciprofloxacin,2379,1,39,B8492,1,S679,1.251250597
8/1/2021,Buea,Winners Pharmacy,Metronidazole,1704,0,51,B9115,0,S662,1.376334159
8/1/2021,Buea,Amazing Pharmacy Co Ltd,Trimethoprim-Sulfamethoxazole,1329,1,49,B9369,0,S215,0.775977566
8/1/2021,Buea,Mont Zion Pharmacy,Paracetamol,361,1,59,B2871,1,S374,0.514476071
8/1/2021,Buea,Winners Pharmacy,Ibuprofen,588,1,64,B9898,0,S943,0.298858464
8/1/2021,Buea,Amazing Pharmacy Co Ltd,Amodiaquine,988,1,44,B7010,0,S655,0.635253065
8/1/2021,Buea,Mont Zion Pharmacy,Amoxicillin,1474,0,47,B1681,1,S878,-1.592482972
8/1/2021,Buea,Winners Pharmacy,Ciprofloxacin,,0,58,B8231,1,S659,1.319421788
8/1/2021,Buea,Amazing Pharmacy Co Ltd,Metronidazole,1945,1,54,B4580,0,S535,-0.749121076
8/1/2021,Buea,Mont Zion Pharmacy,Trimethoprim-Sulfamethoxazole,1251,1,36,B2677,1,S853,1.147566452
8/1/2021,Buea,Winners Pharmacy,Paracetamol,408,,61,B5055,0,S404,1.763619208
8/1/2021,Buea,Amazing Pharmacy Co Ltd,Ibuprofen,706,1,47,B1528,0,S560,0.863087786
8/1/2021,Buea,Mont Zion Pharmacy,Amodiaquine,894,1,42,B5305,1,S456,0.732867582
8/1/2021,Buea,Winners Pharmacy,Amoxicillin,1413,1,50,B2425,0,S549,-0.513329187
8/1/2021,Buea,Amazing Pharmacy Co Ltd,Ciprofloxacin,2298,1,62,B2923,1,S894,-1.011781176
8/1/2021,Buea,Mont Zion Pharmacy,Metronidazole,1970,0,53,B4882,1,S314,-0.328065204
8/1/2021,Buea,Winners Pharmacy,Trimethoprim-Sulfamethoxazole,1215,1,54,B6744,1,S981,1.415912362
8/1/2021,Buea,Amazing Pharmacy Co Ltd,Paracetamol,416,1,58,B8015,,S269,-0.526896005
8/1/2021,Buea,Mont Zion Pharmacy,Ibuprofen,578,1,59,B3281,1,S903,-1.157568058
8/1/2021,Buea,Winners Pharmacy,Amodiaquine,870,1,51,B4385,1,S933,0.472011431
9/1/2021,Buea,Amazing Pharmacy Co Ltd,Amoxicillin,1373,1,59,B4390,1,S924,-0.144588717
9/1/2021,Buea,Mont Zion Pharmacy,Ciprofloxacin,2135,1,47,B1972,0,S683,1.541972348
9/1/2021,Buea,Winners Pharmacy,Metronidazole,2069,,61,B6747,1,S645,0.82688922
9/1/2021,Buea,Amazing Pharmacy Co Ltd,Trimethoprim-Sulfamethoxazole,1159,1,45,B5605,0,S711,-0.257310866
9/1/2021,Buea,Mont Zion Pharmacy,Paracetamol,396,1,60,B9827,,S272,-0.683685715
9/1/2021,Buea,Winners Pharmacy,Ibuprofen,547,1,51,B6302,0,S820,-0.459897843
9/1/2021,Buea,Amazing Pharmacy Co Ltd,Amodiaquine,813,1,78,B5794,1,S396,-0.737755247
9/1/2021,Buea,Mont Zion Pharmacy,Amoxicillin,1575,1,52,B5380,0,S978,-1.950412202
9/1/2021,Buea,Winners Pharmacy,Ciprofloxacin,1939,1,41,B9428,0,S795,0.221770782
9/1/2021,Buea,Amazing Pharmacy Co Ltd,Metronidazole,,1,67,B2560,1,S238,-1.382895919
9/1/2021,Buea,Mont Zion Pharmacy,Trimethoprim-Sulfamethoxazole,1100,,50,B7743,,S160,0.494040019
9/1/2021,Buea,Winners Pharmacy,Paracetamol,367,1,47,B5543,0,S987,1.352942048
9/1/2021,Buea,Amazing Pharmacy Co Ltd,Ibuprofen,572,1,46,B3078,0,S818,-0.750680987
9/1/2021,Buea,Mont Zion Pharmacy,Amodiaquine,884,0,70,B3174,0,S355,0.514377137
9/1/2021,Buea,Winners Pharmacy,Amoxicillin,1444,0,42,B3396,0,S828,-0.273021217
9/1/2021,Buea,Amazing Pharmacy Co Ltd,Ciprofloxacin,2461,1,48,B6277,0,S948,-0.300444938
9/1/2021,Buea,Mont Zion Pharmacy,Metronidazole,2017,0,41,B5055,0,S879,1.427951902
9/1/2021,Buea,Winners Pharmacy,Trimethoprim-Sulfamethoxazole,1214,1,56,B7434,0,S601,0.47625276
9/1/2021,Buea,Amazing Pharmacy Co Ltd,Paracetamol,363,1,62,B3329,0,S691,0.808411177
9/1/2021,Buea,Mont Zion Pharmacy,Ibuprofen,611,1,55,B5402,1,S742,-0.129581111
9/1/2021,Buea,Winners Pharmacy,Amodiaquine,849,1,82,B7786,1,S484,-0.606630827
10/1/2021,Buea,Amazing Pharmacy Co Ltd,Amoxicillin,1622,1,53,B8405,1,S177,-0.024718557
10/1/2021,Buea,Mont Zion Pharmacy,Ciprofloxacin,2398,1,54,B2525,1,S512,1.018995832
10/1/2021,Buea,Winners Pharmacy,Metronidazole,1817,1,58,B9447,0,S867,-0.126801969
10/1/2021,Buea,Amazing Pharmacy Co Ltd,Trimethoprim-Sulfamethoxazole,1241,1,48,B5558,1,S811,-0.182802432
10/1/2021,Buea,Mont Zion Pharmacy,Paracetamol,351,1,63,B7046,0,S565,-0.872299822
10/1/2021,Buea,Winners Pharmacy,Ibuprofen,656,1,45,B8996,0,S435,-0.7806544
10/1/2021,Buea,Amazing Pharmacy Co Ltd,Amodiaquine,910,,66,B1040,0,S989,-0.26352092
10/1/2021,Buea,Mont Zion Pharmacy,Amoxicillin,1622,0,50,B2526,0,S848,-0.690608541
10/1/2021,Buea,Winners Pharmacy,Ciprofloxacin,2259,1,44,B8511,0,S750,0.968745109
10/1/2021,Buea,Amazing Pharmacy Co Ltd,Metronidazole,2069,0,48,B6869,1,S970,-0.269508087
10/1/2021,Buea,Mont Zion Pharmacy,Trimethoprim-Sulfamethoxazole,1203,0,48,B2037,0,S914,0.069149816
10/1/2021,Buea,Winners Pharmacy,Paracetamol,344,1,38,B9756,0,S507,-1.031474544
10/1/2021,Buea,Amazing Pharmacy Co Ltd,Ibuprofen,683,,35,B4568,0,S539,0.668353968
10/1/2021,Buea,Mont Zion Pharmacy,Amodiaquine,918,1,66,B4470,0,S606,0.365763031
10/1/2021,Buea,Winners Pharmacy,Amoxicillin,1440,1,51,B5399,0,S430,1.163229755
10/1/2021,Buea,Amazing Pharmacy Co Ltd,Ciprofloxacin,2130,1,48,B5646,,S445,-0.679936254
10/1/2021,Buea,Mont Zion Pharmacy,Metronidazole,2011,1,51,B9967,0,S691,-1.664209273
10/1/2021,Buea,Winners Pharmacy,Trimethoprim-Sulfamethoxazole,1158,1,60,B3139,0,S679,-0.456934839
10/1/2021,Buea,Amazing Pharmacy Co Ltd,Paracetamol,354,1,59,B8951,0,S907,-0.96728111
10/1/2021,Buea,Mont Zion Pharmacy,Ibuprofen,597,0,41,B6631,0,S798,0.119190813
10/1/2021,Buea,Winners Pharmacy,Amodiaquine,931,,76,B1793,1,S147,-0.729036428
11/1/2021,Buea,Amazing Pharmacy Co Ltd,Amoxicillin,1657,0,40,B2631,,S741,2.57705433
11/1/2021,Buea,Mont Zion Pharmacy,Ciprofloxacin,2363,0,58,B8529,0,S116,0.174488199
11/1/2021,Buea,Winners Pharmacy,Metronidazole,1832,0,48,B3035,0,S978,0.833278617
11/1/2021,Buea,Amazing Pharmacy Co Ltd,Trimethoprim-Sulfamethoxazole,1302,0,52,B3588,0,S551,0.598155247
11/1/2021,Buea,Mont Zion Pharmacy,Paracetamol,332,1,58,B8479,0,S100,1.324087784
11/1/2021,Buea,Winners Pharmacy,Ibuprofen,578,1,39,B8009,0,S307,-0.291878854
11/1/2021,Buea,Amazing Pharmacy Co Ltd,Amodiaquine,765,1,45,B3161,0,S765,0.244383127
11/1/2021,Buea,Mont Zion Pharmacy,Amoxicillin,1619,0,40,B5945,0,S262,0.567246849
11/1/2021,Buea,Winners Pharmacy,Ciprofloxacin,2319,1,53,B5489,0,S195,-0.303487759
11/1/2021,Buea,Amazing Pharmacy Co Ltd,Metronidazole,2071,0,46,B6905,0,S356,1.99434495
11/1/2021,Buea,Mont Zion Pharmacy,Trimethoprim-Sulfamethoxazole,1244,1,41,B2350,0,S480,-0.480776562
11/1/2021,Buea,Winners Pharmacy,Paracetamol,402,1,47,B3711,0,S153,1.199980218
11/1/2021,Buea,Amazing Pharmacy Co Ltd,Ibuprofen,691,,44,B7493,1,S740,-0.66579987
11/1/2021,Buea,Mont Zion Pharmacy,Amodiaquine,753,1,62,B6005,1,S843,1.06518318
11/1/2021,Buea,Winners Pharmacy,Amoxicillin,1302,1,34,B4836,0,S539,-2.138988894
11/1/2021,Buea,Amazing Pharmacy Co Ltd,Ciprofloxacin,2178,1,46,B2494,0,S820,-0.196512914
11/1/2021,Buea,Mont Zion Pharmacy,Metronidazole,1849,1,57,B2559,1,S101,-0.276751031
11/1/2021,Buea,Winners Pharmacy,Trimethoprim-Sulfamethoxazole,1205,1,47,B4496,1,S588,-0.749842923
11/1/2021,Buea,Amazing Pharmacy Co Ltd,Paracetamol,413,,52,B2276,0,S235,0.772229933
11/1/2021,Buea,Mont Zion Pharmacy,Ibuprofen,708,1,53,B4705,0,S631,-0.433564033
11/1/2021,Buea,Winners Pharmacy,Amodiaquine,886,1,58,B8291,0,S109,-0.411458631
12/1/2021,Buea,Amazing Pharmacy Co Ltd,Amoxicillin,1659,1,31,B1132,0,S812,-0.547821424
12/1/2021,Buea,Mont Zion Pharmacy,Ciprofloxacin,2252,1,44,B6629,0,S936,-0.695548334
12/1/2021,Buea,Winners Pharmacy,Metronidazole,1980,1,46,B2975,0,S980,-0.05696568
12/1/2021,Buea,Amazing Pharmacy Co Ltd,Trimethoprim-Sulfamethoxazole,1335,1,63,B7919,0,S810,-0.979252333
12/1/2021,Buea,Mont Zion Pharmacy,Paracetamol,355,0,41,B3165,,S589,-0.011179115
12/1/2021,Buea,Winners Pharmacy,Ibuprofen,597,1,52,B2160,0,S334,-1.331106099
12/1/2021,Buea,Amazing Pharmacy Co Ltd,Amodiaquine,843,1,37,B7276,0,S191,-0.412922145
12/1/2021,Buea,Mont Zion Pharmacy,Amoxicillin,1326,1,59,B2678,0,S205,-1.28179562
12/1/2021,Buea,Winners Pharmacy,Ciprofloxacin,2386,1,41,B6133,1,S476,-0.373140476
12/1/2021,Buea,Amazing Pharmacy Co Ltd,Metronidazole,1756,1,49,B5902,0,S240,1.347857587
12/1/2021,Buea,Mont Zion Pharmacy,Trimethoprim-Sulfamethoxazole,1166,1,46,B7270,,S892,0.909233942
12/1/2021,Buea,Winners Pharmacy,Paracetamol,405,1,42,B3181,1,S756,0.087106219
12/1/2021,Buea,Amazing Pharmacy Co Ltd,Ibuprofen,683,1,55,B3340,0,S170,-1.007784272
12/1/2021,Buea,Mont Zion Pharmacy,Amodiaquine,944,1,50,B9691,0,S676,-0.423543333
12/1/2021,Buea,Winners Pharmacy,Amoxicillin,1544,1,45,B1138,1,S724,-1.558802769
12/1/2021,Buea,Amazing Pharmacy Co Ltd,Ciprofloxacin,1917,1,40,B3688,,S550,-0.740425981
12/1/2021,Buea,Mont Zion Pharmacy,Metronidazole,1883,1,59,B6753,0,S839,-0.385523704
12/1/2021,Buea,Winners Pharmacy,Trimethoprim-Sulfamethoxazole,1315,0,55,B4490,0,S743,-1.656604918
12/1/2021,Buea,Amazing Pharmacy Co Ltd,Paracetamol,387,,57,B3480,1,S521,1.864270368
12/1/2021,Buea,Mont Zion Pharmacy,Ibuprofen,614,1,59,B8248,1,S980,-1.183541371
12/1/2021,Buea,Winners Pharmacy,Amodiaquine,834,1,55,B4559,1,S188,-0.384624176
1/1/2022,Buea,Amazing Pharmacy Co Ltd,Amoxicillin,1727,1,64,B2646,1,S243,2.723117988
1/1/2022,Buea,Mont Zion Pharmacy,Ciprofloxacin,2105,0,56,B3017,0,S703,0.607367086
1/1/2022,Buea,Winners Pharmacy,Metronidazole,1871,0,45,B7291,1,S459,-0.05755147
1/1/2022,Buea,Amazing Pharmacy Co Ltd,Trimethoprim-Sulfamethoxazole,1380,1,51,B8035,0,S422,-0.573514021
1/1/2022,Buea,Mont Zion Pharmacy,Paracetamol,337,1,52,B3290,0,S353,-0.571450605
1/1/2022,Buea,Winners Pharmacy,Ibuprofen,721,0,55,B5537,0,S760,0.966171306
1/1/2022,Buea,Amazing Pharmacy Co Ltd,Amodiaquine,905,1,40,B2380,0,S354,0.295424127
1/1/2022,Buea,Mont Zion Pharmacy,Amoxicillin,1313,1,56,B5668,1,S897,0.185716689
1/1/2022,Buea,Winners Pharmacy,Ciprofloxacin,2371,1,48,B1439,0,S968,1.909297051
1/1/2022,Buea,Amazing Pharmacy Co Ltd,Metronidazole,2100,1,50,B5942,1,S310,-1.037704822
1/1/2022,Buea,Mont Zion Pharmacy,Trimethoprim-Sulfamethoxazole,1350,1,40,B9482,0,S721,1.642725907
1/1/2022,Buea,Winners Pharmacy,Paracetamol,333,1,49,B9348,1,S293,-0.959663327
1/1/2022,Buea,Amazing Pharmacy Co Ltd,Ibuprofen,557,1,71,B7418,1,S402,1.686651354
1/1/2022,Buea,Mont Zion Pharmacy,Amodiaquine,954,1,56,B1894,1,S902,-0.690140838
1/1/2022,Buea,Winners Pharmacy,Amoxicillin,1710,0,52,B4921,,S606,0.337825916
1/1/2022,Buea,Amazing Pharmacy Co Ltd,Ciprofloxacin,2111,1,46,B7322,1,S215,0.3579277
1/1/2022,Buea,Mont Zion Pharmacy,Metronidazole,1887,1,44,B4949,1,S611,-0.367929218
1/1/2022,Buea,Winners Pharmacy,Trimethoprim-Sulfamethoxazole,1156,1,57,B2163,0,S640,-1.108781579
1/1/2022,Buea,Amazing Pharmacy Co Ltd,Paracetamol,337,0,50,B1197,,S469,-0.506333563
1/1/2022,Buea,Mont Zion Pharmacy,Ibuprofen,594,,61,B6185,1,S235,0.995615164
1/1/2022,Buea,Winners Pharmacy,Amodiaquine,775,0,54,B7337,0,S981,0.015030037
2/1/2022,Buea,Amazing Pharmacy Co Ltd,Amoxicillin,1705,1,46,B7895,0,S474,0.620083682
2/1/2022,Buea,Mont Zion Pharmacy,Ciprofloxacin,2534,1,39,B9951,1,S799,-0.987579995
2/1/2022,Buea,Winners Pharmacy,Metronidazole,1973,1,42,B3830,,S881,-1.568612674
2/1/2022,Buea,Amazing Pharmacy Co Ltd,Trimethoprim-Sulfamethoxazole,1259,1,45,B8717,0,S888,-0.240365032
2/1/2022,Buea,Mont Zion Pharmacy,Paracetamol,391,1,55,B2195,,S117,-0.872114553
2/1/2022,Buea,Winners Pharmacy,Ibuprofen,563,1,56,B2106,1,S114,0.161115959
2/1/2022,Buea,Amazing Pharmacy Co Ltd,Amodiaquine,998,1,48,B5295,,S320,1.537137811
2/1/2022,Buea,Mont Zion Pharmacy,Amoxicillin,1725,0,46,B1652,1,S161,-0.65540604
2/1/2022,Buea,Winners Pharmacy,Ciprofloxacin,2507,1,42,B7520,0,S618,0.190632596
2/1/2022,Buea,Amazing Pharmacy Co Ltd,Metronidazole,2099,1,36,B5693,0,S743,0.024687764
2/1/2022,Buea,Mont Zion Pharmacy,Trimethoprim-Sulfamethoxazole,1212,0,56,B9209,0,S885,-1.96317291
2/1/2022,Buea,Winners Pharmacy,Paracetamol,353,1,69,B7806,0,S533,1.002269273
2/1/2022,Buea,Amazing Pharmacy Co Ltd,Ibuprofen,627,1,65,B7590,,S184,-0.414064433
2/1/2022,Buea,Mont Zion Pharmacy,Amodiaquine,968,1,42,B9791,0,S650,0.804579636
2/1/2022,Buea,Winners Pharmacy,Amoxicillin,1529,1,57,B3501,0,S384,0.828660122
2/1/2022,Buea,Amazing Pharmacy Co Ltd,Ciprofloxacin,2582,1,57,B2369,,S417,-1.844361662
2/1/2022,Buea,Mont Zion Pharmacy,Metronidazole,2166,1,59,B2294,0,S623,-0.783850585
2/1/2022,Buea,Winners Pharmacy,Trimethoprim-Sulfamethoxazole,1143,0,67,B4329,1,S927,-0.417789449
2/1/2022,Buea,Amazing Pharmacy Co Ltd,Paracetamol,410,1,62,B3545,1,S649,0.04201323
2/1/2022,Buea,Mont Zion Pharmacy,Ibuprofen,558,1,55,B6353,0,S500,-1.711488485
2/1/2022,Buea,Winners Pharmacy,Amodiaquine,824,1,41,B2083,1,S417,0.371381842
3/1/2022,Buea,Amazing Pharmacy Co Ltd,Amoxicillin,1384,1,59,B8167,0,S847,-0.643314327
3/1/2022,Buea,Mont Zion Pharmacy,Ciprofloxacin,2514,1,56,B4909,1,S159,0.96467424
3/1/2022,Buea,Winners Pharmacy,Metronidazole,1694,0,55,B5005,,S188,-0.051529438
3/1/2022,Buea,Amazing Pharmacy Co Ltd,Trimethoprim-Sulfamethoxazole,1380,1,56,B8118,0,S218,-0.809072662
3/1/2022,Buea,Mont Zion Pharmacy,Paracetamol,391,,62,B8428,0,S726,2.28026023
3/1/2022,Buea,Winners Pharmacy,Ibuprofen,594,1,45,B1901,0,S416,-0.733777283
3/1/2022,Buea,Amazing Pharmacy Co Ltd,Amodiaquine,956,0,52,B3877,0,S222,0.091926037
3/1/2022,Buea,Mont Zion Pharmacy,Amoxicillin,,1,49,B1207,1,S824,0.248932106
3/1/2022,Buea,Winners Pharmacy,Ciprofloxacin,2045,1,44,B3248,1,S818,0.932753096
3/1/2022,Buea,Amazing Pharmacy Co Ltd,Metronidazole,1794,1,48,B1185,0,S267,1.682284096
3/1/2022,Buea,Mont Zion Pharmacy,Trimethoprim-Sulfamethoxazole,1288,1,44,B9133,0,S455,0.334929026
3/1/2022,Buea,Winners Pharmacy,Paracetamol,366,1,47,B9568,,S629,1.588173928
3/1/2022,Buea,Amazing Pharmacy Co Ltd,Ibuprofen,665,1,54,B5247,0,S270,-0.310242058
3/1/2022,Buea,Mont Zion Pharmacy,Amodiaquine,989,1,51,B7092,0,S229,-0.550725282
3/1/2022,Buea,Winners Pharmacy,Amoxicillin,1613,1,52,B5403,0,S850,-1.69196122
3/1/2022,Buea,Amazing Pharmacy Co Ltd,Ciprofloxacin,2254,1,57,B2934,0,S889,0.795714448
3/1/2022,Buea,Mont Zion Pharmacy,Metronidazole,1805,1,57,B1480,1,S443,-1.825805742
3/1/2022,Buea,Winners Pharmacy,Trimethoprim-Sulfamethoxazole,1173,,52,B8034,,S378,1.002271036
3/1/2022,Buea,Amazing Pharmacy Co Ltd,Paracetamol,396,1,49,B9582,1,S165,-0.548564951
3/1/2022,Buea,Mont Zion Pharmacy,Ibuprofen,558,1,43,B5308,0,S829,-0.221695037
3/1/2022,Buea,Winners Pharmacy,Amodiaquine,848,1,38,B2262,0,S608,-0.137741099
4/1/2022,Buea,Amazing Pharmacy Co Ltd,Amoxicillin,1729,0,39,B8457,,S623,-1.473758901
4/1/2022,Buea,Mont Zion Pharmacy,Ciprofloxacin,2019,1,40,B6900,1,S156,0.027770079
4/1/2022,Buea,Winners Pharmacy,Metronidazole,2057,1,56,B9185,0,S979,0.077767469
4/1/2022,Buea,Amazing Pharmacy Co Ltd,Trimethoprim-Sulfamethoxazole,1203,0,51,B3734,,S476,1.451705881
4/1/2022,Buea,Mont Zion Pharmacy,Paracetamol,338,1,56,B3577,0,S361,-0.49029841
4/1/2022,Buea,Winners Pharmacy,Ibuprofen,655,1,38,B2685,0,S687,1.453668174
4/1/2022,Buea,Amazing Pharmacy Co Ltd,Amodiaquine,915,1,79,B2889,,S333,-0.659495708
4/1/2022,Buea,Mont Zion Pharmacy,Amoxicillin,1400,1,48,B9336,0,S102,-0.466449192
4/1/2022,Buea,Winners Pharmacy,Ciprofloxacin,1968,,48,B1721,0,S979,-0.231274265
4/1/2022,Buea,Amazing Pharmacy Co Ltd,Metronidazole,1773,1,60,B1201,1,S350,0.562839996
4/1/2022,Buea,Mont Zion Pharmacy,Trimethoprim-Sulfamethoxazole,1303,0,47,B1753,1,S583,-0.148347179
4/1/2022,Buea,Winners Pharmacy,Paracetamol,382,1,68,B6963,0,S492,-1.11374552
4/1/2022,Buea,Amazing Pharmacy Co Ltd,Ibuprofen,601,1,54,B3458,1,S283,1.345018656
4/1/2022,Buea,Mont Zion Pharmacy,Amodiaquine,764,1,101,B1579,1,S666,0.639125763
4/1/2022,Buea,Winners Pharmacy,Amoxicillin,1356,1,62,B7870,,S329,0.653478656
4/1/2022,Buea,Amazing Pharmacy Co Ltd,Ciprofloxacin,2537,1,67,B6272,1,S354,1.461025622
4/1/2022,Buea,Mont Zion Pharmacy,Metronidazole,1715,1,53,B7819,0,S837,0.002465829
4/1/2022,Buea,Winners Pharmacy,Trimethoprim-Sulfamethoxazole,1259,1,57,B6241,1,S377,0.557097959
4/1/2022,Buea,Amazing Pharmacy Co Ltd,Paracetamol,420,1,44,B2276,1,S685,-1.091529109
4/1/2022,Buea,Mont Zion Pharmacy,Ibuprofen,692,1,56,B7108,0,S222,1.179050216
4/1/2022,Buea,Winners Pharmacy,Amodiaquine,775,0,78,B9225,0,S789,-1.440922768
5/1/2022,Buea,Amazing Pharmacy Co Ltd,Amoxicillin,1429,1,58,B1862,0,S283,0.480324375
5/1/2022,Buea,Mont Zion Pharmacy,Ciprofloxacin,2451,1,36,B4656,,S923,-0.25103713
5/1/2022,Buea,Winners Pharmacy,Metronidazole,1804,1,51,B9450,0,S147,0.654023974
5/1/2022,Buea,Amazing Pharmacy Co Ltd,Trimethoprim-Sulfamethoxazole,1253,1,68,B7568,,S170,-0.752905395
5/1/2022,Buea,Mont Zion Pharmacy,Paracetamol,399,1,59,B8620,0,S986,0.124967191
5/1/2022,Buea,Winners Pharmacy,Ibuprofen,586,1,55,B5625,1,S892,-1.209148133
5/1/2022,Buea,Amazing Pharmacy Co Ltd,Amodiaquine,1016,1,59,B6090,,S435,-0.268371294
5/1/2022,Buea,Mont Zion Pharmacy,Amoxicillin,1730,1,41,B2415,0,S666,0.356629616
5/1/2022,Buea,Winners Pharmacy,Ciprofloxacin,2470,1,49,B8483,0,S108,-0.156013659
5/1/2022,Buea,Amazing Pharmacy Co Ltd,Metronidazole,1957,,45,B7044,1,S305,1.257084892
5/1/2022,Buea,Mont Zion Pharmacy,Trimethoprim-Sulfamethoxazole,1411,,51,B5777,0,S677,-1.01247437
5/1/2022,Buea,Winners Pharmacy,Paracetamol,353,0,58,B5979,1,S857,-0.535033085
5/1/2022,Buea,Amazing Pharmacy Co Ltd,Ibuprofen,566,1,46,B4974,1,S575,-0.573030926
5/1/2022,Buea,Mont Zion Pharmacy,Amodiaquine,800,1,67,B7033,1,S705,0.910251682
5/1/2022,Buea,Winners Pharmacy,Amoxicillin,1382,1,56,B9083,1,S891,0.155654197
5/1/2022,Buea,Amazing Pharmacy Co Ltd,Ciprofloxacin,2356,1,54,B4201,0,S850,-1.10168188
5/1/2022,Buea,Mont Zion Pharmacy,Metronidazole,2005,1,47,B9954,1,S878,-0.400124585
5/1/2022,Buea,Winners Pharmacy,Trimethoprim-Sulfamethoxazole,1113,1,55,B5016,1,S254,0.504152361
5/1/2022,Buea,Amazing Pharmacy Co Ltd,Paracetamol,351,1,43,B1104,1,S519,1.556104438
5/1/2022,Buea,Mont Zion Pharmacy,Ibuprofen,697,1,57,B1391,0,S338,0.246730451
5/1/2022,Buea,Winners Pharmacy,Amodiaquine,858,0,96,B9872,0,S454,1.458432703
6/1/2022,Buea,Amazing Pharmacy Co Ltd,Amoxicillin,1495,1,48,B1157,0,S443,0.081376032
6/1/2022,Buea,Mont Zion Pharmacy,Ciprofloxacin,2384,1,48,B1023,1,S877,-0.513184381
6/1/2022,Buea,Winners Pharmacy,Metronidazole,1989,1,35,B7164,0,S969,-0.517965384
6/1/2022,Buea,Amazing Pharmacy Co Ltd,Trimethoprim-Sulfamethoxazole,1329,1,55,B6038,1,S206,0.627392074
6/1/2022,Buea,Mont Zion Pharmacy,Paracetamol,350,1,45,B4361,0,S642,-0.103919511
6/1/2022,Buea,Winners Pharmacy,Ibuprofen,661,1,59,B4902,1,S529,1.10027518
6/1/2022,Buea,Amazing Pharmacy Co Ltd,Amodiaquine,897,0,80,B9061,0,S161,1.579866956
6/1/2022,Buea,Mont Zion Pharmacy,Amoxicillin,1646,0,44,B3332,0,S828,0.723972744
6/1/2022,Buea,Winners Pharmacy,Ciprofloxacin,1999,,52,B5584,0,S195,0.89890321
6/1/2022,Buea,Amazing Pharmacy Co Ltd,Metronidazole,1693,1,40,B1719,1,S337,-2.242221659
6/1/2022,Buea,Mont Zion Pharmacy,Trimethoprim-Sulfamethoxazole,,1,44,B9515,0,S522,0.832504781
6/1/2022,Buea,Winners Pharmacy,Paracetamol,430,1,53,B7102,1,S569,1.746787387
6/1/2022,Buea,Amazing Pharmacy Co Ltd,Ibuprofen,646,1,45,B2391,0,S694,-2.059781569
6/1/2022,Buea,Mont Zion Pharmacy,Amodiaquine,971,0,74,B2565,0,S617,-0.318481799
6/1/2022,Buea,Winners Pharmacy,Amoxicillin,1322,0,45,B3187,0,S752,0.540630726
6/1/2022,Buea,Amazing Pharmacy Co Ltd,Ciprofloxacin,2014,1,41,B7461,0,S176,-0.632468416
6/1/2022,Buea,Mont Zion Pharmacy,Metronidazole,1764,1,47,B2020,0,S545,-0.991772646
6/1/2022,Buea,Winners Pharmacy,Trimethoprim-Sulfamethoxazole,1267,1,28,B3141,0,S342,0.70193774
6/1/2022,Buea,Amazing Pharmacy Co Ltd,Paracetamol,,1,48,B5778,0,S367,-0.900457978
6/1/2022,Buea,Mont Zion Pharmacy,Ibuprofen,683,1,48,B6161,0,S920,-0.190077247
6/1/2022,Buea,Winners Pharmacy,Amodiaquine,808,1,69,B7438,1,S817,0.752130949
7/1/2022,Buea,Amazing Pharmacy Co Ltd,Amoxicillin,1627,1,57,B6345,0,S425,-0.695936402
7/1/2022,Buea,Mont Zion Pharmacy,Ciprofloxacin,2187,1,58,B8417,1,S378,1.992365664
7/1/2022,Buea,Winners Pharmacy,Metronidazole,1673,1,39,B4827,0,S176,-0.824059119
7/1/2022,Buea,Amazing Pharmacy Co Ltd,Trimethoprim-Sulfamethoxazole,1366,1,55,B4321,0,S239,1.014586253
7/1/2022,Buea,Mont Zion Pharmacy,Paracetamol,370,0,53,B2785,0,S259,0.524041437
7/1/2022,Buea,Winners Pharmacy,Ibuprofen,622,1,62,B2731,0,S268,-0.937869603
7/1/2022,Buea,Amazing Pharmacy Co Ltd,Amodiaquine,946,0,52,B8365,,S577,-0.036602663
7/1/2022,Buea,Mont Zion Pharmacy,Amoxicillin,1420,1,56,B6145,0,S516,-1.130044169
7/1/2022,Buea,Winners Pharmacy,Ciprofloxacin,2078,1,57,B2978,1,S648,0.481171558
7/1/2022,Buea,Amazing Pharmacy Co Ltd,Metronidazole,1933,1,40,B6870,0,S888,-0.987917834
7/1/2022,Buea,Mont Zion Pharmacy,Trimethoprim-Sulfamethoxazole,1347,1,35,B4401,,S562,0.275663198
7/1/2022,Buea,Winners Pharmacy,Paracetamol,428,1,62,B6051,0,S574,0.566138309
7/1/2022,Buea,Amazing Pharmacy Co Ltd,Ibuprofen,659,1,52,B5341,1,S972,0.74629386
7/1/2022,Buea,Mont Zion Pharmacy,Amodiaquine,952,1,53,B2964,1,S192,0.156327916
7/1/2022,Buea,Winners Pharmacy,Amoxicillin,1697,1,44,B3582,1,S926,-0.290503419
7/1/2022,Buea,Amazing Pharmacy Co Ltd,Ciprofloxacin,2050,1,42,B5984,0,S946,-0.078892222
7/1/2022,Buea,Mont Zion Pharmacy,Metronidazole,1837,1,59,B1660,1,S320,-1.232560562
7/1/2022,Buea,Winners Pharmacy,Trimethoprim-Sulfamethoxazole,1312,1,56,B6370,,S251,1.854433433
7/1/2022,Buea,Amazing Pharmacy Co Ltd,Paracetamol,359,1,57,B2494,1,S828,-0.586849734
7/1/2022,Buea,Mont Zion Pharmacy,Ibuprofen,621,1,66,B5066,0,S464,-2.259901367
7/1/2022,Buea,Winners Pharmacy,Amodiaquine,797,1,44,B7492,1,S625,-0.031135538
8/1/2022,Buea,Amazing Pharmacy Co Ltd,Amoxicillin,1463,1,45,B1802,,S793,0.334198943
8/1/2022,Buea,Mont Zion Pharmacy,Ciprofloxacin,2230,1,50,B5896,0,S366,0.148362859
8/1/2022,Buea,Winners Pharmacy,Metronidazole,1662,1,57,B3848,0,S131,-0.334089207
8/1/2022,Buea,Amazing Pharmacy Co Ltd,Trimethoprim-Sulfamethoxazole,1264,1,52,B7625,1,S975,0.124773488
8/1/2022,Buea,Mont Zion Pharmacy,Paracetamol,431,1,58,B8408,0,S669,-0.170284532
8/1/2022,Buea,Winners Pharmacy,Ibuprofen,571,1,62,B5093,0,S196,-0.062180054
8/1/2022,Buea,Amazing Pharmacy Co Ltd,Amodiaquine,790,1,47,B8570,0,S204,-0.237975813
8/1/2022,Buea,Mont Zion Pharmacy,Amoxicillin,1438,1,53,B3290,1,S224,0.692464341
8/1/2022,Buea,Winners Pharmacy,Ciprofloxacin,2334,1,49,B1195,1,S163,-0.44849137
8/1/2022,Buea,Amazing Pharmacy Co Ltd,Metronidazole,2147,1,60,B4641,1,S233,0.983735511
8/1/2022,Buea,Mont Zion Pharmacy,Trimethoprim-Sulfamethoxazole,1280,0,46,B4246,0,S943,-0.232910207
8/1/2022,Buea,Winners Pharmacy,Paracetamol,378,,53,B7563,0,S481,0.532433729
8/1/2022,Buea,Amazing Pharmacy Co Ltd,Ibuprofen,686,1,56,B2376,0,S696,-2.468067754
8/1/2022,Buea,Mont Zion Pharmacy,Amodiaquine,943,1,60,B5240,,S932,1.999755832
8/1/2022,Buea,Winners Pharmacy,Amoxicillin,1597,1,51,B2228,0,S122,-1.054380195
8/1/2022,Buea,Amazing Pharmacy Co Ltd,Ciprofloxacin,2322,1,50,B2056,0,S302,0.241554868
8/1/2022,Buea,Mont Zion Pharmacy,Metronidazole,2060,1,53,B8265,,S928,-0.100717254
8/1/2022,Buea,Winners Pharmacy,Trimethoprim-Sulfamethoxazole,1225,0,40,B3110,0,S194,1.454749535
8/1/2022,Buea,Amazing Pharmacy Co Ltd,Paracetamol,415,,61,B6432,1,S225,1.880761146
8/1/2022,Buea,Mont Zion Pharmacy,Ibuprofen,699,1,60,B1699,1,S572,1.092627565
8/1/2022,Buea,Winners Pharmacy,Amodiaquine,817,1,48,B1829,0,S272,0.019034176
9/1/2022,Buea,Amazing Pharmacy Co Ltd,Amoxicillin,1499,0,50,B8096,0,S941,0.141479341
9/1/2022,Buea,Mont Zion Pharmacy,Ciprofloxacin,2181,1,53,B7471,1,S608,1.332031812
9/1/2022,Buea,Winners Pharmacy,Metronidazole,1726,1,45,B1483,1,S491,-0.81720107
9/1/2022,Buea,Amazing Pharmacy Co Ltd,Trimethoprim-Sulfamethoxazole,1202,0,51,B7990,1,S276,0.890418585
9/1/2022,Buea,Mont Zion Pharmacy,Paracetamol,375,1,58,B6799,0,S319,-0.303114322
9/1/2022,Buea,Winners Pharmacy,Ibuprofen,726,1,58,B4066,1,S381,0.756286729
9/1/2022,Buea,Amazing Pharmacy Co Ltd,Amodiaquine,871,1,81,B5585,0,S556,-0.317830542
9/1/2022,Buea,Mont Zion Pharmacy,Amoxicillin,1322,1,42,B3435,0,S135,0.151538881
9/1/2022,Buea,Winners Pharmacy,Ciprofloxacin,2021,0,62,B5026,,S762,-0.014269178
9/1/2022,Buea,Amazing Pharmacy Co Ltd,Metronidazole,1647,1,61,B5835,1,S610,-0.1964917
9/1/2022,Buea,Mont Zion Pharmacy,Trimethoprim-Sulfamethoxazole,1228,0,64,B7750,0,S663,0.263974309
9/1/2022,Buea,Winners Pharmacy,Paracetamol,396,,55,B8848,0,S162,-1.283853887
9/1/2022,Buea,Amazing Pharmacy Co Ltd,Ibuprofen,698,,51,B2437,0,S386,0.540384048
9/1/2022,Buea,Mont Zion Pharmacy,Amodiaquine,763,1,53,B7275,1,S240,1.936277113
9/1/2022,Buea,Winners Pharmacy,Amoxicillin,1440,1,47,B7868,1,S304,0.426655811
9/1/2022,Buea,Amazing Pharmacy Co Ltd,Ciprofloxacin,2250,1,53,B9614,0,S355,1.987806565
9/1/2022,Buea,Mont Zion Pharmacy,Metronidazole,2153,1,58,B9907,1,S913,0.344933843
9/1/2022,Buea,Winners Pharmacy,Trimethoprim-Sulfamethoxazole,1277,,63,B1319,0,S491,0.043371957
9/1/2022,Buea,Amazing Pharmacy Co Ltd,Paracetamol,331,1,52,B6883,0,S591,0.868229253
9/1/2022,Buea,Mont Zion Pharmacy,Ibuprofen,597,1,47,B9921,0,S900,-0.656614531
9/1/2022,Buea,Winners Pharmacy,Amodiaquine,995,0,79,B8940,1,S452,0.627352389
10/1/2022,Buea,Amazing Pharmacy Co Ltd,Amoxicillin,1579,0,57,B9231,,S429,0.061595855
10/1/2022,Buea,Mont Zion Pharmacy,Ciprofloxacin,2139,1,42,B7363,1,S376,-1.259371275
10/1/2022,Buea,Winners Pharmacy,Metronidazole,1827,0,42,B3946,,S126,-0.40422329
10/1/2022,Buea,Amazing Pharmacy Co Ltd,Trimethoprim-Sulfamethoxazole,1149,1,35,B6224,1,S711,-0.958896161
10/1/2022,Buea,Mont Zion Pharmacy,Paracetamol,411,1,55,B4588,,S130,-0.63655721
10/1/2022,Buea,Winners Pharmacy,Ibuprofen,720,1,42,B5602,1,S159,1.98155025
10/1/2022,Buea,Amazing Pharmacy Co Ltd,Amodiaquine,895,,71,B8728,1,S642,-1.539659419
10/1/2022,Buea,Mont Zion Pharmacy,Amoxicillin,1592,1,33,B6856,1,S885,1.758069361
10/1/2022,Buea,Winners Pharmacy,Ciprofloxacin,2092,1,54,B4813,0,S263,0.56068066
10/1/2022,Buea,Amazing Pharmacy Co Ltd,Metronidazole,1989,1,45,B2640,1,S353,0.08581632
10/1/2022,Buea,Mont Zion Pharmacy,Trimethoprim-Sulfamethoxazole,1311,1,55,B4951,1,S372,0.043791648
10/1/2022,Buea,Winners Pharmacy,Paracetamol,327,1,47,B9743,1,S935,0.118459549
10/1/2022,Buea,Amazing Pharmacy Co Ltd,Ibuprofen,652,1,51,B1916,1,S882,-1.131886379
10/1/2022,Buea,Mont Zion Pharmacy,Amodiaquine,863,1,66,B4594,0,S689,-2.002142553
10/1/2022,Buea,Winners Pharmacy,Amoxicillin,1673,1,44,B7363,0,S463,-1.16864743
10/1/2022,Buea,Amazing Pharmacy Co Ltd,Ciprofloxacin,2154,1,49,B3846,1,S280,0.018280086
10/1/2022,Buea,Mont Zion Pharmacy,Metronidazole,2096,1,58,B4875,0,S706,-1.369227113
10/1/2022,Buea,Winners Pharmacy,Trimethoprim-Sulfamethoxazole,1292,1,50,B6210,1,S925,2.917032771
10/1/2022,Buea,Amazing Pharmacy Co Ltd,Paracetamol,417,1,50,B6878,0,S705,0.478846868
10/1/2022,Buea,Mont Zion Pharmacy,Ibuprofen,571,1,59,B1462,1,S820,-1.927482428
10/1/2022,Buea,Winners Pharmacy,Amodiaquine,931,1,85,B6761,,S681,-0.387151056
11/1/2022,Buea,Amazing Pharmacy Co Ltd,Amoxicillin,,1,61,B3328,0,S676,-0.589507172
11/1/2022,Buea,Mont Zion Pharmacy,Ciprofloxacin,2137,0,33,B4084,1,S956,0.326158864
11/1/2022,Buea,Winners Pharmacy,Metronidazole,2001,1,63,B9064,,S655,1.054892413
11/1/2022,Buea,Amazing Pharmacy Co Ltd,Trimethoprim-Sulfamethoxazole,1334,1,46,B6063,0,S279,0.944042148
11/1/2022,Buea,Mont Zion Pharmacy,Paracetamol,406,1,49,B9035,1,S138,-0.445185412
11/1/2022,Buea,Winners Pharmacy,Ibuprofen,607,1,31,B2478,0,S157,-0.257389266
11/1/2022,Buea,Amazing Pharmacy Co Ltd,Amodiaquine,,,55,B4811,1,S716,-0.177356549
11/1/2022,Buea,Mont Zion Pharmacy,Amoxicillin,1449,1,42,B4584,0,S120,0.193465371
11/1/2022,Buea,Winners Pharmacy,Ciprofloxacin,2313,0,54,B9625,0,S589,0.170555154
11/1/2022,Buea,Amazing Pharmacy Co Ltd,Metronidazole,1762,0,51,B1011,0,S439,-0.612989489
11/1/2022,Buea,Mont Zion Pharmacy,Trimethoprim-Sulfamethoxazole,1195,1,44,B4300,0,S925,-0.859825471
11/1/2022,Buea,Winners Pharmacy,Paracetamol,337,1,50,B3137,0,S448,1.299588478
11/1/2022,Buea,Amazing Pharmacy Co Ltd,Ibuprofen,656,0,53,B3907,,S921,-1.938391061
11/1/2022,Buea,Mont Zion Pharmacy,Amodiaquine,879,1,43,B6301,1,S160,0.12696908
11/1/2022,Buea,Winners Pharmacy,Amoxicillin,1393,1,50,B1359,0,S251,0.82850308
11/1/2022,Buea,Amazing Pharmacy Co Ltd,Ciprofloxacin,2253,1,53,B3320,1,S892,-1.867563936
11/1/2022,Buea,Mont Zion Pharmacy,Metronidazole,1811,1,68,B2817,0,S966,-0.242802287
11/1/2022,Buea,Winners Pharmacy,Trimethoprim-Sulfamethoxazole,1359,1,59,B9622,0,S981,1.057768647
11/1/2022,Buea,Amazing Pharmacy Co Ltd,Paracetamol,417,1,33,B6978,0,S174,1.462374151
11/1/2022,Buea,Mont Zion Pharmacy,Ibuprofen,580,0,48,B7120,1,S821,-2.332238515
11/1/2022,Buea,Winners Pharmacy,Amodiaquine,983,1,53,B7481,1,S700,-1.039371606
12/1/2022,Buea,Amazing Pharmacy Co Ltd,Amoxicillin,1473,1,47,B2655,0,S444,-0.868280732
12/1/2022,Buea,Mont Zion Pharmacy,Ciprofloxacin,2068,1,58,B5944,0,S430,-0.780814597
12/1/2022,Buea,Winners Pharmacy,Metronidazole,1942,1,53,B3235,1,S261,2.211403576
12/1/2022,Buea,Amazing Pharmacy Co Ltd,Trimethoprim-Sulfamethoxazole,1355,1,49,B8157,0,S910,0.465343994
12/1/2022,Buea,Mont Zion Pharmacy,Paracetamol,346,1,36,B8982,0,S764,-1.154355895
12/1/2022,Buea,Winners Pharmacy,Ibuprofen,554,1,42,B6198,1,S278,-1.210261791
12/1/2022,Buea,Amazing Pharmacy Co Ltd,Amodiaquine,882,1,45,B6846,0,S328,1.428234214
12/1/2022,Buea,Mont Zion Pharmacy,Amoxicillin,1387,1,58,B3872,1,S487,-0.806770452
12/1/2022,Buea,Winners Pharmacy,Ciprofloxacin,2587,0,60,B6026,1,S851,-0.077482774
12/1/2022,Buea,Amazing Pharmacy Co Ltd,Metronidazole,2089,1,54,B5825,0,S230,-0.740937114
12/1/2022,Buea,Mont Zion Pharmacy,Trimethoprim-Sulfamethoxazole,1208,1,40,B3911,0,S846,0.855893305
12/1/2022,Buea,Winners Pharmacy,Paracetamol,369,1,68,B1029,0,S818,-2.007360852
12/1/2022,Buea,Amazing Pharmacy Co Ltd,Ibuprofen,680,1,62,B7415,0,S971,-1.061010599
12/1/2022,Buea,Mont Zion Pharmacy,Amodiaquine,861,1,52,B1530,0,S286,0.892209873
12/1/2022,Buea,Winners Pharmacy,Amoxicillin,1382,1,48,B6213,1,S928,0.21812437
12/1/2022,Buea,Amazing Pharmacy Co Ltd,Ciprofloxacin,2607,1,43,B4619,0,S754,0.916269199
12/1/2022,Buea,Mont Zion Pharmacy,Metronidazole,2093,1,44,B2705,0,S608,2.486020246
12/1/2022,Buea,Winners Pharmacy,Trimethoprim-Sulfamethoxazole,1180,1,46,B3304,1,S439,-0.685018443
12/1/2022,Buea,Amazing Pharmacy Co Ltd,Paracetamol,421,1,54,B2274,1,S343,1.793114328
12/1/2022,Buea,Mont Zion Pharmacy,Ibuprofen,686,1,54,B6682,0,S427,-0.52304043
12/1/2022,Buea,Winners Pharmacy,Amodiaquine,875,0,55,B3750,1,S751,-0.741909
1/1/2023,Buea,Amazing Pharmacy Co Ltd,Amoxicillin,1505,1,54,B2453,1,S941,0.090583923
1/1/2023,Buea,Mont Zion Pharmacy,Ciprofloxacin,2542,1,46,B6500,,S557,0.752638534
1/1/2023,Buea,Winners Pharmacy,Metronidazole,2091,1,55,B1186,0,S371,-0.126365998
1/1/2023,Buea,Amazing Pharmacy Co Ltd,Trimethoprim-Sulfamethoxazole,1216,1,48,B4435,0,S355,0.222802102
1/1/2023,Buea,Mont Zion Pharmacy,Paracetamol,397,1,55,B2110,,S458,-1.662524502
1/1/2023,Buea,Winners Pharmacy,Ibuprofen,614,1,59,B5205,0,S905,-1.496988989
1/1/2023,Buea,Amazing Pharmacy Co Ltd,Amodiaquine,998,0,46,B2770,1,S837,-0.237143909
1/1/2023,Buea,Mont Zion Pharmacy,Amoxicillin,1642,0,52,B1020,1,S149,0.328626115
1/1/2023,Buea,Winners Pharmacy,Ciprofloxacin,2241,1,51,B7323,0,S548,-1.240909066
1/1/2023,Buea,Amazing Pharmacy Co Ltd,Metronidazole,2098,1,39,B7875,0,S270,-0.400337718
1/1/2023,Buea,Mont Zion Pharmacy,Trimethoprim-Sulfamethoxazole,1340,1,51,B7783,1,S604,0.608479681
1/1/2023,Buea,Winners Pharmacy,Paracetamol,430,0,50,B7204,0,S459,-0.059226169
1/1/2023,Buea,Amazing Pharmacy Co Ltd,Ibuprofen,658,1,67,B9946,,S484,-0.907868808
1/1/2023,Buea,Mont Zion Pharmacy,Amodiaquine,816,1,43,B2661,1,S948,0.451368031
1/1/2023,Buea,Winners Pharmacy,Amoxicillin,1761,1,42,B8855,1,S907,0.777937768
1/1/2023,Buea,Amazing Pharmacy Co Ltd,Ciprofloxacin,2598,1,49,B4695,1,S266,-0.144330468
1/1/2023,Buea,Mont Zion Pharmacy,Metronidazole,1703,1,64,B8393,0,S175,-0.386793338
1/1/2023,Buea,Winners Pharmacy,Trimethoprim-Sulfamethoxazole,1171,1,47,B1547,0,S401,-0.006736156
1/1/2023,Buea,Amazing Pharmacy Co Ltd,Paracetamol,397,1,71,B1328,0,S426,-0.477789404
1/1/2023,Buea,Mont Zion Pharmacy,Ibuprofen,637,0,60,B5278,0,S207,0.302150237
1/1/2023,Buea,Winners Pharmacy,Amodiaquine,899,1,48,B2215,0,S450,1.254744837
2/1/2023,Buea,Amazing Pharmacy Co Ltd,Amoxicillin,1718,1,55,B3787,0,S484,1.251528869
2/1/2023,Buea,Mont Zion Pharmacy,Ciprofloxacin,2352,1,49,B3636,0,S849,1.495214498
2/1/2023,Buea,Winners Pharmacy,Metronidazole,2033,1,50,B2228,1,S660,0.769820903
2/1/2023,Buea,Amazing Pharmacy Co Ltd,Trimethoprim-Sulfamethoxazole,1117,,51,B2525,0,S446,-1.274805615
2/1/2023,Buea,Mont Zion Pharmacy,Paracetamol,343,1,67,B8909,0,S821,-0.45257997
2/1/2023,Buea,Winners Pharmacy,Ibuprofen,646,1,70,B1507,0,S541,-0.155048659
2/1/2023,Buea,Amazing Pharmacy Co Ltd,Amodiaquine,788,,38,B3703,0,S721,0.166865247
2/1/2023,Buea,Mont Zion Pharmacy,Amoxicillin,1506,1,60,B8113,,S260,0.197548628
2/1/2023,Buea,Winners Pharmacy,Ciprofloxacin,2352,1,57,B1877,,S203,0.200910937
2/1/2023,Buea,Amazing Pharmacy Co Ltd,Metronidazole,1836,1,57,B6424,0,S310,0.428821006
2/1/2023,Buea,Mont Zion Pharmacy,Trimethoprim-Sulfamethoxazole,1148,1,65,B4112,1,S519,-1.08101207
2/1/2023,Buea,Winners Pharmacy,Paracetamol,440,1,65,B9849,0,S371,0.1476381
2/1/2023,Buea,Amazing Pharmacy Co Ltd,Ibuprofen,604,1,58,B5612,1,S404,-0.962143529
2/1/2023,Buea,Mont Zion Pharmacy,Amodiaquine,831,1,43,B4891,0,S198,-0.072566487
2/1/2023,Buea,Winners Pharmacy,Amoxicillin,1673,0,44,B1813,,S502,-0.849908253
2/1/2023,Buea,Amazing Pharmacy Co Ltd,Ciprofloxacin,2672,1,57,B9043,0,S257,0.244447958
2/1/2023,Buea,Mont Zion Pharmacy,Metronidazole,2114,0,55,B1893,0,S469,-0.097381006
2/1/2023,Buea,Winners Pharmacy,Trimethoprim-Sulfamethoxazole,1177,1,59,B1062,0,S537,-0.707577891
2/1/2023,Buea,Amazing Pharmacy Co Ltd,Paracetamol,370,1,65,B2435,1,S401,0.268667925
2/1/2023,Buea,Mont Zion Pharmacy,Ibuprofen,604,1,53,B8869,0,S304,-0.455882735
2/1/2023,Buea,Winners Pharmacy,Amodiaquine,902,1,57,B2589,0,S126,0.462074256
3/1/2023,Buea,Amazing Pharmacy Co Ltd,Amoxicillin,1678,0,43,B4390,0,S274,0.26826571
3/1/2023,Buea,Mont Zion Pharmacy,Ciprofloxacin,2637,1,48,B5781,0,S183,0.214282492
3/1/2023,Buea,Winners Pharmacy,Metronidazole,,1,45,B8758,0,S964,0.201054987
3/1/2023,Buea,Amazing Pharmacy Co Ltd,Trimethoprim-Sulfamethoxazole,1374,1,44,B2892,0,S415,-0.345542741
3/1/2023,Buea,Mont Zion Pharmacy,Paracetamol,433,0,52,B7512,0,S582,1.426836142
3/1/2023,Buea,Winners Pharmacy,Ibuprofen,582,1,48,B9013,1,S776,-0.126660882
3/1/2023,Buea,Amazing Pharmacy Co Ltd,Amodiaquine,991,1,42,B5341,1,S193,2.169270735
3/1/2023,Buea,Mont Zion Pharmacy,Amoxicillin,1393,,42,B9914,0,S496,-0.165681329
3/1/2023,Buea,Winners Pharmacy,Ciprofloxacin,2410,1,44,B4029,1,S479,-2.379814282
3/1/2023,Buea,Amazing Pharmacy Co Ltd,Metronidazole,1750,,48,B7249,0,S478,-0.734239948
3/1/2023,Buea,Mont Zion Pharmacy,Trimethoprim-Sulfamethoxazole,1288,1,55,B4056,1,S556,-0.257216037
3/1/2023,Buea,Winners Pharmacy,Paracetamol,349,1,54,B1731,1,S369,-1.182246402
3/1/2023,Buea,Amazing Pharmacy Co Ltd,Ibuprofen,584,0,39,B8204,1,S576,0.0686282
3/1/2023,Buea,Mont Zion Pharmacy,Amodiaquine,888,1,46,B5315,0,S331,1.062191308
3/1/2023,Buea,Winners Pharmacy,Amoxicillin,1662,1,54,B5400,0,S677,1.483563242
3/1/2023,Buea,Amazing Pharmacy Co Ltd,Ciprofloxacin,,1,53,B2009,1,S254,-0.209757531
3/1/2023,Buea,Mont Zion Pharmacy,Metronidazole,1962,,47,B2584,0,S187,2.09569033
3/1/2023,Buea,Winners Pharmacy,Trimethoprim-Sulfamethoxazole,1155,1,54,B6632,0,S927,-0.458355593
3/1/2023,Buea,Amazing Pharmacy Co Ltd,Paracetamol,420,0,58,B9871,0,S523,0.802367433
3/1/2023,Buea,Mont Zion Pharmacy,Ibuprofen,581,1,69,B4727,0,S666,1.630125746
3/1/2023,Buea,Winners Pharmacy,Amodiaquine,942,1,58,B1999,,S960,0.563335503
4/1/2023,Buea,Amazing Pharmacy Co Ltd,Amoxicillin,1401,1,52,B7342,0,S938,-0.434826791
4/1/2023,Buea,Mont Zion Pharmacy,Ciprofloxacin,2548,1,49,B9561,1,S528,0.182615784
4/1/2023,Buea,Winners Pharmacy,Metronidazole,1777,0,32,B9773,0,S803,-1.124403496
4/1/2023,Buea,Amazing Pharmacy Co Ltd,Trimethoprim-Sulfamethoxazole,1249,,60,B8779,0,S686,0.555626823
4/1/2023,Buea,Mont Zion Pharmacy,Paracetamol,420,1,48,B4860,1,S587,-0.98216695
4/1/2023,Buea,Winners Pharmacy,Ibuprofen,575,0,43,B5896,1,S180,1.105481352
4/1/2023,Buea,Amazing Pharmacy Co Ltd,Amodiaquine,1015,1,60,B7468,0,S974,-2.476681556
4/1/2023,Buea,Mont Zion Pharmacy,Amoxicillin,1461,1,52,B1568,0,S614,-1.442635671
4/1/2023,Buea,Winners Pharmacy,Ciprofloxacin,2374,1,57,B9467,0,S919,0.099557598
4/1/2023,Buea,Amazing Pharmacy Co Ltd,Metronidazole,1679,0,43,B3415,1,S223,-0.633993463
4/1/2023,Buea,Mont Zion Pharmacy,Trimethoprim-Sulfamethoxazole,1154,1,38,B8357,0,S277,-0.359968421
4/1/2023,Buea,Winners Pharmacy,Paracetamol,431,1,48,B3738,0,S316,-0.175571209
4/1/2023,Buea,Amazing Pharmacy Co Ltd,Ibuprofen,575,1,53,B4157,,S229,0.1029956
4/1/2023,Buea,Mont Zion Pharmacy,Amodiaquine,882,,77,B1699,0,S533,-0.209907791
4/1/2023,Buea,Winners Pharmacy,Amoxicillin,1684,0,45,B2283,1,S799,0.351815451
4/1/2023,Buea,Amazing Pharmacy Co Ltd,Ciprofloxacin,2655,1,45,B8133,0,S306,1.308474169
4/1/2023,Buea,Mont Zion Pharmacy,Metronidazole,1683,1,36,B3422,0,S954,-1.26284525
4/1/2023,Buea,Winners Pharmacy,Trimethoprim-Sulfamethoxazole,1446,1,44,B5225,1,S427,0.658551602
4/1/2023,Buea,Amazing Pharmacy Co Ltd,Paracetamol,350,1,53,B2097,0,S189,-2.499482528
4/1/2023,Buea,Mont Zion Pharmacy,Ibuprofen,572,1,48,B7358,1,S669,-0.028017622
4/1/2023,Buea,Winners Pharmacy,Amodiaquine,995,1,73,B7510,,S665,1.207003239
5/1/2023,Buea,Amazing Pharmacy Co Ltd,Amoxicillin,1569,0,49,B6343,,S977,1.044666236
5/1/2023,Buea,Mont Zion Pharmacy,Ciprofloxacin,2150,1,51,B5525,,S632,-0.613598572
5/1/2023,Buea,Winners Pharmacy,Metronidazole,,1,53,B8506,0,S994,-1.313944497
5/1/2023,Buea,Amazing Pharmacy Co Ltd,Trimethoprim-Sulfamethoxazole,1414,1,43,B1202,1,S905,0.264541376
5/1/2023,Buea,Mont Zion Pharmacy,Paracetamol,337,1,51,B9561,0,S900,0.487522059
5/1/2023,Buea,Winners Pharmacy,Ibuprofen,739,1,54,B7874,0,S215,1.704110521
5/1/2023,Buea,Amazing Pharmacy Co Ltd,Amodiaquine,985,1,70,B7790,0,S253,-1.227129137
5/1/2023,Buea,Mont Zion Pharmacy,Amoxicillin,1581,1,45,B3428,1,S680,0.402639957
5/1/2023,Buea,Winners Pharmacy,Ciprofloxacin,2669,1,47,B2641,0,S208,0.919442416
5/1/2023,Buea,Amazing Pharmacy Co Ltd,Metronidazole,1738,1,53,B2654,0,S904,1.106092523
5/1/2023,Buea,Mont Zion Pharmacy,Trimethoprim-Sulfamethoxazole,1277,1,49,B5687,0,S988,0.167862394
5/1/2023,Buea,Winners Pharmacy,Paracetamol,398,1,47,B9775,0,S452,-0.394852104
5/1/2023,Buea,Amazing Pharmacy Co Ltd,Ibuprofen,653,1,53,B7732,1,S370,0.411725107
5/1/2023,Buea,Mont Zion Pharmacy,Amodiaquine,1008,1,73,B7275,0,S770,-1.014215009
5/1/2023,Buea,Winners Pharmacy,Amoxicillin,1732,1,52,B8955,1,S685,0.268705453
5/1/2023,Buea,Amazing Pharmacy Co Ltd,Ciprofloxacin,,1,50,B8750,0,S138,-0.514932363
5/1/2023,Buea,Mont Zion Pharmacy,Metronidazole,1769,1,47,B3821,0,S382,-0.367752004
5/1/2023,Buea,Winners Pharmacy,Trimethoprim-Sulfamethoxazole,1334,1,38,B7602,0,S247,0.766177598
5/1/2023,Buea,Amazing Pharmacy Co Ltd,Paracetamol,432,1,47,B7581,0,S139,-1.165770617
5/1/2023,Buea,Mont Zion Pharmacy,Ibuprofen,569,1,50,B7484,1,S439,1.856843663
5/1/2023,Buea,Winners Pharmacy,Amodiaquine,821,1,82,B4892,0,S150,0.276330843
6/1/2023,Buea,Amazing Pharmacy Co Ltd,Amoxicillin,1702,1,57,B8785,0,S375,0.402351988
6/1/2023,Buea,Mont Zion Pharmacy,Ciprofloxacin,2629,0,68,B7102,0,S120,-0.474934622
6/1/2023,Buea,Winners Pharmacy,Metronidazole,1947,1,49,B6535,0,S937,-0.652266503
6/1/2023,Buea,Amazing Pharmacy Co Ltd,Trimethoprim-Sulfamethoxazole,1309,1,39,B5965,1,S418,0.075822931
6/1/2023,Buea,Mont Zion Pharmacy,Paracetamol,354,1,58,B5593,1,S963,-1.769087732
6/1/2023,Buea,Winners Pharmacy,Ibuprofen,565,,56,B9054,1,S978,-0.065453978
6/1/2023,Buea,Amazing Pharmacy Co Ltd,Amodiaquine,997,1,70,B2609,1,S989,1.162877694
6/1/2023,Buea,Mont Zion Pharmacy,Amoxicillin,1532,0,58,B4734,0,S237,0.001467371
6/1/2023,Buea,Winners Pharmacy,Ciprofloxacin,2292,1,42,B5923,1,S861,-1.937790156
6/1/2023,Buea,Amazing Pharmacy Co Ltd,Metronidazole,1778,1,50,B8259,0,S892,1.415746608
6/1/2023,Buea,Mont Zion Pharmacy,Trimethoprim-Sulfamethoxazole,1364,1,49,B6257,0,S375,1.020979605
6/1/2023,Buea,Winners Pharmacy,Paracetamol,422,1,44,B7828,1,S719,0.712335267
6/1/2023,Buea,Amazing Pharmacy Co Ltd,Ibuprofen,559,1,50,B2462,0,S292,0.581145557
6/1/2023,Buea,Mont Zion Pharmacy,Amodiaquine,803,1,66,B8237,1,S316,-0.524318114
6/1/2023,Buea,Winners Pharmacy,Amoxicillin,1446,1,44,B7671,0,S858,-0.558420168
6/1/2023,Buea,Amazing Pharmacy Co Ltd,Ciprofloxacin,2528,1,55,B8937,0,S877,0.053040784
6/1/2023,Buea,Mont Zion Pharmacy,Metronidazole,1999,1,48,B9462,1,S988,-0.197499951
6/1/2023,Buea,Winners Pharmacy,Trimethoprim-Sulfamethoxazole,1167,1,41,B7126,0,S940,0.085926609
6/1/2023,Buea,Amazing Pharmacy Co Ltd,Paracetamol,445,1,47,B1920,1,S627,0.505419559
6/1/2023,Buea,Mont Zion Pharmacy,Ibuprofen,585,1,33,B3604,1,S167,-0.911122892
6/1/2023,Buea,Winners Pharmacy,Amodiaquine,900,1,69,B6097,0,S826,-0.334377107
7/1/2023,Buea,Amazing Pharmacy Co Ltd,Amoxicillin,1778,0,46,B9303,,S513,0.618884818
7/1/2023,Buea,Mont Zion Pharmacy,Ciprofloxacin,2582,,37,B3222,0,S899,1.124987106
7/1/2023,Buea,Winners Pharmacy,Metronidazole,2211,1,54,B9589,,S682,0.341226633
7/1/2023,Buea,Amazing Pharmacy Co Ltd,Trimethoprim-Sulfamethoxazole,1366,0,46,B1474,0,S277,0.322526263
7/1/2023,Buea,Mont Zion Pharmacy,Paracetamol,368,0,51,B4158,0,S996,-1.307799907
7/1/2023,Buea,Winners Pharmacy,Ibuprofen,615,1,47,B4288,0,S957,1.416126282
7/1/2023,Buea,Amazing Pharmacy Co Ltd,Amodiaquine,1023,1,34,B1944,1,S355,0.149830729
7/1/2023,Buea,Mont Zion Pharmacy,Amoxicillin,1352,1,57,B1541,0,S567,1.465430154
7/1/2023,Buea,Winners Pharmacy,Ciprofloxacin,2418,1,44,B1828,0,S469,0.34301196
7/1/2023,Buea,Amazing Pharmacy Co Ltd,Metronidazole,1784,1,66,B4262,1,S380,0.088357991
7/1/2023,Buea,Mont Zion Pharmacy,Trimethoprim-Sulfamethoxazole,1258,1,56,B7035,0,S943,1.330056598
7/1/2023,Buea,Winners Pharmacy,Paracetamol,384,1,64,B8605,0,S617,-0.887415418
7/1/2023,Buea,Amazing Pharmacy Co Ltd,Ibuprofen,585,1,68,B7503,0,S750,3.103384406
7/1/2023,Buea,Mont Zion Pharmacy,Amodiaquine,1030,1,60,B3029,,S797,-0.236761067
7/1/2023,Buea,Winners Pharmacy,Amoxicillin,1505,1,47,B1500,0,S347,-0.734159172
7/1/2023,Buea,Amazing Pharmacy Co Ltd,Ciprofloxacin,2036,1,46,B7102,1,S600,0.782133014
7/1/2023,Buea,Mont Zion Pharmacy,Metronidazole,2170,1,59,B8308,,S281,-0.277618699
7/1/2023,Buea,Winners Pharmacy,Trimethoprim-Sulfamethoxazole,1269,1,37,B8775,0,S700,0.035272193
7/1/2023,Buea,Amazing Pharmacy Co Ltd,Paracetamol,358,1,56,B6730,1,S452,0.184758813
7/1/2023,Buea,Mont Zion Pharmacy,Ibuprofen,631,1,66,B3679,0,S957,-0.366736079
7/1/2023,Buea,Winners Pharmacy,Amodiaquine,976,1,61,B5237,1,S866,1.011063088
8/1/2023,Buea,Amazing Pharmacy Co Ltd,Amoxicillin,1501,0,63,B2480,0,S391,-0.082899991
8/1/2023,Buea,Mont Zion Pharmacy,Ciprofloxacin,2078,1,44,B1449,0,S495,0.597429536
8/1/2023,Buea,Winners Pharmacy,Metronidazole,1916,1,60,B1813,0,S266,-0.037490772
8/1/2023,Buea,Amazing Pharmacy Co Ltd,Trimethoprim-Sulfamethoxazole,1265,1,47,B4511,0,S977,1.548074399
8/1/2023,Buea,Mont Zion Pharmacy,Paracetamol,352,0,62,B4626,0,S762,-0.068022891
8/1/2023,Buea,Winners Pharmacy,Ibuprofen,619,1,62,B4688,0,S793,0.369299514
8/1/2023,Buea,Amazing Pharmacy Co Ltd,Amodiaquine,937,1,51,B4387,1,S375,-2.172729523
8/1/2023,Buea,Mont Zion Pharmacy,Amoxicillin,1679,1,58,B7709,0,S625,2.073014403
8/1/2023,Buea,Winners Pharmacy,Ciprofloxacin,2037,1,55,B1328,0,S985,0.433174186
8/1/2023,Buea,Amazing Pharmacy Co Ltd,Metronidazole,1926,1,60,B1145,1,S585,0.051051507
8/1/2023,Buea,Mont Zion Pharmacy,Trimethoprim-Sulfamethoxazole,1433,,47,B3167,0,S762,0.696566343
8/1/2023,Buea,Winners Pharmacy,Paracetamol,351,1,53,B3837,0,S715,1.413774727
8/1/2023,Buea,Amazing Pharmacy Co Ltd,Ibuprofen,624,1,62,B1138,,S329,-0.410256036
8/1/2023,Buea,Mont Zion Pharmacy,Amodiaquine,995,0,51,B5135,,S722,-0.353449029
8/1/2023,Buea,Winners Pharmacy,Amoxicillin,1461,1,56,B6004,0,S829,-0.211948929
8/1/2023,Buea,Amazing Pharmacy Co Ltd,Ciprofloxacin,2271,1,58,B5511,0,S533,-0.320077923
8/1/2023,Buea,Mont Zion Pharmacy,Metronidazole,1887,0,56,B7168,0,S972,0.497220238
8/1/2023,Buea,Winners Pharmacy,Trimethoprim-Sulfamethoxazole,1253,1,60,B6713,0,S570,0.892377135
8/1/2023,Buea,Amazing Pharmacy Co Ltd,Paracetamol,348,1,71,B5128,0,S323,-1.277949885
8/1/2023,Buea,Mont Zion Pharmacy,Ibuprofen,670,1,52,B8646,0,S409,0.507285508
8/1/2023,Buea,Winners Pharmacy,Amodiaquine,981,1,56,B9530,0,S944,2.183114856
9/1/2023,Buea,Amazing Pharmacy Co Ltd,Amoxicillin,1733,1,52,B7506,1,S698,-2.169648082
9/1/2023,Buea,Mont Zion Pharmacy,Ciprofloxacin,2476,1,49,B2676,0,S107,0.713912966
9/1/2023,Buea,Winners Pharmacy,Metronidazole,1795,1,56,B9380,1,S778,-1.157882432
9/1/2023,Buea,Amazing Pharmacy Co Ltd,Trimethoprim-Sulfamethoxazole,1322,1,53,B7131,0,S674,0.125809953
9/1/2023,Buea,Mont Zion Pharmacy,Paracetamol,347,1,57,B5631,1,S405,-0.510857676
9/1/2023,Buea,Winners Pharmacy,Ibuprofen,720,1,50,B2771,1,S593,1.427150248
9/1/2023,Buea,Amazing Pharmacy Co Ltd,Amodiaquine,987,1,65,B2045,,S444,1.096613183
9/1/2023,Buea,Mont Zion Pharmacy,Amoxicillin,1424,1,57,B5529,0,S755,-0.428011932
9/1/2023,Buea,Winners Pharmacy,Ciprofloxacin,2097,1,47,B6327,,S982,0.024107168
9/1/2023,Buea,Amazing Pharmacy Co Ltd,Metronidazole,1994,1,62,B5536,0,S367,-0.28749098
9/1/2023,Buea,Mont Zion Pharmacy,Trimethoprim-Sulfamethoxazole,,1,35,B5895,0,S292,0.332819799
9/1/2023,Buea,Winners Pharmacy,Paracetamol,350,1,63,B3456,0,S629,-1.908687713
9/1/2023,Buea,Amazing Pharmacy Co Ltd,Ibuprofen,672,1,39,B4937,,S158,0.251650666
9/1/2023,Buea,Mont Zion Pharmacy,Amodiaquine,917,1,101,B7620,0,S776,1.111192411
9/1/2023,Buea,Winners Pharmacy,Amoxicillin,1581,1,47,B6236,0,S797,-0.962774851
9/1/2023,Buea,Amazing Pharmacy Co Ltd,Ciprofloxacin,2299,1,49,B3292,,S838,-0.18072229
9/1/2023,Buea,Mont Zion Pharmacy,Metronidazole,1810,1,43,B1417,0,S771,0.095293119
9/1/2023,Buea,Winners Pharmacy,Trimethoprim-Sulfamethoxazole,1343,1,55,B9148,0,S402,1.555711978
9/1/2023,Buea,Amazing Pharmacy Co Ltd,Paracetamol,337,1,48,B5250,0,S528,-0.083105308
9/1/2023,Buea,Mont Zion Pharmacy,Ibuprofen,,1,58,B7628,1,S497,1.096670887
9/1/2023,Buea,Winners Pharmacy,Amodiaquine,906,1,77,B1578,0,S697,-0.862809264
10/1/2023,Buea,Amazing Pharmacy Co Ltd,Amoxicillin,1753,1,49,B4111,0,S451,0.079749667
10/1/2023,Buea,Mont Zion Pharmacy,Ciprofloxacin,2150,1,58,B4643,0,S802,-1.759349489
10/1/2023,Buea,Winners Pharmacy,Metronidazole,2136,1,45,B9759,1,S753,0.48412792
10/1/2023,Buea,Amazing Pharmacy Co Ltd,Trimethoprim-Sulfamethoxazole,1336,1,49,B8794,1,S787,-2.080187973
10/1/2023,Buea,Mont Zion Pharmacy,Paracetamol,335,1,46,B6873,1,S619,0.278978102
10/1/2023,Buea,Winners Pharmacy,Ibuprofen,652,0,54,B5918,0,S965,1.375590761
10/1/2023,Buea,Amazing Pharmacy Co Ltd,Amodiaquine,893,1,80,B3785,0,S960,0.084607744
10/1/2023,Buea,Mont Zion Pharmacy,Amoxicillin,1417,1,47,B3967,1,S400,1.342709439
10/1/2023,Buea,Winners Pharmacy,Ciprofloxacin,2536,0,52,B2599,0,S582,0.357575891
10/1/2023,Buea,Amazing Pharmacy Co Ltd,Metronidazole,2092,0,43,B3096,0,S858,0.819768069
10/1/2023,Buea,Mont Zion Pharmacy,Trimethoprim-Sulfamethoxazole,1429,1,45,B5237,0,S842,1.710250391
10/1/2023,Buea,Winners Pharmacy,Paracetamol,416,1,48,B3999,1,S796,-1.806223215
10/1/2023,Buea,Amazing Pharmacy Co Ltd,Ibuprofen,695,1,56,B6499,,S770,-1.318667228
10/1/2023,Buea,Mont Zion Pharmacy,Amodiaquine,960,1,67,B2463,0,S327,-0.154330376
10/1/2023,Buea,Winners Pharmacy,Amoxicillin,1373,1,54,B6820,0,S328,0.960183669
10/1/2023,Buea,Amazing Pharmacy Co Ltd,Ciprofloxacin,2059,1,37,B6031,1,S530,-1.069559906
10/1/2023,Buea,Mont Zion Pharmacy,Metronidazole,1764,1,37,B6428,0,S480,-0.226677777
10/1/2023,Buea,Winners Pharmacy,Trimethoprim-Sulfamethoxazole,1284,1,50,B5269,1,S699,1.668478164
10/1/2023,Buea,Amazing Pharmacy Co Ltd,Paracetamol,402,1,48,B5817,0,S574,0.305753309
10/1/2023,Buea,Mont Zion Pharmacy,Ibuprofen,695,0,50,B2929,,S581,1.005558847
10/1/2023,Buea,Winners Pharmacy,Amodiaquine,850,1,92,B1879,0,S987,3.067502112
11/1/2023,Buea,Amazing Pharmacy Co Ltd,Amoxicillin,1396,1,50,B2166,1,S583,-0.411871399
11/1/2023,Buea,Mont Zion Pharmacy,Ciprofloxacin,2518,1,50,B4187,0,S612,1.048401873
11/1/2023,Buea,Winners Pharmacy,Metronidazole,1751,1,49,B2963,0,S988,0.405965499
11/1/2023,Buea,Amazing Pharmacy Co Ltd,Trimethoprim-Sulfamethoxazole,1240,0,52,B7253,0,S642,-0.50049685
11/1/2023,Buea,Mont Zion Pharmacy,Paracetamol,403,1,48,B5888,0,S523,-0.244625083
11/1/2023,Buea,Winners Pharmacy,Ibuprofen,702,1,49,B1885,0,S991,-0.841772908
11/1/2023,Buea,Amazing Pharmacy Co Ltd,Amodiaquine,1042,1,50,B3470,1,S240,1.670850529
11/1/2023,Buea,Mont Zion Pharmacy,Amoxicillin,1431,1,54,B4281,0,S450,2.204850722
11/1/2023,Buea,Winners Pharmacy,Ciprofloxacin,2672,1,47,B7704,0,S683,0.714283976
11/1/2023,Buea,Amazing Pharmacy Co Ltd,Metronidazole,2151,1,64,B8496,0,S246,1.145466987
11/1/2023,Buea,Mont Zion Pharmacy,Trimethoprim-Sulfamethoxazole,1398,1,53,B6183,0,S983,-0.00221271
11/1/2023,Buea,Winners Pharmacy,Paracetamol,418,1,51,B3954,1,S897,-1.670294006
11/1/2023,Buea,Amazing Pharmacy Co Ltd,Ibuprofen,606,1,51,B2324,1,S599,1.099883274
11/1/2023,Buea,Mont Zion Pharmacy,Amodiaquine,1002,1,50,B6449,0,S746,-0.094174785
11/1/2023,Buea,Winners Pharmacy,Amoxicillin,1461,1,58,B3897,1,S420,-0.358876085
11/1/2023,Buea,Amazing Pharmacy Co Ltd,Ciprofloxacin,2447,1,50,B1950,,S104,0.698686709
11/1/2023,Buea,Mont Zion Pharmacy,Metronidazole,1697,0,62,B8406,0,S380,1.094650816
11/1/2023,Buea,Winners Pharmacy,Trimethoprim-Sulfamethoxazole,1270,1,51,B4430,0,S879,-0.083562553
11/1/2023,Buea,Amazing Pharmacy Co Ltd,Paracetamol,415,1,52,B3762,0,S690,1.095639338
11/1/2023,Buea,Mont Zion Pharmacy,Ibuprofen,702,1,49,B3595,0,S601,-0.012836158
11/1/2023,Buea,Winners Pharmacy,Amodiaquine,843,1,49,B2442,1,S232,-0.362170939
12/1/2023,Buea,Amazing Pharmacy Co Ltd,Amoxicillin,1648,1,63,B8105,1,S748,-0.235653401
12/1/2023,Buea,Mont Zion Pharmacy,Ciprofloxacin,2633,1,50,B8035,1,S513,1.61610174
12/1/2023,Buea,Winners Pharmacy,Metronidazole,1936,1,47,B8029,1,S588,-1.018162785
12/1/2023,Buea,Amazing Pharmacy Co Ltd,Trimethoprim-Sulfamethoxazole,1416,1,41,B7280,1,S104,-0.653848736
12/1/2023,Buea,Mont Zion Pharmacy,Paracetamol,379,1,52,B1618,0,S646,2.120840948
12/1/2023,Buea,Winners Pharmacy,Ibuprofen,683,1,35,B4267,0,S848,1.731758383
12/1/2023,Buea,Amazing Pharmacy Co Ltd,Amodiaquine,819,0,56,B7112,1,S114,-1.687704862
12/1/2023,Buea,Mont Zion Pharmacy,Amoxicillin,1436,0,58,B6279,1,S875,1.38979258
12/1/2023,Buea,Winners Pharmacy,Ciprofloxacin,2033,1,50,B9700,1,S295,1.95172317
12/1/2023,Buea,Amazing Pharmacy Co Ltd,Metronidazole,2031,1,49,B1293,1,S792,-0.943242763
12/1/2023,Buea,Mont Zion Pharmacy,Trimethoprim-Sulfamethoxazole,1421,1,55,B1067,,S741,-0.925455248
12/1/2023,Buea,Winners Pharmacy,Paracetamol,414,0,40,B5076,,S331,0.020123903
12/1/2023,Buea,Amazing Pharmacy Co Ltd,Ibuprofen,685,1,44,B6641,0,S419,-1.480380387
12/1/2023,Buea,Mont Zion Pharmacy,Amodiaquine,896,1,51,B3112,1,S205,0.353950794
12/1/2023,Buea,Winners Pharmacy,Amoxicillin,1690,1,42,B7284,0,S615,-1.313202229
12/1/2023,Buea,Amazing Pharmacy Co Ltd,Ciprofloxacin,2646,1,55,B6015,0,S271,0.521674649
12/1/2023,Buea,Mont Zion Pharmacy,Metronidazole,1961,1,48,B2069,0,S943,-0.61551585
12/1/2023,Buea,Winners Pharmacy,Trimethoprim-Sulfamethoxazole,1480,1,37,B1749,1,S405,1.158543451
12/1/2023,Buea,Amazing Pharmacy Co Ltd,Paracetamol,437,1,43,B5764,0,S566,-0.441746723
12/1/2023,Buea,Mont Zion Pharmacy,Ibuprofen,639,1,43,B9524,0,S710,-0.52093236
12/1/2023,Buea,Winners Pharmacy,Amodiaquine,804,0,61,B9587,1,S445,0.375190017
1/1/2024,Buea,Amazing Pharmacy Co Ltd,Amoxicillin,1612,1,51,B8105,1,S803,1.026825596
1/1/2024,Buea,Mont Zion Pharmacy,Ciprofloxacin,2701,0,41,B3192,0,S450,-0.262323596
1/1/2024,Buea,Winners Pharmacy,Metronidazole,1821,1,52,B9031,1,S467,-2.190602916
1/1/2024,Buea,Amazing Pharmacy Co Ltd,Trimethoprim-Sulfamethoxazole,,,49,B4087,0,S268,-0.744039841
1/1/2024,Buea,Mont Zion Pharmacy,Paracetamol,397,1,78,B7609,0,S119,0.806360101
1/1/2024,Buea,Winners Pharmacy,Ibuprofen,623,1,52,B4742,,S329,-0.644514719
1/1/2024,Buea,Amazing Pharmacy Co Ltd,Amodiaquine,1009,1,42,B3149,0,S316,0.269017528
1/1/2024,Buea,Mont Zion Pharmacy,Amoxicillin,1585,1,53,B1359,0,S703,1.210777747
1/1/2024,Buea,Winners Pharmacy,Ciprofloxacin,2218,1,38,B9267,0,S273,-0.672181636
1/1/2024,Buea,Amazing Pharmacy Co Ltd,Metronidazole,1992,1,48,B3017,,S475,1.358707799
1/1/2024,Buea,Mont Zion Pharmacy,Trimethoprim-Sulfamethoxazole,1500,1,49,B1612,0,S484,0.325684525
1/1/2024,Buea,Winners Pharmacy,Paracetamol,457,1,56,B5190,0,S889,0.588163309
1/1/2024,Buea,Amazing Pharmacy Co Ltd,Ibuprofen,634,1,53,B9761,,S738,-1.553442185
1/1/2024,Buea,Mont Zion Pharmacy,Amodiaquine,902,1,53,B1796,,S708,-0.121032162
1/1/2024,Buea,Winners Pharmacy,Amoxicillin,1760,1,54,B1785,1,S777,0.759375499
1/1/2024,Buea,Amazing Pharmacy Co Ltd,Ciprofloxacin,2459,1,56,B2771,0,S769,-0.787551469
1/1/2024,Buea,Mont Zion Pharmacy,Metronidazole,1844,1,51,B1323,,S149,-0.698696935
1/1/2024,Buea,Winners Pharmacy,Trimethoprim-Sulfamethoxazole,1500,1,52,B2897,0,S526,-0.018707495
1/1/2024,Buea,Amazing Pharmacy Co Ltd,Paracetamol,347,1,54,B8279,0,S489,-1.50403099
1/1/2024,Buea,Mont Zion Pharmacy,Ibuprofen,572,1,65,B3024,0,S660,-0.703523982
1/1/2024,Buea,Winners Pharmacy,Amodiaquine,,1,52,B5140,0,S585,-0.20424049
2/1/2024,Buea,Amazing Pharmacy Co Ltd,Amoxicillin,1721,1,52,B3508,0,S310,0.719776519
2/1/2024,Buea,Mont Zion Pharmacy,Ciprofloxacin,2666,1,34,B1152,0,S408,-0.11398019
2/1/2024,Buea,Winners Pharmacy,Metronidazole,1944,1,43,B7895,0,S777,-0.011199171
2/1/2024,Buea,Amazing Pharmacy Co Ltd,Trimethoprim-Sulfamethoxazole,1158,1,53,B2654,0,S778,0.215411403
2/1/2024,Buea,Mont Zion Pharmacy,Paracetamol,380,1,76,B9524,1,S376,-0.165892683
2/1/2024,Buea,Winners Pharmacy,Ibuprofen,660,0,72,B3247,1,S528,-1.916164381
2/1/2024,Buea,Amazing Pharmacy Co Ltd,Amodiaquine,1014,1,51,B2718,1,S623,-1.029524515
2/1/2024,Buea,Mont Zion Pharmacy,Amoxicillin,1758,1,44,B2928,0,S389,1.088884621
2/1/2024,Buea,Winners Pharmacy,Ciprofloxacin,2439,1,60,B2867,0,S903,-0.834580577
2/1/2024,Buea,Amazing Pharmacy Co Ltd,Metronidazole,1801,1,48,B2741,0,S609,-1.03914613
2/1/2024,Buea,Mont Zion Pharmacy,Trimethoprim-Sulfamethoxazole,1413,1,64,B4254,1,S723,0.681783182
2/1/2024,Buea,Winners Pharmacy,Paracetamol,442,,55,B4272,0,S896,-0.415227229
2/1/2024,Buea,Amazing Pharmacy Co Ltd,Ibuprofen,583,1,67,B5308,1,S951,1.706379781
2/1/2024,Buea,Mont Zion Pharmacy,Amodiaquine,1030,1,42,B9571,0,S306,-0.420122977
2/1/2024,Buea,Winners Pharmacy,Amoxicillin,1514,1,49,B6864,1,S820,-2.078528943
2/1/2024,Buea,Amazing Pharmacy Co Ltd,Ciprofloxacin,2735,1,50,B7713,0,S402,-1.257645438
2/1/2024,Buea,Mont Zion Pharmacy,Metronidazole,2182,0,47,B3627,0,S140,0.182562991
2/1/2024,Buea,Winners Pharmacy,Trimethoprim-Sulfamethoxazole,,0,53,B9980,1,S608,0.546995725
2/1/2024,Buea,Amazing Pharmacy Co Ltd,Paracetamol,351,1,60,B4402,0,S804,1.327959479
2/1/2024,Buea,Mont Zion Pharmacy,Ibuprofen,753,1,52,B8875,0,S438,0.961760182
2/1/2024,Buea,Winners Pharmacy,Amodiaquine,1017,1,59,B4842,0,S102,0.963254377
3/1/2024,Buea,Amazing Pharmacy Co Ltd,Amoxicillin,1600,1,43,B1208,0,S787,-0.37759658
3/1/2024,Buea,Mont Zion Pharmacy,Ciprofloxacin,2076,1,47,B2458,0,S213,1.265799084
3/1/2024,Buea,Winners Pharmacy,Metronidazole,2152,1,47,B9095,1,S252,0.310562484
3/1/2024,Buea,Amazing Pharmacy Co Ltd,Trimethoprim-Sulfamethoxazole,1419,1,49,B2475,0,S898,0.219238917
3/1/2024,Buea,Mont Zion Pharmacy,Paracetamol,396,,52,B9383,0,S176,0.119456673
3/1/2024,Buea,Winners Pharmacy,Ibuprofen,596,1,57,B2659,0,S362,1.189194972
3/1/2024,Buea,Amazing Pharmacy Co Ltd,Amodiaquine,823,1,53,B4787,1,S567,-0.285194475
3/1/2024,Buea,Mont Zion Pharmacy,Amoxicillin,1671,1,51,B5850,1,S370,0.532032325
3/1/2024,Buea,Winners Pharmacy,Ciprofloxacin,2091,1,55,B8606,0,S151,-0.039830995
3/1/2024,Buea,Amazing Pharmacy Co Ltd,Metronidazole,1890,1,39,B2635,0,S932,1.387630881
3/1/2024,Buea,Mont Zion Pharmacy,Trimethoprim-Sulfamethoxazole,1493,1,61,B3862,0,S995,-0.695520715
3/1/2024,Buea,Winners Pharmacy,Paracetamol,370,1,50,B1646,0,S972,-0.855346996
3/1/2024,Buea,Amazing Pharmacy Co Ltd,Ibuprofen,738,1,51,B5760,1,S468,-1.166058119
3/1/2024,Buea,Mont Zion Pharmacy,Amodiaquine,976,0,57,B6123,0,S536,2.403181926
3/1/2024,Buea,Winners Pharmacy,Amoxicillin,1466,1,51,B2898,1,S197,-0.901154951
3/1/2024,Buea,Amazing Pharmacy Co Ltd,Ciprofloxacin,2079,1,53,B1751,0,S109,-0.239753325
3/1/2024,Buea,Mont Zion Pharmacy,Metronidazole,1780,0,45,B3267,0,S779,-0.587432014
3/1/2024,Buea,Winners Pharmacy,Trimethoprim-Sulfamethoxazole,1511,1,52,B3793,1,S436,-1.104869587
3/1/2024,Buea,Amazing Pharmacy Co Ltd,Paracetamol,433,1,54,B6857,0,S548,-0.902613223
3/1/2024,Buea,Mont Zion Pharmacy,Ibuprofen,639,1,59,B5395,0,S999,0.924982521
3/1/2024,Buea,Winners Pharmacy,Amodiaquine,1067,0,49,B2522,0,S481,-0.273884113
4/1/2024,Buea,Amazing Pharmacy Co Ltd,Amoxicillin,1520,0,52,B6615,1,S287,1.721169129
4/1/2024,Buea,Mont Zion Pharmacy,Ciprofloxacin,2351,1,54,B2865,0,S510,-0.253139949
4/1/2024,Buea,Winners Pharmacy,Metronidazole,1960,1,61,B7557,,S567,1.618668046
4/1/2024,Buea,Amazing Pharmacy Co Ltd,Trimethoprim-Sulfamethoxazole,1451,1,57,B5453,1,S955,0.756531901
4/1/2024,Buea,Mont Zion Pharmacy,Paracetamol,370,1,55,B7319,,S806,-0.725541159
4/1/2024,Buea,Winners Pharmacy,Ibuprofen,618,1,47,B8835,0,S919,1.498084362
4/1/2024,Buea,Amazing Pharmacy Co Ltd,Amodiaquine,1018,1,76,B7909,1,S764,-0.932496986
4/1/2024,Buea,Mont Zion Pharmacy,Amoxicillin,1653,0,54,B3732,,S215,-0.583111477
4/1/2024,Buea,Winners Pharmacy,Ciprofloxacin,2460,0,62,B3171,1,S812,0.936753264
4/1/2024,Buea,Amazing Pharmacy Co Ltd,Metronidazole,1717,1,56,B1960,,S964,-0.301421489
4/1/2024,Buea,Mont Zion Pharmacy,Trimethoprim-Sulfamethoxazole,1487,1,42,B3611,1,S206,-0.429719389
4/1/2024,Buea,Winners Pharmacy,Paracetamol,376,1,50,B7816,0,S704,-1.907023886
4/1/2024,Buea,Amazing Pharmacy Co Ltd,Ibuprofen,594,1,48,B8908,0,S921,-0.037579591
4/1/2024,Buea,Mont Zion Pharmacy,Amodiaquine,912,0,76,B8178,1,S285,-0.69214705
4/1/2024,Buea,Winners Pharmacy,Amoxicillin,1709,1,48,B7221,1,S897,1.290180639
4/1/2024,Buea,Amazing Pharmacy Co Ltd,Ciprofloxacin,2690,1,34,B6875,0,S726,0.69583338
4/1/2024,Buea,Mont Zion Pharmacy,Metronidazole,2163,1,62,B1472,0,S983,-0.759418183
4/1/2024,Buea,Winners Pharmacy,Trimethoprim-Sulfamethoxazole,1241,1,55,B3140,0,S594,0.452394483
4/1/2024,Buea,Amazing Pharmacy Co Ltd,Paracetamol,419,1,49,B8997,1,S215,0.230272313
4/1/2024,Buea,Mont Zion Pharmacy,Ibuprofen,590,1,58,B7738,,S551,0.471584055
4/1/2024,Buea,Winners Pharmacy,Amodiaquine,871,1,63,B1753,1,S164,0.962618054
5/1/2024,Buea,Amazing Pharmacy Co Ltd,Amoxicillin,1624,1,36,B5286,0,S770,0.941653391
5/1/2024,Buea,Mont Zion Pharmacy,Ciprofloxacin,2229,1,47,B6148,0,S112,2.147784827
5/1/2024,Buea,Winners Pharmacy,Metronidazole,,1,53,B9598,1,S885,-1.122152415
5/1/2024,Buea,Amazing Pharmacy Co Ltd,Trimethoprim-Sulfamethoxazole,1292,1,53,B4669,0,S785,0.829215043
5/1/2024,Buea,Mont Zion Pharmacy,Paracetamol,382,0,49,B6542,1,S631,-0.563014195
5/1/2024,Buea,Winners Pharmacy,Ibuprofen,739,1,41,B9570,1,S804,-1.216643096
5/1/2024,Buea,Amazing Pharmacy Co Ltd,Amodiaquine,952,1,74,B2560,1,S543,-0.41831942
5/1/2024,Buea,Mont Zion Pharmacy,Amoxicillin,1396,1,52,B5072,0,S593,-0.287129856
5/1/2024,Buea,Winners Pharmacy,Ciprofloxacin,2546,1,64,B6664,1,S779,0.308896293
5/1/2024,Buea,Amazing Pharmacy Co Ltd,Metronidazole,2043,1,38,B7305,0,S252,0.388506324
5/1/2024,Buea,Mont Zion Pharmacy,Trimethoprim-Sulfamethoxazole,1241,1,37,B1894,0,S111,0.256399559
5/1/2024,Buea,Winners Pharmacy,Paracetamol,408,0,61,B3571,0,S617,-0.315540063
5/1/2024,Buea,Amazing Pharmacy Co Ltd,Ibuprofen,681,1,63,B8688,1,S972,1.593523999
5/1/2024,Buea,Mont Zion Pharmacy,Amodiaquine,1006,1,65,B9123,0,S990,0.640506682
5/1/2024,Buea,Winners Pharmacy,Amoxicillin,1444,1,61,B3709,0,S176,-0.424484317
5/1/2024,Buea,Amazing Pharmacy Co Ltd,Ciprofloxacin,2397,1,52,B9055,1,S428,-0.037037181
5/1/2024,Buea,Mont Zion Pharmacy,Metronidazole,2172,1,47,B4946,0,S438,-2.267724568
5/1/2024,Buea,Winners Pharmacy,Trimethoprim-Sulfamethoxazole,1489,1,42,B5557,1,S151,1.947044808
5/1/2024,Buea,Amazing Pharmacy Co Ltd,Paracetamol,347,1,50,B9305,0,S328,0.639959691
5/1/2024,Buea,Mont Zion Pharmacy,Ibuprofen,638,1,50,B7203,0,S512,-1.008177479
5/1/2024,Buea,Winners Pharmacy,Amodiaquine,1028,1,77,B4850,0,S180,-0.210211942
6/1/2024,Buea,Amazing Pharmacy Co Ltd,Amoxicillin,1478,1,45,B8521,1,S554,-0.514823896
6/1/2024,Buea,Mont Zion Pharmacy,Ciprofloxacin,2698,1,41,B8341,,S190,0.761171013
6/1/2024,Buea,Winners Pharmacy,Metronidazole,1774,1,58,B9166,0,S557,0.671876316
6/1/2024,Buea,Amazing Pharmacy Co Ltd,Trimethoprim-Sulfamethoxazole,1456,1,63,B6178,1,S221,-0.403898911
6/1/2024,Buea,Mont Zion Pharmacy,Paracetamol,385,0,32,B9148,1,S863,0.855735252
6/1/2024,Buea,Winners Pharmacy,Ibuprofen,649,0,42,B1291,0,S205,0.623697068
6/1/2024,Buea,Amazing Pharmacy Co Ltd,Amodiaquine,838,1,68,B7609,0,S522,-1.579181676
6/1/2024,Buea,Mont Zion Pharmacy,Amoxicillin,1596,1,40,B1587,1,S670,0.590326624
6/1/2024,Buea,Winners Pharmacy,Ciprofloxacin,2390,1,51,B9996,0,S100,0.704868082
6/1/2024,Buea,Amazing Pharmacy Co Ltd,Metronidazole,2042,1,45,B2489,0,S910,-2.379919362
6/1/2024,Buea,Mont Zion Pharmacy,Trimethoprim-Sulfamethoxazole,1417,0,60,B5990,0,S620,-0.249050561
6/1/2024,Buea,Winners Pharmacy,Paracetamol,423,0,59,B4389,1,S770,0.448976144
6/1/2024,Buea,Amazing Pharmacy Co Ltd,Ibuprofen,737,1,60,B8474,0,S449,-0.971768058
6/1/2024,Buea,Mont Zion Pharmacy,Amodiaquine,1061,1,70,B6953,0,S945,0.424249553
6/1/2024,Buea,Winners Pharmacy,Amoxicillin,1633,1,64,B1889,0,S936,-0.097221559
6/1/2024,Buea,Amazing Pharmacy Co Ltd,Ciprofloxacin,2568,1,61,B4652,0,S964,-0.149394214
6/1/2024,Buea,Mont Zion Pharmacy,Metronidazole,1749,1,50,B8445,0,S439,-1.518984584
6/1/2024,Buea,Winners Pharmacy,Trimethoprim-Sulfamethoxazole,1292,1,54,B8751,0,S833,1.899383761
6/1/2024,Buea,Amazing Pharmacy Co Ltd,Paracetamol,428,0,49,B6952,0,S833,0.049994427
6/1/2024,Buea,Mont Zion Pharmacy,Ibuprofen,714,0,51,B8414,0,S216,-0.881673858
6/1/2024,Buea,Winners Pharmacy,Amodiaquine,1039,0,71,B2596,1,S877,-0.247151657
7/1/2024,Buea,Amazing Pharmacy Co Ltd,Amoxicillin,1631,1,56,B4633,0,S102,0.632458686
7/1/2024,Buea,Mont Zion Pharmacy,Ciprofloxacin,2580,1,49,B6592,1,S463,0.477601128
7/1/2024,Buea,Winners Pharmacy,Metronidazole,1784,1,45,B5783,1,S660,-0.096608485
7/1/2024,Buea,Amazing Pharmacy Co Ltd,Trimethoprim-Sulfamethoxazole,1361,1,59,B9552,1,S482,-0.181709392
7/1/2024,Buea,Mont Zion Pharmacy,Paracetamol,432,1,46,B2741,1,S146,0.254984732
7/1/2024,Buea,Winners Pharmacy,Ibuprofen,737,1,55,B3689,0,S604,1.193542471
7/1/2024,Buea,Amazing Pharmacy Co Ltd,Amodiaquine,1035,0,48,B3301,0,S941,0.055201754
7/1/2024,Buea,Mont Zion Pharmacy,Amoxicillin,1380,1,56,B7704,0,S209,-0.595907441
7/1/2024,Buea,Winners Pharmacy,Ciprofloxacin,2089,1,42,B5166,0,S725,-1.280977434
7/1/2024,Buea,Amazing Pharmacy Co Ltd,Metronidazole,,1,58,B4209,0,S292,-1.004112425
7/1/2024,Buea,Mont Zion Pharmacy,Trimethoprim-Sulfamethoxazole,1336,1,51,B2978,,S972,1.60469063
7/1/2024,Buea,Winners Pharmacy,Paracetamol,449,1,72,B7437,0,S320,-0.381888643
7/1/2024,Buea,Amazing Pharmacy Co Ltd,Ibuprofen,654,1,49,B8488,0,S944,-0.024649069
7/1/2024,Buea,Mont Zion Pharmacy,Amodiaquine,828,1,56,B4122,0,S833,0.537670118
7/1/2024,Buea,Winners Pharmacy,Amoxicillin,1818,1,51,B6536,0,S210,-1.797334978
7/1/2024,Buea,Amazing Pharmacy Co Ltd,Ciprofloxacin,2103,1,44,B7790,0,S147,-0.548422889
7/1/2024,Buea,Mont Zion Pharmacy,Metronidazole,2062,0,48,B3018,0,S890,-0.032180565
7/1/2024,Buea,Winners Pharmacy,Trimethoprim-Sulfamethoxazole,1390,1,51,B8381,1,S568,0.259955307
7/1/2024,Buea,Amazing Pharmacy Co Ltd,Paracetamol,441,1,72,B9260,1,S237,-1.146605196
7/1/2024,Buea,Mont Zion Pharmacy,Ibuprofen,745,1,64,B9172,1,S104,1.12215885
7/1/2024,Buea,Winners Pharmacy,Amodiaquine,1049,1,51,B9689,0,S853,0.744157779
8/1/2024,Buea,Amazing Pharmacy Co Ltd,Amoxicillin,1724,1,64,B1795,0,S666,0.707112959
8/1/2024,Buea,Mont Zion Pharmacy,Ciprofloxacin,2721,1,39,B8091,0,S958,-0.895458314
8/1/2024,Buea,Winners Pharmacy,Metronidazole,2124,1,59,B8912,0,S620,0.353223068
8/1/2024,Buea,Amazing Pharmacy Co Ltd,Trimethoprim-Sulfamethoxazole,1160,0,65,B3903,1,S808,-0.335107545
8/1/2024,Buea,Mont Zion Pharmacy,Paracetamol,347,1,65,B3845,0,S848,0.3106391
8/1/2024,Buea,Winners Pharmacy,Ibuprofen,592,1,75,B3103,0,S206,-1.587874769
8/1/2024,Buea,Amazing Pharmacy Co Ltd,Amodiaquine,854,1,51,B7347,0,S773,0.84021686
8/1/2024,Buea,Mont Zion Pharmacy,Amoxicillin,1687,1,33,B6273,1,S616,-0.474161685
8/1/2024,Buea,Winners Pharmacy,Ciprofloxacin,2597,1,62,B7302,0,S528,1.709942051
8/1/2024,Buea,Amazing Pharmacy Co Ltd,Metronidazole,2261,1,52,B5067,0,S380,0.274401205
8/1/2024,Buea,Mont Zion Pharmacy,Trimethoprim-Sulfamethoxazole,1383,1,57,B7518,0,S451,0.150523206
8/1/2024,Buea,Winners Pharmacy,Paracetamol,363,1,63,B5819,0,S563,-1.321827112
8/1/2024,Buea,Amazing Pharmacy Co Ltd,Ibuprofen,695,1,39,B3185,1,S241,-0.149963401
8/1/2024,Buea,Mont Zion Pharmacy,Amodiaquine,1017,1,58,B7762,1,S716,0.005836832
8/1/2024,Buea,Winners Pharmacy,Amoxicillin,1672,1,48,B9393,0,S406,0.899720373
8/1/2024,Buea,Amazing Pharmacy Co Ltd,Ciprofloxacin,2493,1,52,B9975,0,S981,1.811701209
8/1/2024,Buea,Mont Zion Pharmacy,Metronidazole,2237,1,31,B6143,0,S828,-1.19390244
8/1/2024,Buea,Winners Pharmacy,Trimethoprim-Sulfamethoxazole,1307,1,55,B4560,0,S305,0.24304663
8/1/2024,Buea,Amazing Pharmacy Co Ltd,Paracetamol,370,1,52,B4435,,S739,0.163589114
8/1/2024,Buea,Mont Zion Pharmacy,Ibuprofen,607,0,63,B5760,0,S803,-0.061083529
8/1/2024,Buea,Winners Pharmacy,Amodiaquine,893,1,51,B6657,0,S788,0.184946769
9/1/2024,Buea,Amazing Pharmacy Co Ltd,Amoxicillin,1715,1,55,B3173,0,S827,0.039933047
9/1/2024,Buea,Mont Zion Pharmacy,Ciprofloxacin,2142,1,38,B3913,,S615,-0.309471075
9/1/2024,Buea,Winners Pharmacy,Metronidazole,2009,0,52,B9888,0,S810,0.643517678
9/1/2024,Buea,Amazing Pharmacy Co Ltd,Trimethoprim-Sulfamethoxazole,1286,1,53,B6281,1,S827,-0.431070141
9/1/2024,Buea,Mont Zion Pharmacy,Paracetamol,410,1,56,B2890,1,S879,-0.458600286
9/1/2024,Buea,Winners Pharmacy,Ibuprofen,663,1,51,B6771,0,S675,-0.395830377
9/1/2024,Buea,Amazing Pharmacy Co Ltd,Amodiaquine,941,1,75,B8870,1,S696,-1.17276832
9/1/2024,Buea,Mont Zion Pharmacy,Amoxicillin,1380,1,44,B7839,1,S790,1.304774334
9/1/2024,Buea,Winners Pharmacy,Ciprofloxacin,2341,,50,B9747,1,S392,0.105439226
9/1/2024,Buea,Amazing Pharmacy Co Ltd,Metronidazole,2169,0,48,B7920,0,S927,0.580319177
9/1/2024,Buea,Mont Zion Pharmacy,Trimethoprim-Sulfamethoxazole,1234,0,43,B1209,0,S635,1.314740265
9/1/2024,Buea,Winners Pharmacy,Paracetamol,432,,51,B2744,0,S125,0.960163897
9/1/2024,Buea,Amazing Pharmacy Co Ltd,Ibuprofen,710,1,47,B7240,1,S248,0.181776625
9/1/2024,Buea,Mont Zion Pharmacy,Amodiaquine,982,1,69,B1869,0,S786,1.824349533
9/1/2024,Buea,Winners Pharmacy,Amoxicillin,1505,1,55,B1927,0,S304,1.272400627
9/1/2024,Buea,Amazing Pharmacy Co Ltd,Ciprofloxacin,2540,1,54,B5374,1,S868,1.048406632
9/1/2024,Buea,Mont Zion Pharmacy,Metronidazole,1804,0,54,B3636,0,S393,1.115250493
9/1/2024,Buea,Winners Pharmacy,Trimethoprim-Sulfamethoxazole,1203,1,54,B5105,0,S249,-0.293995209
9/1/2024,Buea,Amazing Pharmacy Co Ltd,Paracetamol,348,1,58,B2016,1,S807,-0.032776702
9/1/2024,Buea,Mont Zion Pharmacy,Ibuprofen,604,1,55,B5835,0,S308,-0.76431623
9/1/2024,Buea,Winners Pharmacy,Amodiaquine,876,1,72,B9866,1,S133,-0.798472511
10/1/2024,Buea,Amazing Pharmacy Co Ltd,Amoxicillin,1620,1,47,B6876,0,S933,-1.812294779
10/1/2024,Buea,Mont Zion Pharmacy,Ciprofloxacin,2320,1,46,B8415,0,S204,-0.634143445
10/1/2024,Buea,Winners Pharmacy,Metronidazole,1962,1,46,B4675,0,S860,-0.289047876
10/1/2024,Buea,Amazing Pharmacy Co Ltd,Trimethoprim-Sulfamethoxazole,1258,1,55,B7371,1,S343,1.227579505
10/1/2024,Buea,Mont Zion Pharmacy,Paracetamol,383,0,43,B9370,0,S903,-1.745735915
10/1/2024,Buea,Winners Pharmacy,Ibuprofen,691,1,50,B5712,0,S809,0.194648004
10/1/2024,Buea,Amazing Pharmacy Co Ltd,Amodiaquine,830,0,66,B1769,0,S490,0.376202318
10/1/2024,Buea,Mont Zion Pharmacy,Amoxicillin,1625,1,53,B7349,1,S526,-1.451518118
10/1/2024,Buea,Winners Pharmacy,Ciprofloxacin,2168,1,48,B6122,0,S665,1.036606414
10/1/2024,Buea,Amazing Pharmacy Co Ltd,Metronidazole,2065,1,57,B1881,0,S113,2.051503471
10/1/2024,Buea,Mont Zion Pharmacy,Trimethoprim-Sulfamethoxazole,1340,1,50,B5117,0,S307,0.624953698
10/1/2024,Buea,Winners Pharmacy,Paracetamol,361,1,46,B8259,0,S949,0.781474619
10/1/2024,Buea,Amazing Pharmacy Co Ltd,Ibuprofen,669,,50,B4695,1,S748,0.833160494
10/1/2024,Buea,Mont Zion Pharmacy,Amodiaquine,887,1,66,B7025,1,S873,1.92087115
10/1/2024,Buea,Winners Pharmacy,Amoxicillin,1620,1,53,B9955,0,S856,0.04798272
10/1/2024,Buea,Amazing Pharmacy Co Ltd,Ciprofloxacin,2169,1,45,B4218,0,S894,0.553655531
10/1/2024,Buea,Mont Zion Pharmacy,Metronidazole,1964,1,53,B4170,0,S401,1.103728954
10/1/2024,Buea,Winners Pharmacy,Trimethoprim-Sulfamethoxazole,1387,1,56,B8353,0,S281,2.167360379
10/1/2024,Buea,Amazing Pharmacy Co Ltd,Paracetamol,457,1,43,B2220,0,S291,1.100661848
10/1/2024,Buea,Mont Zion Pharmacy,Ibuprofen,616,1,34,B3847,1,S852,-0.337160551
10/1/2024,Buea,Winners Pharmacy,Amodiaquine,1054,1,77,B9418,,S222,-0.131704846
11/1/2024,Buea,Amazing Pharmacy Co Ltd,Amoxicillin,1593,1,51,B7180,0,S141,-0.693941989
11/1/2024,Buea,Mont Zion Pharmacy,Ciprofloxacin,2473,1,50,B8020,0,S385,-0.447150278
11/1/2024,Buea,Winners Pharmacy,Metronidazole,2187,0,37,B5329,0,S233,0.788085441
11/1/2024,Buea,Amazing Pharmacy Co Ltd,Trimethoprim-Sulfamethoxazole,1331,1,65,B3636,0,S698,-0.479333777
11/1/2024,Buea,Mont Zion Pharmacy,Paracetamol,346,1,64,B5178,0,S105,-1.237642726
11/1/2024,Buea,Winners Pharmacy,Ibuprofen,602,1,53,B6415,0,S577,0.655567398
11/1/2024,Buea,Amazing Pharmacy Co Ltd,Amodiaquine,957,1,55,B3536,0,S140,-0.145952273
11/1/2024,Buea,Mont Zion Pharmacy,Amoxicillin,1552,1,63,B3518,0,S430,-0.049065528
11/1/2024,Buea,Winners Pharmacy,Ciprofloxacin,2242,1,44,B1833,0,S892,1.822271227
11/1/2024,Buea,Amazing Pharmacy Co Ltd,Metronidazole,1895,1,56,B5934,0,S602,-0.071925593
11/1/2024,Buea,Mont Zion Pharmacy,Trimethoprim-Sulfamethoxazole,1403,1,50,B6866,0,S174,1.579033701
11/1/2024,Buea,Winners Pharmacy,Paracetamol,352,1,52,B6207,0,S638,0.506465062
11/1/2024,Buea,Amazing Pharmacy Co Ltd,Ibuprofen,665,1,63,B4603,1,S288,-1.851238576
11/1/2024,Buea,Mont Zion Pharmacy,Amodiaquine,900,1,52,B9529,0,S169,-0.584650595
11/1/2024,Buea,Winners Pharmacy,Amoxicillin,1386,1,51,B9276,1,S263,0.954579581
11/1/2024,Buea,Amazing Pharmacy Co Ltd,Ciprofloxacin,2686,0,50,B7814,0,S656,0.367697253
11/1/2024,Buea,Mont Zion Pharmacy,Metronidazole,2010,0,61,B9798,1,S513,1.223105294
11/1/2024,Buea,Winners Pharmacy,Trimethoprim-Sulfamethoxazole,1185,0,57,B2506,0,S457,0.087054637
11/1/2024,Buea,Amazing Pharmacy Co Ltd,Paracetamol,365,1,49,B4624,0,S318,0.045560698
11/1/2024,Buea,Mont Zion Pharmacy,Ibuprofen,668,0,42,B6437,1,S439,0.944558282
11/1/2024,Buea,Winners Pharmacy,Amodiaquine,941,1,44,B6911,0,S400,0.291219122
12/1/2024,Buea,Amazing Pharmacy Co Ltd,Amoxicillin,1703,1,51,B4579,,S870,0.772541819
12/1/2024,Buea,Mont Zion Pharmacy,Ciprofloxacin,2343,1,46,B9691,1,S586,-4.064603144
12/1/2024,Buea,Winners Pharmacy,Metronidazole,2051,0,47,B1144,,S217,-1.113889653
12/1/2024,Buea,Amazing Pharmacy Co Ltd,Trimethoprim-Sulfamethoxazole,1365,1,54,B6668,1,S556,0.093021288
12/1/2024,Buea,Mont Zion Pharmacy,Paracetamol,423,1,49,B4937,1,S757,0.91759927
12/1/2024,Buea,Winners Pharmacy,Ibuprofen,701,1,47,B4994,0,S140,0.03622057
12/1/2024,Buea,Amazing Pharmacy Co Ltd,Amodiaquine,1018,1,43,B6258,1,S490,-0.724902926
12/1/2024,Buea,Mont Zion Pharmacy,Amoxicillin,1605,1,38,B2857,1,S495,2.197483721
12/1/2024,Buea,Winners Pharmacy,Ciprofloxacin,2077,1,51,B5203,1,S653,1.201966635
12/1/2024,Buea,Amazing Pharmacy Co Ltd,Metronidazole,2053,0,54,B5633,,S125,0.290275017
12/1/2024,Buea,Mont Zion Pharmacy,Trimethoprim-Sulfamethoxazole,1427,0,53,B9468,0,S941,0.313363151
12/1/2024,Buea,Winners Pharmacy,Paracetamol,380,1,47,B7143,0,S626,0.029739031
12/1/2024,Buea,Amazing Pharmacy Co Ltd,Ibuprofen,761,0,54,B9335,1,S556,0.065580971
12/1/2024,Buea,Mont Zion Pharmacy,Amodiaquine,919,1,46,B8975,0,S144,1.141199415
12/1/2024,Buea,Winners Pharmacy,Amoxicillin,1507,1,43,B5856,,S767,0.485918339
12/1/2024,Buea,Amazing Pharmacy Co Ltd,Ciprofloxacin,2068,1,59,B4154,1,S428,-1.474350856
12/1/2024,Buea,Mont Zion Pharmacy,Metronidazole,1860,1,50,B9419,0,S184,-0.364320163
12/1/2024,Buea,Winners Pharmacy,Trimethoprim-Sulfamethoxazole,1349,1,51,B2572,0,S271,-0.24008732
12/1/2024,Buea,Amazing Pharmacy Co Ltd,Paracetamol,438,1,54,B9814,0,S646,0.011132593
12/1/2024,Buea,Mont Zion Pharmacy,Ibuprofen,750,1,59,B1120,0,S741,1.373042329
12/1/2024,Buea,Winners Pharmacy,Amodiaquine,1058,0,47,B2072,1,S315,-1.086291657
1/1/2025,Buea,Amazing Pharmacy Co Ltd,Amoxicillin,1850,1,43,B4492,0,S985,0.296290348
1/1/2025,Buea,Mont Zion Pharmacy,Ciprofloxacin,2683,1,53,B7950,0,S955,-0.109093208
1/1/2025,Buea,Winners Pharmacy,Metronidazole,2004,1,63,B2702,1,S310,0.509875983
1/1/2025,Buea,Amazing Pharmacy Co Ltd,Trimethoprim-Sulfamethoxazole,1293,1,42,B9810,0,S948,1.237221643
1/1/2025,Buea,Mont Zion Pharmacy,Paracetamol,380,1,54,B8130,0,S762,-0.102265745
1/1/2025,Buea,Winners Pharmacy,Ibuprofen,678,0,52,B2181,,S864,-0.352136216
1/1/2025,Buea,Amazing Pharmacy Co Ltd,Amodiaquine,841,1,47,B3519,0,S124,-1.244722797
1/1/2025,Buea,Mont Zion Pharmacy,Amoxicillin,1499,1,52,B8523,0,S834,-0.106208692
1/1/2025,Buea,Winners Pharmacy,Ciprofloxacin,2687,1,54,B6434,0,S138,-1.863046857
1/1/2025,Buea,Amazing Pharmacy Co Ltd,Metronidazole,2224,1,42,B2433,,S175,-0.241152492
1/1/2025,Buea,Mont Zion Pharmacy,Trimethoprim-Sulfamethoxazole,1209,1,53,B1889,,S282,-0.460002064
1/1/2025,Buea,Winners Pharmacy,Paracetamol,352,0,55,B5127,,S671,0.78554632
1/1/2025,Buea,Amazing Pharmacy Co Ltd,Ibuprofen,599,1,59,B2154,0,S688,0.384175881
1/1/2025,Buea,Mont Zion Pharmacy,Amodiaquine,1000,0,54,B4729,0,S364,-1.948963638
1/1/2025,Buea,Winners Pharmacy,Amoxicillin,1820,0,49,B7678,0,S497,0.633662021
1/1/2025,Buea,Amazing Pharmacy Co Ltd,Ciprofloxacin,2608,1,63,B8391,1,S745,-0.174013115
1/1/2025,Buea,Mont Zion Pharmacy,Metronidazole,1926,1,71,B7626,0,S543,-0.910918064
1/1/2025,Buea,Winners Pharmacy,Trimethoprim-Sulfamethoxazole,1286,1,49,B6183,0,S117,0.993551027
1/1/2025,Buea,Amazing Pharmacy Co Ltd,Paracetamol,451,1,68,B7381,0,S789,-1.963670124
1/1/2025,Buea,Mont Zion Pharmacy,Ibuprofen,750,1,60,B2938,1,S647,-0.672408186
1/1/2025,Buea,Winners Pharmacy,Amodiaquine,1086,1,52,B1096,1,S756,-0.445470887
2/1/2025,Buea,Amazing Pharmacy Co Ltd,Amoxicillin,1672,1,51,B2036,1,S874,0.234637996
2/1/2025,Buea,Mont Zion Pharmacy,Ciprofloxacin,2508,1,39,B1745,0,S817,-0.062769424
2/1/2025,Buea,Winners Pharmacy,Metronidazole,2301,1,55,B2189,0,S466,-0.852086884
2/1/2025,Buea,Amazing Pharmacy Co Ltd,Trimethoprim-Sulfamethoxazole,1519,,51,B9238,0,S208,-0.40453174
2/1/2025,Buea,Mont Zion Pharmacy,Paracetamol,416,1,63,B5748,1,S905,0.970067789
2/1/2025,Buea,Winners Pharmacy,Ibuprofen,613,0,57,B5937,0,S721,-0.77569935
2/1/2025,Buea,Amazing Pharmacy Co Ltd,Amodiaquine,1066,1,51,B2417,1,S388,0.279089685
2/1/2025,Buea,Mont Zion Pharmacy,Amoxicillin,1652,1,68,B8170,,S490,0.766544752
2/1/2025,Buea,Winners Pharmacy,Ciprofloxacin,2761,1,55,B7473,1,S941,-0.422928345
2/1/2025,Buea,Amazing Pharmacy Co Ltd,Metronidazole,2241,1,58,B1504,1,S585,0.82954922
2/1/2025,Buea,Mont Zion Pharmacy,Trimethoprim-Sulfamethoxazole,1526,1,55,B3561,0,S646,0.926708473
2/1/2025,Buea,Winners Pharmacy,Paracetamol,401,1,72,B4602,1,S239,0.376983701
2/1/2025,Buea,Amazing Pharmacy Co Ltd,Ibuprofen,639,1,53,B7406,0,S915,-1.804407722
2/1/2025,Buea,Mont Zion Pharmacy,Amodiaquine,951,1,51,B9941,0,S402,0.587803854
2/1/2025,Buea,Winners Pharmacy,Amoxicillin,1508,,52,B3360,,S405,0.670598939
2/1/2025,Buea,Amazing Pharmacy Co Ltd,Ciprofloxacin,2501,1,54,B7113,0,S111,0.104865033
2/1/2025,Buea,Mont Zion Pharmacy,Metronidazole,2127,1,58,B3316,1,S226,0.498530192
2/1/2025,Buea,Winners Pharmacy,Trimethoprim-Sulfamethoxazole,1315,1,41,B1684,,S105,1.300911237
2/1/2025,Buea,Amazing Pharmacy Co Ltd,Paracetamol,390,1,69,B7456,1,S650,0.505062666
2/1/2025,Buea,Mont Zion Pharmacy,Ibuprofen,692,0,63,B9970,0,S187,0.011286223
2/1/2025,Buea,Winners Pharmacy,Amodiaquine,1084,1,58,B5992,1,S315,0.031748758
3/1/2025,Buea,Amazing Pharmacy Co Ltd,Amoxicillin,1406,1,43,B6633,0,S316,1.079011362
3/1/2025,Buea,Mont Zion Pharmacy,Ciprofloxacin,2690,1,49,B7760,1,S761,-0.77270866
3/1/2025,Buea,Winners Pharmacy,Metronidazole,1994,1,43,B9397,0,S245,-1.166829285
3/1/2025,Buea,Amazing Pharmacy Co Ltd,Trimethoprim-Sulfamethoxazole,1328,1,39,B3637,0,S288,-0.141925924
3/1/2025,Buea,Mont Zion Pharmacy,Paracetamol,417,1,55,B4617,1,S731,1.764739752
3/1/2025,Buea,Winners Pharmacy,Ibuprofen,676,1,55,B5140,1,S298,2.902941629
3/1/2025,Buea,Amazing Pharmacy Co Ltd,Amodiaquine,989,1,38,B2877,1,S285,0.315331471
3/1/2025,Buea,Mont Zion Pharmacy,Amoxicillin,1570,,62,B1891,1,S971,1.001383146
3/1/2025,Buea,Winners Pharmacy,Ciprofloxacin,2505,1,57,B9992,0,S572,1.476530037
3/1/2025,Buea,Amazing Pharmacy Co Ltd,Metronidazole,2200,1,56,B2198,0,S397,0.721371678
3/1/2025,Buea,Mont Zion Pharmacy,Trimethoprim-Sulfamethoxazole,1473,1,66,B2103,0,S356,0.032747648
3/1/2025,Buea,Winners Pharmacy,Paracetamol,422,1,42,B2608,0,S302,-1.547615513
3/1/2025,Buea,Amazing Pharmacy Co Ltd,Ibuprofen,695,,56,B8982,0,S438,0.818864066
3/1/2025,Buea,Mont Zion Pharmacy,Amodiaquine,925,0,55,B6851,1,S231,0.78982607
3/1/2025,Buea,Winners Pharmacy,Amoxicillin,1541,1,51,B4842,0,S202,0.0753552
3/1/2025,Buea,Amazing Pharmacy Co Ltd,Ciprofloxacin,2360,1,44,B5671,0,S734,1.157846851
3/1/2025,Buea,Mont Zion Pharmacy,Metronidazole,1826,1,44,B2143,0,S298,-0.633035401
3/1/2025,Buea,Winners Pharmacy,Trimethoprim-Sulfamethoxazole,1366,1,53,B6206,0,S597,1.056661949
3/1/2025,Buea,Amazing Pharmacy Co Ltd,Paracetamol,403,0,57,B8383,0,S436,0.95409766
3/1/2025,Buea,Mont Zion Pharmacy,Ibuprofen,744,1,52,B6008,0,S810,0.277725656
3/1/2025,Buea,Winners Pharmacy,Amodiaquine,836,1,36,B3496,1,S679,0.629179858
4/1/2025,Buea,Amazing Pharmacy Co Ltd,Amoxicillin,1683,1,56,B6971,0,S927,-1.629093289
4/1/2025,Buea,Mont Zion Pharmacy,Ciprofloxacin,2456,1,52,B6182,0,S538,0.004370252
4/1/2025,Buea,Winners Pharmacy,Metronidazole,2225,1,51,B3762,1,S104,-0.495364627
4/1/2025,Buea,Amazing Pharmacy Co Ltd,Trimethoprim-Sulfamethoxazole,1456,0,52,B6131,1,S352,-0.814502592
4/1/2025,Buea,Mont Zion Pharmacy,Paracetamol,353,1,55,B4629,1,S829,-0.641845783
4/1/2025,Buea,Winners Pharmacy,Ibuprofen,672,1,53,B8145,0,S383,0.256024745
4/1/2025,Buea,Amazing Pharmacy Co Ltd,Amodiaquine,1016,1,79,B6889,0,S237,-0.351048257
4/1/2025,Buea,Mont Zion Pharmacy,Amoxicillin,1535,1,44,B6432,0,S998,0.024820555
4/1/2025,Buea,Winners Pharmacy,Ciprofloxacin,2240,1,53,B8863,0,S573,-0.016269761
4/1/2025,Buea,Amazing Pharmacy Co Ltd,Metronidazole,1759,0,54,B8296,0,S467,0.529282992
4/1/2025,Buea,Mont Zion Pharmacy,Trimethoprim-Sulfamethoxazole,1264,1,55,B6004,0,S598,-0.02278063
4/1/2025,Buea,Winners Pharmacy,Paracetamol,392,1,56,B2783,0,S279,0.770266528
4/1/2025,Buea,Amazing Pharmacy Co Ltd,Ibuprofen,,1,47,B2343,,S961,-0.804350158
4/1/2025,Buea,Mont Zion Pharmacy,Amodiaquine,1011,1,82,B5597,0,S979,-1.211361134
4/1/2025,Buea,Winners Pharmacy,Amoxicillin,1633,1,40,B3293,0,S651,0.999944343
4/1/2025,Buea,Amazing Pharmacy Co Ltd,Ciprofloxacin,2220,0,44,B4218,0,S369,0.792903467
4/1/2025,Buea,Mont Zion Pharmacy,Metronidazole,2123,1,62,B2252,,S844,-2.337296287
4/1/2025,Buea,Winners Pharmacy,Trimethoprim-Sulfamethoxazole,1315,1,30,B2235,0,S119,-1.183692342
4/1/2025,Buea,Amazing Pharmacy Co Ltd,Paracetamol,460,0,51,B9309,1,S746,2.055220969
4/1/2025,Buea,Mont Zion Pharmacy,Ibuprofen,630,1,40,B1511,0,S932,0.300380937
4/1/2025,Buea,Winners Pharmacy,Amodiaquine,862,1,76,B7637,0,S887,-0.047829846
5/1/2025,Buea,Amazing Pharmacy Co Ltd,Amoxicillin,1847,1,48,B4485,1,S137,0.582686962
5/1/2025,Buea,Mont Zion Pharmacy,Ciprofloxacin,2153,1,49,B5269,1,S656,-1.332294874
5/1/2025,Buea,Winners Pharmacy,Metronidazole,2332,1,47,B9842,0,S583,-1.592487206
5/1/2025,Buea,Amazing Pharmacy Co Ltd,Trimethoprim-Sulfamethoxazole,1179,1,47,B3435,1,S474,-1.128028407
5/1/2025,Buea,Mont Zion Pharmacy,Paracetamol,420,1,60,B7430,0,S328,-0.427272582
5/1/2025,Buea,Winners Pharmacy,Ibuprofen,688,0,63,B5767,1,S237,-1.846421659
5/1/2025,Buea,Amazing Pharmacy Co Ltd,Amodiaquine,892,1,75,B8613,0,S613,0.377364366
5/1/2025,Buea,Mont Zion Pharmacy,Amoxicillin,1440,1,52,B9362,0,S192,-0.202679675
5/1/2025,Buea,Winners Pharmacy,Ciprofloxacin,2227,1,59,B7500,1,S472,1.976610334
5/1/2025,Buea,Amazing Pharmacy Co Ltd,Metronidazole,2306,0,55,B9227,0,S110,0.526461813
5/1/2025,Buea,Mont Zion Pharmacy,Trimethoprim-Sulfamethoxazole,1389,0,52,B4913,1,S968,1.716358499
5/1/2025,Buea,Winners Pharmacy,Paracetamol,457,1,60,B3717,0,S875,0.423558837
5/1/2025,Buea,Amazing Pharmacy Co Ltd,Ibuprofen,676,0,60,B9423,,S243,0.300547448
5/1/2025,Buea,Mont Zion Pharmacy,Amodiaquine,1032,1,74,B8310,0,S263,-2.236426204
5/1/2025,Buea,Winners Pharmacy,Amoxicillin,1805,1,51,B3935,0,S679,0.335935391
5/1/2025,Buea,Amazing Pharmacy Co Ltd,Ciprofloxacin,2283,1,47,B3395,,S853,0.186541821
5/1/2025,Buea,Mont Zion Pharmacy,Metronidazole,2130,1,52,B8921,0,S467,1.658435907
5/1/2025,Buea,Winners Pharmacy,Trimethoprim-Sulfamethoxazole,1521,0,56,B1662,,S324,1.048092729
5/1/2025,Buea,Amazing Pharmacy Co Ltd,Paracetamol,419,1,40,B8989,1,S337,0.008873459
5/1/2025,Buea,Mont Zion Pharmacy,Ibuprofen,657,1,39,B2029,1,S370,1.757274217
5/1/2025,Buea,Winners Pharmacy,Amodiaquine,997,1,76,B7052,1,S339,-0.638073035
6/1/2025,Buea,Amazing Pharmacy Co Ltd,Amoxicillin,1478,1,56,B1701,1,S784,0.694999669
6/1/2025,Buea,Mont Zion Pharmacy,Ciprofloxacin,2695,1,56,B4387,1,S630,-0.390204506
6/1/2025,Buea,Winners Pharmacy,Metronidazole,1984,1,37,B6918,0,S497,0.005714111
6/1/2025,Buea,Amazing Pharmacy Co Ltd,Trimethoprim-Sulfamethoxazole,1188,1,47,B8695,0,S565,-1.108121964
6/1/2025,Buea,Mont Zion Pharmacy,Paracetamol,417,1,66,B1760,0,S140,-1.884216269
6/1/2025,Buea,Winners Pharmacy,Ibuprofen,770,1,49,B6309,0,S205,0.365197908
6/1/2025,Buea,Amazing Pharmacy Co Ltd,Amodiaquine,955,1,74,B9542,0,S748,0.55452857
6/1/2025,Buea,Mont Zion Pharmacy,Amoxicillin,1412,0,42,B5480,1,S954,-2.131806784
6/1/2025,Buea,Winners Pharmacy,Ciprofloxacin,2180,1,38,B5314,,S692,0.311352383
6/1/2025,Buea,Amazing Pharmacy Co Ltd,Metronidazole,1932,0,44,B9918,1,S683,-0.303954063
6/1/2025,Buea,Mont Zion Pharmacy,Trimethoprim-Sulfamethoxazole,1528,,50,B3848,,S485,0.145120333
6/1/2025,Buea,Winners Pharmacy,Paracetamol,427,1,41,B7201,0,S474,-0.330349247
6/1/2025,Buea,Amazing Pharmacy Co Ltd,Ibuprofen,724,1,55,B2275,0,S629,0.047699471
6/1/2025,Buea,Mont Zion Pharmacy,Amodiaquine,1005,1,61,B5121,0,S485,0.740904633
6/1/2025,Buea,Winners Pharmacy,Amoxicillin,1460,1,42,B4651,0,S628,0.984734686
6/1/2025,Buea,Amazing Pharmacy Co Ltd,Ciprofloxacin,2304,1,45,B7649,1,S461,-0.970667767
6/1/2025,Buea,Mont Zion Pharmacy,Metronidazole,2221,1,53,B6653,1,S598,0.26026273
6/1/2025,Buea,Winners Pharmacy,Trimethoprim-Sulfamethoxazole,1319,,56,B8898,0,S718,0.634080937
6/1/2025,Buea,Amazing Pharmacy Co Ltd,Paracetamol,414,1,45,B1108,0,S613,0.407397178
6/1/2025,Buea,Mont Zion Pharmacy,Ibuprofen,632,1,52,B3276,1,S550,0.49831442
6/1/2025,Buea,Winners Pharmacy,Amodiaquine,1073,1,65,B3713,0,S335,0.697807136
7/1/2025,Buea,Amazing Pharmacy Co Ltd,Amoxicillin,1629,1,52,B2263,0,S626,1.833803859
7/1/2025,Buea,Mont Zion Pharmacy,Ciprofloxacin,2423,1,46,B5600,1,S316,-0.687684621
7/1/2025,Buea,Winners Pharmacy,Metronidazole,2146,1,58,B3461,,S291,-0.594120189
7/1/2025,Buea,Amazing Pharmacy Co Ltd,Trimethoprim-Sulfamethoxazole,1314,1,55,B3578,0,S470,-0.376003157
7/1/2025,Buea,Mont Zion Pharmacy,Paracetamol,365,1,56,B2938,1,S776,0.432886495
7/1/2025,Buea,Winners Pharmacy,Ibuprofen,744,1,56,B4773,0,S524,-1.035597975
7/1/2025,Buea,Amazing Pharmacy Co Ltd,Amodiaquine,825,0,56,B6410,0,S837,-0.537584055
7/1/2025,Buea,Mont Zion Pharmacy,Amoxicillin,1491,1,58,B2856,0,S593,0.824515156
7/1/2025,Buea,Winners Pharmacy,Ciprofloxacin,2161,1,51,B8844,1,S590,-0.603922594
7/1/2025,Buea,Amazing Pharmacy Co Ltd,Metronidazole,2124,0,44,B4452,0,S704,-0.33485073
7/1/2025,Buea,Mont Zion Pharmacy,Trimethoprim-Sulfamethoxazole,1323,1,52,B3641,,S762,-1.440121129
7/1/2025,Buea,Winners Pharmacy,Paracetamol,434,0,55,B7732,1,S122,-0.204249312
7/1/2025,Buea,Amazing Pharmacy Co Ltd,Ibuprofen,598,1,54,B4992,0,S144,1.025063296
7/1/2025,Buea,Mont Zion Pharmacy,Amodiaquine,882,1,57,B3095,0,S687,0.37428951
7/1/2025,Buea,Winners Pharmacy,Amoxicillin,1458,1,55,B3639,0,S237,-1.210181905
7/1/2025,Buea,Amazing Pharmacy Co Ltd,Ciprofloxacin,2235,1,48,B9399,0,S140,0.697393326
7/1/2025,Buea,Mont Zion Pharmacy,Metronidazole,2216,1,44,B3406,0,S157,0.482050728
7/1/2025,Buea,Winners Pharmacy,Trimethoprim-Sulfamethoxazole,1557,1,52,B3725,,S364,0.669580573
7/1/2025,Buea,Amazing Pharmacy Co Ltd,Paracetamol,416,1,65,B3949,,S629,-0.518830181
7/1/2025,Buea,Mont Zion Pharmacy,Ibuprofen,615,1,67,B7642,1,S713,-0.833568452
7/1/2025,Buea,Winners Pharmacy,Amodiaquine,959,,48,B1305,,S999,0.967812211
8/1/2025,Buea,Amazing Pharmacy Co Ltd,Amoxicillin,1675,1,44,B5644,0,S187,-0.922324056
8/1/2025,Buea,Mont Zion Pharmacy,Ciprofloxacin,2310,1,57,B4548,1,S559,-1.960850798
8/1/2025,Buea,Winners Pharmacy,Metronidazole,2063,1,56,B8723,0,S988,0.360960888
8/1/2025,Buea,Amazing Pharmacy Co Ltd,Trimethoprim-Sulfamethoxazole,1537,1,53,B8891,1,S274,0.04853914
8/1/2025,Buea,Mont Zion Pharmacy,Paracetamol,396,0,44,B4594,1,S950,1.084116546
8/1/2025,Buea,Winners Pharmacy,Ibuprofen,678,1,74,B7730,0,S715,-1.265018928
8/1/2025,Buea,Amazing Pharmacy Co Ltd,Amodiaquine,824,1,52,B3338,1,S913,-0.141476203
8/1/2025,Buea,Mont Zion Pharmacy,Amoxicillin,1577,0,57,B3979,1,S738,0.093066776
8/1/2025,Buea,Winners Pharmacy,Ciprofloxacin,2568,1,47,B9369,1,S370,0.675561898
8/1/2025,Buea,Amazing Pharmacy Co Ltd,Metronidazole,1986,1,59,B3747,0,S841,0.624269154
8/1/2025,Buea,Mont Zion Pharmacy,Trimethoprim-Sulfamethoxazole,1352,1,53,B6614,0,S564,1.144881624
8/1/2025,Buea,Winners Pharmacy,Paracetamol,397,1,55,B2127,0,S335,0.877612815
8/1/2025,Buea,Amazing Pharmacy Co Ltd,Ibuprofen,689,0,45,B7196,0,S494,-0.795092815
8/1/2025,Buea,Mont Zion Pharmacy,Amodiaquine,907,,64,B3166,1,S211,-0.025838145
8/1/2025,Buea,Winners Pharmacy,Amoxicillin,1572,0,51,B1271,0,S307,-0.191625916
8/1/2025,Buea,Amazing Pharmacy Co Ltd,Ciprofloxacin,2408,1,41,B9564,1,S980,0.284871017
8/1/2025,Buea,Mont Zion Pharmacy,Metronidazole,1871,1,51,B9263,0,S800,1.70404648
8/1/2025,Buea,Winners Pharmacy,Trimethoprim-Sulfamethoxazole,1350,1,41,B7877,0,S946,-2.763444164
8/1/2025,Buea,Amazing Pharmacy Co Ltd,Paracetamol,451,1,65,B3450,0,S720,-1.23348391
8/1/2025,Buea,Mont Zion Pharmacy,Ibuprofen,589,1,61,B2577,0,S281,0.93740271
8/1/2025,Buea,Winners Pharmacy,Amodiaquine,1043,1,53,B8796,0,S729,1.101720487
9/1/2025,Buea,Amazing Pharmacy Co Ltd,Amoxicillin,1814,0,45,B1639,0,S998,0.519910072
9/1/2025,Buea,Mont Zion Pharmacy,Ciprofloxacin,2802,1,58,B9706,0,S615,-1.019645336
9/1/2025,Buea,Winners Pharmacy,Metronidazole,2063,1,60,B2925,0,S195,0.928162834
9/1/2025,Buea,Amazing Pharmacy Co Ltd,Trimethoprim-Sulfamethoxazole,1543,1,54,B8901,0,S775,-0.992560915
9/1/2025,Buea,Mont Zion Pharmacy,Paracetamol,450,1,54,B3135,0,S717,0.755102731
9/1/2025,Buea,Winners Pharmacy,Ibuprofen,770,1,49,B9835,0,S947,-0.602258177
9/1/2025,Buea,Amazing Pharmacy Co Ltd,Amodiaquine,968,1,87,B1019,0,S893,0.891440047
9/1/2025,Buea,Mont Zion Pharmacy,Amoxicillin,1469,0,41,B8069,0,S634,0.444065978
9/1/2025,Buea,Winners Pharmacy,Ciprofloxacin,2198,1,53,B7892,0,S479,-0.818231984
9/1/2025,Buea,Amazing Pharmacy Co Ltd,Metronidazole,2277,1,52,B1711,0,S814,-0.11192725
9/1/2025,Buea,Mont Zion Pharmacy,Trimethoprim-Sulfamethoxazole,1423,0,61,B9680,0,S539,0.336811272
9/1/2025,Buea,Winners Pharmacy,Paracetamol,396,1,46,B4759,,S921,1.084161017
9/1/2025,Buea,Amazing Pharmacy Co Ltd,Ibuprofen,746,1,49,B8899,0,S908,-1.030307651
9/1/2025,Buea,Mont Zion Pharmacy,Amodiaquine,915,1,76,B7246,,S458,0.204618226
9/1/2025,Buea,Winners Pharmacy,Amoxicillin,1533,1,52,B2600,0,S535,-0.864491612
9/1/2025,Buea,Amazing Pharmacy Co Ltd,Ciprofloxacin,2326,1,48,B3193,1,S360,0.27340779
9/1/2025,Buea,Mont Zion Pharmacy,Metronidazole,1782,1,50,B8817,0,S884,0.228940244
9/1/2025,Buea,Winners Pharmacy,Trimethoprim-Sulfamethoxazole,1488,1,56,B4809,1,S979,0.423932312
9/1/2025,Buea,Amazing Pharmacy Co Ltd,Paracetamol,431,1,55,B2373,0,S390,-2.298935839
9/1/2025,Buea,Mont Zion Pharmacy,Ibuprofen,731,1,59,B9908,0,S518,0.079876054
9/1/2025,Buea,Winners Pharmacy,Amodiaquine,912,1,70,B5223,1,S293,1.42543328
10/1/2025,Buea,Amazing Pharmacy Co Ltd,Amoxicillin,1557,1,53,B1089,0,S826,-0.813442056
10/1/2025,Buea,Mont Zion Pharmacy,Ciprofloxacin,2410,1,42,B1116,0,S691,0.677002397
10/1/2025,Buea,Winners Pharmacy,Metronidazole,2183,1,57,B9561,0,S220,1.108841419
10/1/2025,Buea,Amazing Pharmacy Co Ltd,Trimethoprim-Sulfamethoxazole,1554,1,51,B9515,0,S107,-0.229056722
10/1/2025,Buea,Mont Zion Pharmacy,Paracetamol,395,0,53,B7144,1,S770,0.425373107
10/1/2025,Buea,Winners Pharmacy,Ibuprofen,592,1,43,B4365,1,S804,-0.655542536
10/1/2025,Buea,Amazing Pharmacy Co Ltd,Amodiaquine,1069,1,72,B6175,1,S518,0.499106442
10/1/2025,Buea,Mont Zion Pharmacy,Amoxicillin,1673,1,51,B6935,0,S209,0.968375166
10/1/2025,Buea,Winners Pharmacy,Ciprofloxacin,2543,1,33,B3535,0,S536,-0.126102417
10/1/2025,Buea,Amazing Pharmacy Co Ltd,Metronidazole,2077,1,56,B5155,1,S367,1.772983852
10/1/2025,Buea,Mont Zion Pharmacy,Trimethoprim-Sulfamethoxazole,1297,1,52,B9783,0,S533,0.68920687
10/1/2025,Buea,Winners Pharmacy,Paracetamol,394,0,54,B6990,1,S726,1.738146758
10/1/2025,Buea,Amazing Pharmacy Co Ltd,Ibuprofen,736,1,56,B5514,0,S796,-0.101902372
10/1/2025,Buea,Mont Zion Pharmacy,Amodiaquine,1021,1,70,B7511,1,S873,-0.251766827
10/1/2025,Buea,Winners Pharmacy,Amoxicillin,1551,1,52,B4337,1,S523,-0.238445667
10/1/2025,Buea,Amazing Pharmacy Co Ltd,Ciprofloxacin,2310,1,53,B8904,1,S283,-0.552904938
10/1/2025,Buea,Mont Zion Pharmacy,Metronidazole,1794,0,54,B7065,1,S672,-0.48640552
10/1/2025,Buea,Winners Pharmacy,Trimethoprim-Sulfamethoxazole,1226,1,46,B8925,0,S359,-0.492157575
10/1/2025,Buea,Amazing Pharmacy Co Ltd,Paracetamol,461,1,51,B6024,0,S691,-0.232605903
10/1/2025,Buea,Mont Zion Pharmacy,Ibuprofen,602,1,53,B6641,0,S892,0.687547715
10/1/2025,Buea,Winners Pharmacy,Amodiaquine,1002,1,65,B7522,0,S853,1.048640709
11/1/2025,Buea,Amazing Pharmacy Co Ltd,Amoxicillin,1850,1,45,B3262,0,S975,-0.601669177
11/1/2025,Buea,Mont Zion Pharmacy,Ciprofloxacin,2790,0,58,B2951,0,S865,0.068997561
11/1/2025,Buea,Winners Pharmacy,Metronidazole,1973,1,49,B4764,1,S557,0.736619933
11/1/2025,Buea,Amazing Pharmacy Co Ltd,Trimethoprim-Sulfamethoxazole,1243,1,48,B3650,0,S202,1.32874143
11/1/2025,Buea,Mont Zion Pharmacy,Paracetamol,407,0,45,B4513,0,S620,-0.476979389
11/1/2025,Buea,Winners Pharmacy,Ibuprofen,720,1,56,B7562,0,S904,-0.616536927
11/1/2025,Buea,Amazing Pharmacy Co Ltd,Amodiaquine,982,1,42,B6544,0,S920,-2.280912108
11/1/2025,Buea,Mont Zion Pharmacy,Amoxicillin,1606,1,48,B1852,1,S264,0.015568275
11/1/2025,Buea,Winners Pharmacy,Ciprofloxacin,2376,1,51,B7375,0,S751,0.030467407
11/1/2025,Buea,Amazing Pharmacy Co Ltd,Metronidazole,2255,,55,B1086,1,S923,1.580727042
11/1/2025,Buea,Mont Zion Pharmacy,Trimethoprim-Sulfamethoxazole,1274,0,60,B2492,1,S943,-0.997091124
11/1/2025,Buea,Winners Pharmacy,Paracetamol,410,1,42,B3381,0,S582,0.358456966
11/1/2025,Buea,Amazing Pharmacy Co Ltd,Ibuprofen,655,1,39,B8133,,S190,-1.145738283
11/1/2025,Buea,Mont Zion Pharmacy,Amodiaquine,1048,1,53,B2049,,S369,-1.24198536
11/1/2025,Buea,Winners Pharmacy,Amoxicillin,1501,1,52,B4633,1,S479,-2.256965384
11/1/2025,Buea,Amazing Pharmacy Co Ltd,Ciprofloxacin,2641,1,50,B2311,0,S723,0.637580138
11/1/2025,Buea,Mont Zion Pharmacy,Metronidazole,1852,1,67,B1618,1,S841,-1.635265886
11/1/2025,Buea,Winners Pharmacy,Trimethoprim-Sulfamethoxazole,1308,1,58,B7296,0,S510,1.356046347
11/1/2025,Buea,Amazing Pharmacy Co Ltd,Paracetamol,466,1,52,B9536,0,S393,-0.442771557
11/1/2025,Buea,Mont Zion Pharmacy,Ibuprofen,706,1,44,B1941,,S892,0.98033867
11/1/2025,Buea,Winners Pharmacy,Amodiaquine,975,1,38,B3871,1,S755,1.517231025
12/1/2025,Buea,Amazing Pharmacy Co Ltd,Amoxicillin,1579,0,47,B9099,0,S549,-1.630953213
12/1/2025,Buea,Mont Zion Pharmacy,Ciprofloxacin,2107,1,56,B1175,0,S306,-0.976339319
12/1/2025,Buea,Winners Pharmacy,Metronidazole,2210,,48,B9489,1,S392,2.205786353
12/1/2025,Buea,Amazing Pharmacy Co Ltd,Trimethoprim-Sulfamethoxazole,1450,1,41,B4190,1,S134,-1.198600152
12/1/2025,Buea,Mont Zion Pharmacy,Paracetamol,416,0,53,B9364,1,S628,-0.174947361
12/1/2025,Buea,Winners Pharmacy,Ibuprofen,629,1,53,B4795,1,S729,0.465362924
12/1/2025,Buea,Amazing Pharmacy Co Ltd,Amodiaquine,856,1,47,B3776,1,S790,1.215488722
12/1/2025,Buea,Mont Zion Pharmacy,Amoxicillin,1578,0,44,B1590,0,S468,0.874846827
12/1/2025,Buea,Winners Pharmacy,Ciprofloxacin,,1,51,B4919,0,S770,-0.143864274
12/1/2025,Buea,Amazing Pharmacy Co Ltd,Metronidazole,1987,1,55,B1004,1,S261,1.02919059
12/1/2025,Buea,Mont Zion Pharmacy,Trimethoprim-Sulfamethoxazole,1347,1,60,B2422,0,S382,-0.729787487
12/1/2025,Buea,Winners Pharmacy,Paracetamol,411,1,40,B7544,0,S461,1.39554158
12/1/2025,Buea,Amazing Pharmacy Co Ltd,Ibuprofen,664,1,53,B7474,0,S515,-0.761571527
12/1/2025,Buea,Mont Zion Pharmacy,Amodiaquine,843,1,48,B4281,,S630,1.441954154
12/1/2025,Buea,Winners Pharmacy,Amoxicillin,1589,1,44,B1251,0,S854,-0.827497286
12/1/2025,Buea,Amazing Pharmacy Co Ltd,Ciprofloxacin,2429,0,67,B2124,1,S192,0.084948078
12/1/2025,Buea,Mont Zion Pharmacy,Metronidazole,2148,1,33,B5661,0,S843,-1.381993551
12/1/2025,Buea,Winners Pharmacy,Trimethoprim-Sulfamethoxazole,1448,0,50,B6703,1,S455,0.872653936
12/1/2025,Buea,Amazing Pharmacy Co Ltd,Paracetamol,464,1,50,B5530,0,S331,0.720564852
12/1/2025,Buea,Mont Zion Pharmacy,Ibuprofen,675,1,49,B4187,0,S565,0.021410628
12/1/2025,Buea,Winners Pharmacy,Amodiaquine,953,1,40,B7618,,S688,1.184061614
,,,,,,,,,,
,,,,,,,,,,
,,,,,,,,,,
,,,,,,,,,,
Country,Year,Month,Drug_Name,Availability_Percent,Average_Price_Local,Estimated_Monthly_Sales,,,,
Cameroon,2015,,,58,200,1707,,,,
Cameroon,2015,,,62,1410,2457,,,,
Cameroon,2015,,,87,1152,527,,,,
Cameroon,2015,,,86,839,665,,,,
Cameroon,2015,,,69,424,1645,,,,
Cameroon,2015,,,67,1124,2114,,,,
Cameroon,2015,,,56,518,2998,,,,
Cameroon,2015,,,83,1455,1671,,,,
Cameroon,2015,,,54,616,2236,,,,
Cameroon,2015,,,65,301,1297,,,,
Cameroon,2015,,,55,1030,1600,,,,
Cameroon,2015,,,66,989,2667,,,,
Cameroon,2015,,,82,1117,1038,,,,
Cameroon,2016,,,64,1223,1706,,,,
Cameroon,2016,,,94,658,706,,,,
Cameroon,2016,,,84,1158,2079,,,,
Cameroon,2016,,,91,1378,2278,,,,
Cameroon,2016,,,60,1106,1779,,,,
Cameroon,2016,,,77,328,2275,,,,
Cameroon,2016,,,80,1398,2836,,,,
Cameroon,2016,,,75,480,2537,,,,
Cameroon,2016,,,76,800,2498,,,,
Cameroon,2016,,,88,1100,2726,,,,
Cameroon,2016,,,90,1095,756,,,,
Cameroon,2016,,,78,1248,1431,,,,
Cameroon,2017,,,79,526,1254,,,,
Cameroon,2017,,,79,996,2593,,,,
Cameroon,2017,,,90,942,2327,,,,
Cameroon,2017,,,95,1081,2901,,,,
Cameroon,2017,,,76,668,1929,,,,
Cameroon,2017,,,86,355,936,,,,
Cameroon,2017,,,90,631,1985,,,,
Cameroon,2017,,,54,423,1822,,,,
Cameroon,2017,,,85,1287,2960,,,,
Cameroon,2017,,,94,1197,376,,,,
Cameroon,2017,,,94,959,2760,,,,
Cameroon,2017,,,85,1323,1791,,,,
Cameroon,2018,,,57,825,1232,,,,
Cameroon,2018,,,89,678,1025,,,,
Cameroon,2018,,,66,1484,1288,,,,
Cameroon,2018,,,89,644,2254,,,,
Cameroon,2018,,,70,564,2549,,,,
Cameroon,2018,,,57,456,2188,,,,
Cameroon,2018,,,79,1260,638,,,,
Cameroon,2018,,,50,434,2887,,,,
Cameroon,2018,,,52,395,2700,,,,
Cameroon,2018,,,57,783,2354,,,,
Cameroon,2018,,,64,1499,305,,,,
Cameroon,2018,,,68,524,2131,,,,
Cameroon,2019,,,65,832,901,,,,
Cameroon,2019,,,88,1368,574,,,,
Cameroon,2019,,,61,457,1520,,,,
Cameroon,2019,,,73,513,1326,,,,
Cameroon,2019,,,84,723,2691,,,,
Cameroon,2019,,,93,272,2026,,,,
Cameroon,2019,,,93,374,355,,,,
Cameroon,2019,,,72,1322,1633,,,,
Cameroon,2019,,,66,489,1608,,,,
Cameroon,2019,,,63,442,2378,,,,
Cameroon,2019,,,77,371,2114,,,,
Cameroon,2019,,,82,1106,734,,,,
Cameroon,2020,,,53,343,2744,,,,
Cameroon,2020,,,53,879,395,,,,
Cameroon,2020,,,74,835,2692,,,,
Cameroon,2020,,,69,1285,716,,,,
Cameroon,2020,,,88,1458,2003,,,,
Cameroon,2020,,,54,980,2875,,,,
Cameroon,2020,,,91,1366,1656,,,,
Cameroon,2020,,,81,518,2499,,,,
Cameroon,2020,,,58,214,2237,,,,
Cameroon,2020,,,52,514,853,,,,
Cameroon,2020,,,59,439,1589,,,,
Cameroon,2020,,,91,625,1197,,,,
Cameroon,2021,,,58,837,785,,,,
Cameroon,2021,,,66,968,1635,,,,
Cameroon,2021,,,59,1064,1863,,,,
Cameroon,2021,,,74,1055,1181,,,,
Cameroon,2021,,,64,739,2615,,,,
Cameroon,2021,,,71,572,1969,,,,
Cameroon,2021,,,50,555,2661,,,,
Cameroon,2021,,,89,436,1656,,,,
Cameroon,2021,,,65,1147,2414,,,,
Cameroon,2021,,,84,627,2521,,,,
Cameroon,2021,,,62,1405,984,,,,
Cameroon,2021,,,82,453,711,,,,
Cameroon,2022,,,62,266,2128,,,,
Cameroon,2022,,,82,303,1070,,,,
Cameroon,2022,,,83,1136,1576,,,,
Cameroon,2022,,,68,1488,1376,,,,
Cameroon,2022,,,71,1144,1684,,,,
Cameroon,2022,,,78,1027,473,,,,
Cameroon,2022,,,54,471,458,,,,
Cameroon,2022,,,52,770,411,,,,
Cameroon,2022,,,52,763,435,,,,
Cameroon,2022,,,89,863,1922,,,,
Cameroon,2022,,,89,1105,2493,,,,
Cameroon,2022,,,80,1438,2170,,,,
Cameroon,2023,,,75,1034,2710,,,,
Cameroon,2023,,,89,282,1936,,,,
Cameroon,2023,,,89,1138,1601,,,,
Cameroon,2023,,,87,1396,2746,,,,
Cameroon,2023,,,92,560,333,,,,
Cameroon,2023,,,65,910,1767,,,,
Cameroon,2023,,,80,1164,642,,,,
Cameroon,2023,,,63,212,1112,,,,
Cameroon,2023,,,78,328,761,,,,
Cameroon,2023,,,60,254,2735,,,,
Cameroon,2023,,,76,290,2241,,,,
Cameroon,2023,,,85,335,1470,,,,
Cameroon,2024,,,57,851,1228,,,,
Cameroon,2024,,,68,1113,2756,,,,
Cameroon,2024,,,61,888,2983,,,,
Cameroon,2024,,,68,414,1911,,,,
Cameroon,2024,,,87,695,921,,,,
Cameroon,2024,,,83,881,1847,,,,
Cameroon,2024,,,69,1319,803,,,,
Cameroon,2024,,,85,1408,1773,,,,
Cameroon,2024,,,55,942,1295,,,,
Cameroon,2024,,,67,1216,685,,,,
Cameroon,2024,,,66,568,1047,,,,
Cameroon,2024,,,79,251,2736,,,,
Cameroon,,,,84,1098,1136,,,,
Cameroon,,,,94,1178,2485,,,,
Cameroon,,,,70,1182,2647,,,,
Cameroon,,,,78,724,2046,,,,
Cameroon,,,,69,817,2612,,,,
Cameroon,,,,54,1299,2802,,,,
Cameroon,,,,81,1117,2023,,,,
Cameroon,,,,77,533,1877,,,,
Cameroon,,,,71,1006,1390,,,,
Cameroon,,,,72,1241,1661,,,,
Cameroon,,,,64,1181,794,,,,
Cameroon,,,,56,361,2801,,,,
Cameroon,,,,95,864,1620,,,,
Cameroon,,,,77,1461,2127,,,,
Cameroon,,,,81,1265,2085,,,,
Cameroon,,,,84,1456,747,,,,
Cameroon,,,,77,1268,2484,,,,
Cameroon,,,,51,1145,872,,,,
Cameroon,,,,89,885,545,,,,
Cameroon,,,,59,229,2019,,,,
Cameroon,,,,51,1137,927,,,,
Cameroon,,,,72,1263,2377,,,,
Cameroon,,,,53,931,848,,,,
Cameroon,,,,51,615,1286,,,,
Cameroon,,,,50,1124,2372,,,,
Cameroon,,,,86,566,2947,,,,
Cameroon,,,,53,904,2078,,,,
Cameroon,,,,59,436,1359,,,,
Cameroon,,,,69,593,2557,,,,
Cameroon,,,,60,255,1486,,,,
Cameroon,,,,93,1280,2674,,,,
Cameroon,,,,94,870,2108,,,,
Cameroon,,,,59,1076,922,,,,
Cameroon,,,,72,798,2866,,,,
Cameroon,,,,64,497,2749,,,,
Cameroon,,,,82,534,1595,,,,
Cameroon,,,,51,1326,611,,,,
Cameroon,,,,52,1134,2124,,,,
Cameroon,,,,68,737,1294,,,,
Cameroon,,,,74,1324,1932,,,,
Cameroon,,,,68,387,333,,,,
Cameroon,,,,79,1455,1527,,,,
Cameroon,,,,66,483,1158,,,,
Cameroon,,,,69,384,1701,,,,
Cameroon,,,,84,799,1525,,,,
Cameroon,,,,72,341,2434,,,,
Cameroon,,,,75,1010,1548,,,,
Cameroon,,,,61,318,1235,,,,
Cameroon,,,,61,517,1789,,,,
Cameroon,,,,82,714,840,,,,
Cameroon,,,,56,787,1228,,,,
Cameroon,,,,83,308,1837,,,,
Cameroon,,,,86,1402,580,,,,
Cameroon,,,,70,1402,2574,,,,
Cameroon,,,,83,1490,2778,,,,
Cameroon,,,,78,1086,2347,,,,
Cameroon,,,,69,930,1844,,,,
Cameroon,,,,78,1124,1553,,,,
Cameroon,,,,77,1196,2442,,,,
Cameroon,,,,71,1043,733,,,,
Cameroon,,,,68,225,2295,,,,
Cameroon,,,,68,482,1950,,,,
Cameroon,,,,67,692,1005,,,,
Cameroon,,,,65,887,595,,,,
Cameroon,,,,81,687,2934,,,,
Cameroon,,,,84,1090,1853,,,,
Cameroon,,,,65,507,1754,,,,
Cameroon,,,,87,797,2160,,,,
Cameroon,,,,60,1429,2564,,,,
Cameroon,,,,74,490,2257,,,,
Cameroon,,,,84,1472,605,,,,
Cameroon,,,,66,591,2391,,,,
Cameroon,,,,88,1169,318,,,,
Cameroon,,,,51,845,1681,,,,
Cameroon,,,,54,1040,1457,,,,
Cameroon,,,,66,1415,1982,,,,
Cameroon,,,,56,237,2022,,,,
Cameroon,,,,90,1342,1070,,,,
Cameroon,,,,81,1132,452,,,,
Cameroon,,,,61,333,2749,,,,
Cameroon,,,,59,888,434,,,,
Cameroon,,,,72,331,2979,,,,
Cameroon,,,,81,336,425,,,,
Cameroon,,,,91,1268,471,,,,
Cameroon,,,,50,1283,2578,,,,
Cameroon,,,,94,629,2703,,,,
Cameroon,,,,88,1451,2192,,,,
Cameroon,,,,75,1210,1718,,,,
Cameroon,,,,55,574,1218,,,,
Cameroon,,,,54,623,1004,,,,
Cameroon,,,,65,250,1682,,,,
Cameroon,,,,78,1410,2391,,,,
Cameroon,,,,63,1210,977,,,,
Cameroon,,,,61,212,2415,,,,
Cameroon,,,,73,374,868,,,,
Cameroon,,,,54,1349,1488,,,,
Cameroon,,,,55,1363,2565,,,,
Cameroon,,,,91,1242,698,,,,
Cameroon,,,,88,935,2548,,,,
Cameroon,,,,74,1011,2296,,,,
Cameroon,,,,69,866,849,,,,
Cameroon,,,,66,1463,2214,,,,
Cameroon,,,,88,564,1315,,,,
Cameroon,,,,66,412,1078,,,,
Cameroon,,,,55,258,2421,,,,
Cameroon,,,,81,616,1776,,,,
Cameroon,,,,66,1177,2556,,,,
Cameroon,,,,87,1008,2412,,,,
Cameroon,,,,72,1201,1382,,,,
Cameroon,,,,90,1057,1449,,,,
Cameroon,,,,62,381,2085,,,,
Cameroon,,,,65,963,800,,,,
Cameroon,,,,94,1135,2405,,,,
Cameroon,,,,68,857,657,,,,
Cameroon,,,,76,1387,2825,,,,
Cameroon,,,,66,1148,1782,,,,
Cameroon,,,,58,647,788,,,,
Cameroon,,,,64,435,1719,,,,
Cameroon,,,,66,1481,823,,,,
Cameroon,,,,64,1210,2798,,,,
Cameroon,,,,88,1269,993,,,,
Cameroon,,,,66,612,2043,,,,
Cameroon,,,,74,1114,2745,,,,
Cameroon,,,,57,209,2456,,,,
Cameroon,,,,81,1002,1607,,,,
Cameroon,,,,84,726,1186,,,,
Cameroon,,,,81,818,1116,,,,
Cameroon,,,,53,1379,888,,,,
Cameroon,,,,60,331,2993,,,,
Cameroon,,,,77,1338,2572,,,,
Cameroon,,,,74,304,2150,,,,
Cameroon,,,,75,711,1669,,,,
Cameroon,,,,60,227,2195,,,,
Cameroon,,,,58,964,654,,,,
Cameroon,,,,84,341,1859,,,,
Cameroon,,,,91,1111,659,,,,
Cameroon,,,,80,1343,533,,,,
Cameroon,,,,62,349,1966,,,,
Cameroon,,,,95,1198,1061,,,,
Cameroon,,,,69,1194,1511,,,,
Cameroon,,,,63,448,736,,,,
Cameroon,,,,75,1093,1922,,,,
Cameroon,,,,64,467,1359,,,,
Cameroon,,,,52,785,1554,,,,
Cameroon,,,,92,658,1184,,,,
Cameroon,,,,68,361,1237,,,,
Cameroon,,,,75,909,413,,,,
Cameroon,,,,77,753,1336,,,,
Cameroon,,,,81,897,2313,,,,
Cameroon,,,,54,683,2271,,,,
Cameroon,,,,77,732,1777,,,,
Cameroon,,,,94,921,921,,,,
Cameroon,,,,68,233,1988,,,,
Cameroon,,,,82,526,708,,,,
Cameroon,,,,76,1401,2322,,,,
Cameroon,,,,52,302,2363,,,,
Cameroon,,,,70,980,433,,,,
Cameroon,,,,69,1380,1518,,,,
Cameroon,,,,75,384,831,,,,
Cameroon,,,,79,898,679,,,,
Cameroon,,,,87,642,2057,,,,
Cameroon,,,,51,1087,593,,,,
Cameroon,,,,82,847,1022,,,,
Cameroon,,,,79,292,1174,,,,
Cameroon,,,,79,444,1068,,,,
Cameroon,,,,69,495,2355,,,,
Cameroon,,,,58,1246,511,,,,
Cameroon,,,,88,1183,1490,,,,
Cameroon,,,,54,955,1754,,,,
Cameroon,,,,74,1093,940,,,,
Cameroon,,,,89,745,1325,,,,
Cameroon,,,,80,1254,1936,,,,
Cameroon,,,,56,369,934,,,,
Cameroon,,,,68,565,2217,,,,
Cameroon,,,,70,488,2487,,,,
Cameroon,,,,55,1199,1206,,,,
Cameroon,,,,83,1174,1293,,,,
Cameroon,,,,69,1498,2230,,,,
Cameroon,,,,86,328,1988,,,,
Cameroon,,,,84,1100,2755,,,,
Cameroon,,,,58,1239,2581,,,,
Cameroon,,,,88,1490,586,,,,
Cameroon,,,,89,1412,1327,,,,
Cameroon,,,,57,906,2551,,,,
Cameroon,,,,57,640,1294,,,,
Cameroon,,,,57,661,2407,,,,
Cameroon,,,,74,923,2642,,,,
Cameroon,,,,84,1369,2909,,,,
Cameroon,,,,67,382,2587,,,,
Cameroon,,,,93,1185,799,,,,
Cameroon,,,,88,596,1814,,,,
Cameroon,,,,95,403,819,,,,
Cameroon,,,,51,1129,897,,,,
Cameroon,,,,82,1484,1896,,,,
Cameroon,,,,84,670,2653,,,,
Cameroon,,,,75,769,961,,,,
Cameroon,,,,75,965,611,,,,
Cameroon,,,,54,256,2951,,,,
Cameroon,,,,76,248,1190,,,,
Cameroon,,,,79,1190,1282,,,,
Cameroon,,,,70,647,1304,,,,
Cameroon,,,,72,389,2181,,,,
Cameroon,,,,80,958,2560,,,,
Cameroon,,,,91,1248,2926,,,,
Cameroon,,,,90,915,520,,,,
Cameroon,,,,61,1039,1309,,,,
Cameroon,,,,51,900,1912,,,,
Cameroon,,,,54,1121,701,,,,
Cameroon,,,,64,288,537,,,,
Cameroon,,,,66,772,2479,,,,
Cameroon,,,,62,363,2358,,,,
Cameroon,,,,66,1208,2330,,,,
Cameroon,,,,89,931,866,,,,
Cameroon,,,,54,1188,1581,,,,
Cameroon,,,,76,468,1176,,,,
Cameroon,,,,95,265,2663,,,,
Cameroon,,,,65,1364,1990,,,,
Cameroon,,,,78,260,500,,,,
Cameroon,,,,69,342,2259,,,,
Cameroon,,,,88,213,624,,,,
Cameroon,,,,92,705,2266,,,,
Cameroon,,,,88,273,2885,,,,
Cameroon,,,,52,786,1323,,,,
Cameroon,,,,62,1133,440,,,,
Cameroon,,,,88,1333,1960,,,,
Cameroon,,,,66,865,1244,,,,
Cameroon,,,,59,511,2915,,,,
Cameroon,,,,81,619,773,,,,
Cameroon,,,,51,996,575,,,,
Cameroon,,,,76,516,2346,,,,
Cameroon,,,,87,1290,1392,,,,
Cameroon,,,,70,344,2209,,,,
Cameroon,,,,90,714,885,,,,
Cameroon,,,,74,901,1866,,,,
Cameroon,,,,56,1067,1189,,,,
Cameroon,,,,66,1431,2897,,,,
Cameroon,,,,71,304,1062,,,,
Cameroon,,,,84,762,2160,,,,
Cameroon,,,,63,406,1805,,,,
Cameroon,,,,83,1476,947,,,,
Cameroon,,,,82,737,2273,,,,
Cameroon,,,,92,806,2227,,,,
Cameroon,,,,73,763,1983,,,,
Cameroon,,,,92,1183,1581,,,,
Cameroon,,,,71,588,710,,,,
Cameroon,,,,63,612,1029,,,,
Cameroon,,,,59,1165,677,,,,
Cameroon,,,,83,1483,647,,,,
Cameroon,,,,57,801,2529,,,,
Cameroon,,,,63,1396,1000,,,,
Cameroon,,,,68,813,913,,,,
Cameroon,,,,86,488,2680,,,,
Cameroon,,,,66,1104,2864,,,,
Cameroon,,,,94,745,374,,,,
Cameroon,,,,88,1315,1539,,,,
Cameroon,,,,51,382,734,,,,
Cameroon,,,,58,1093,2550,,,,
Cameroon,,,,54,915,1793,,,,
Cameroon,,,,66,1129,2112,,,,
Cameroon,,,,56,1098,1457,,,,
Cameroon,,,,65,1419,2349,,,,
Cameroon,,,,74,1067,1419,,,,
Cameroon,,,,69,802,1234,,,,
Cameroon,,,,78,361,2920,,,,
Cameroon,,,,57,667,2971,,,,
Cameroon,,,,62,613,2142,,,,
Cameroon,,,,83,885,1770,,,,
Cameroon,,,,82,513,2011,,,,
Cameroon,,,,92,371,2172,,,,
Cameroon,,,,54,465,1655,,,,
Cameroon,,,,52,1205,1090,,,,
Cameroon,,,,88,984,2354,,,,
Cameroon,,,,86,706,462,,,,
Cameroon,,,,73,1298,965,,,,
Cameroon,,,,57,505,354,,,,
Cameroon,,,,77,545,2781,,,,
Cameroon,,,,78,871,1704,,,,
Cameroon,,,,95,1324,2193,,,,
Cameroon,,,,92,1466,2002,,,,
Cameroon,,,,95,820,2664,,,,
Cameroon,,,,92,819,868,,,,
Cameroon,,,,88,639,361,,,,
Cameroon,,,,58,1390,1126,,,,
Cameroon,,,,90,553,2359,,,,
Cameroon,,,,85,426,687,,,,
Cameroon,,,,63,782,557,,,,
Cameroon,,,,50,1418,2986,,,,
Cameroon,,,,93,1299,1924,,,,
Cameroon,,,,68,1193,2342,,,,
Cameroon,,,,61,402,2020,,,,
Cameroon,,,,93,1156,1977,,,,
Cameroon,,,,88,464,1173,,,,
Cameroon,,,,68,1320,727,,,,
Cameroon,,,,78,867,1762,,,,
Cameroon,,,,77,617,2351,,,,
Cameroon,,,,83,1324,1631,,,,
Cameroon,,,,55,541,1629,,,,
Cameroon,,,,59,873,2730,,,,
Cameroon,,,,73,381,2588,,,,
Cameroon,,,,54,925,2269,,,,
Cameroon,,,,84,314,2390,,,,
Cameroon,,,,61,633,2016,,,,
Cameroon,,,,68,1457,1519,,,,
Cameroon,,,,84,1232,2845,,,,
Cameroon,,,,74,431,2095,,,,
Cameroon,,,,64,482,2614,,,,
Cameroon,,,,90,1362,657,,,,
Cameroon,,,,90,1299,2740,,,,
Cameroon,,,,50,1028,2931,,,,
Cameroon,,,,71,1245,2961,,,,
Cameroon,,,,63,1259,929,,,,
Cameroon,,,,58,593,736,,,,
Cameroon,,,,73,392,2706,,,,
Cameroon,,,,76,1160,2733,,,,
Cameroon,,,,66,944,1225,,,,
Cameroon,,,,72,1457,847,,,,
Cameroon,,,,80,1322,1240,,,,
Cameroon,,,,71,520,1685,,,,
Cameroon,,,,65,593,1470,,,,
Cameroon,,,,78,1449,1743,,,,
Cameroon,,,,85,672,1967,,,,
Cameroon,,,,75,1379,2158,,,,
Cameroon,,,,75,579,972,,,,
Cameroon,,,,62,218,2001,,,,
Cameroon,,,,69,727,2815,,,,
Cameroon,,,,62,1465,2237,,,,
Cameroon,,,,63,505,1581,,,,
Cameroon,,,,85,923,765,,,,
Cameroon,,,,81,1395,1689,,,,
Cameroon,,,,68,964,1431,,,,
Cameroon,,,,85,881,1206,,,,
Cameroon,,,,87,747,724,,,,
Cameroon,,,,85,1303,2816,,,,
Cameroon,,,,89,790,1790,,,,
Cameroon,,,,70,789,948,,,,
Cameroon,,,,74,363,1944,,,,
Cameroon,,,,59,736,1703,,,,
Cameroon,,,,70,625,2858,,,,
Cameroon,,,,74,1024,623,,,,
Cameroon,,,,76,1285,917,,,,
Cameroon,,,,76,933,2251,,,,
Cameroon,,,,80,1317,2156,,,,
Cameroon,,,,55,1402,917,,,,
Cameroon,,,,57,1464,386,,,,
Cameroon,,,,58,443,1464,,,,
Cameroon,,,,76,940,2679,,,,
Cameroon,,,,58,338,2699,,,,
Cameroon,,,,87,1231,2671,,,,
Cameroon,,,,73,275,2580,,,,
Cameroon,,,,87,678,926,,,,
Cameroon,,,,63,1357,576,,,,
Cameroon,,,,79,507,1027,,,,
Cameroon,,,,64,822,2976,,,,
Cameroon,,,,81,805,930,,,,
Cameroon,,,,62,1379,1895,,,,
Cameroon,,,,66,1062,1302,,,,
Cameroon,,,,61,634,1085,,,,
Cameroon,,,,59,1184,1793,,,,
Cameroon,,,,74,663,2149,,,,
Cameroon,,,,94,914,2756,,,,
Cameroon,,,,87,271,1250,,,,
Cameroon,,,,87,797,690,,,,
Cameroon,,,,56,650,1466,,,,
Cameroon,,,,59,1022,2325,,,,
Cameroon,,,,54,640,1316,,,,
Cameroon,,,,86,590,2164,,,,
Cameroon,,,,66,698,2588,,,,
Cameroon,,,,57,1019,2986,,,,
Cameroon,,,,69,1315,2828,,,,
Cameroon,,,,86,677,1426,,,,
Cameroon,,,,83,685,2102,,,,
Cameroon,,,,57,1158,2671,,,,
Cameroon,,,,66,461,2400,,,,
Cameroon,,,,84,1169,2081,,,,
Cameroon,,,,75,566,1005,,,,
Cameroon,,,,88,976,1819,,,,
Cameroon,,,,76,804,1216,,,,
Cameroon,,,,67,1363,2373,,,,
Cameroon,,,,83,1221,1074,,,,
Cameroon,,,,87,563,1966,,,,
Cameroon,,,,63,1054,2701,,,,
Cameroon,,,,62,1198,2073,,,,
Cameroon,,,,92,1190,626,,,,
Cameroon,,,,59,1015,398,,,,
Cameroon,,,,87,377,605,,,,
Cameroon,,,,70,1390,2972,,,,
Cameroon,,,,53,1203,462,,,,
Cameroon,,,,86,449,309,,,,
Cameroon,,,,55,841,1564,,,,
Cameroon,,,,78,358,1391,,,,
Cameroon,,,,50,597,2841,,,,
Cameroon,,,,68,481,2645,,,,
Cameroon,,,,56,1059,385,,,,
Cameroon,,,,60,555,321,,,,
Cameroon,,,,88,1026,753,,,,
Cameroon,,,,55,309,2335,,,,
Cameroon,,,,92,1418,486,,,,
Cameroon,,,,62,431,1071,,,,
Cameroon,,,,79,306,482,,,,
Cameroon,,,,80,1144,1867,,,,
Cameroon,,,,61,1301,2511,,,,
Cameroon,,,,90,561,767,,,,
Cameroon,,,,50,1153,2658,,,,
Cameroon,,,,89,1298,308,,,,
Cameroon,,,,63,672,792,,,,
Cameroon,,,,87,766,2950,,,,
Cameroon,,,,80,1259,734,,,,
Cameroon,,,,57,832,1566,,,,
Cameroon,,,,63,355,907,,,,
Cameroon,,,,76,440,1675,,,,
Cameroon,,,,63,951,667,,,,
Cameroon,,,,69,1274,1808,,,,
Cameroon,,,,83,1007,1294,,,,
Cameroon,,,,65,439,2917,,,,
Cameroon,,,,90,535,1860,,,,
Cameroon,,,,93,830,523,,,,
Cameroon,,,,63,917,2145,,,,
Cameroon,,,,88,227,1468,,,,
Cameroon,,,,87,935,2408,,,,
Cameroon,,,,93,1365,539,,,,
Cameroon,,,,69,487,924,,,,
Cameroon,,,,88,1100,598,,,,
Cameroon,,,,78,1137,760,,,,
Cameroon,,,,71,918,2070,,,,
Cameroon,,,,82,306,995,,,,
Cameroon,,,,51,1134,1590,,,,
Cameroon,,,,73,911,682,,,,
Cameroon,,,,59,479,2512,,,,
Cameroon,,,,52,899,2734,,,,
Cameroon,,,,86,1348,943,,,,
Cameroon,,,,67,778,2785,,,,
Cameroon,,,,63,408,480,,,,
Cameroon,,,,54,961,1615,,,,
Cameroon,,,,76,1236,773,,,,
Cameroon,,,,55,270,615,,,,
Cameroon,,,,92,1155,315,,,,
Cameroon,,,,86,388,642,,,,
Cameroon,,,,65,1152,1082,,,,
Cameroon,,,,73,440,942,,,,
Cameroon,,,,81,671,937,,,,
Cameroon,,,,80,820,1059,,,,
Cameroon,,,,51,415,2921,,,,
Cameroon,,,,60,246,736,,,,
Cameroon,,,,86,919,2583,,,,
Cameroon,,,,81,1346,2641,,,,
Cameroon,,,,93,889,916,,,,
Cameroon,,,,60,961,2324,,,,
Cameroon,,,,78,556,1452,,,,
Cameroon,,,,78,430,2617,,,,
Cameroon,,,,94,1488,2811,,,,
Cameroon,,,,62,508,1434,,,,
Cameroon,,,,80,728,1302,,,,
Cameroon,,,,63,1352,2078,,,,
Cameroon,,,,60,500,2565,,,,
Cameroon,,,,59,452,2423,,,,
Cameroon,,,,53,1258,1663,,,,
Cameroon,,,,50,692,625,,,,
Cameroon,,,,95,906,2135,,,,
Cameroon,,,,73,378,2369,,,,
Cameroon,,,,83,1114,1860,,,,
Cameroon,,,,81,1218,2368,,,,
Cameroon,,,,79,1083,2544,,,,
Cameroon,,,,93,1307,878,,,,
Cameroon,,,,85,1427,793,,,,
Cameroon,,,,88,754,2694,,,,
Cameroon,,,,54,589,2556,,,,
Cameroon,,,,70,1021,2369,,,,
Cameroon,,,,51,493,1180,,,,
Cameroon,,,,64,312,377,,,,
Cameroon,,,,62,1380,639,,,,
Cameroon,,,,61,440,1227,,,,
Cameroon,,,,87,291,2773,,,,
Cameroon,,,,65,1436,646,,,,
Cameroon,,,,66,639,2936,,,,
Cameroon,,,,82,1162,2673,,,,
Cameroon,,,,60,719,2723,,,,
Cameroon,,,,64,1430,1107,,,,
Cameroon,,,,93,505,2179,,,,
Cameroon,,,,62,1019,1944,,,,
Cameroon,,,,73,802,1873,,,,
Nigeria,,,,92,380,1376,,,,
Nigeria,,,,53,2955,374,,,,
Nigeria,,,,70,1923,2127,,,,
Nigeria,,,,93,897,2965,,,,
Nigeria,,,,71,379,879,,,,
Nigeria,,,,91,717,2085,,,,
Nigeria,,,,58,2737,2562,,,,
Nigeria,,,,66,2754,614,,,,
Nigeria,,,,56,2863,517,,,,
Nigeria,,,,77,305,2903,,,,
Nigeria,,,,84,2584,1935,,,,
Nigeria,,,,85,454,1508,,,,
Nigeria,,,,69,2704,1562,,,,
Nigeria,,,,65,1908,1556,,,,
Nigeria,,,,94,2653,891,,,,
Nigeria,,,,92,1924,2560,,,,
Nigeria,,,,63,1353,2465,,,,
Nigeria,,,,74,1997,1313,,,,
Nigeria,,,,70,2955,2196,,,,
Nigeria,,,,90,1356,902,,,,
Nigeria,,,,60,1727,2268,,,,
Nigeria,,,,91,2819,2635,,,,
Nigeria,,,,62,926,597,,,,
Nigeria,,,,77,1803,1538,,,,
Nigeria,,,,94,433,539,,,,
Nigeria,,,,60,354,2645,,,,
Nigeria,,,,86,1966,2671,,,,
Nigeria,,,,82,2273,1857,,,,
Nigeria,,,,90,2466,1089,,,,
Nigeria,,,,66,764,814,,,,
Nigeria,,,,93,865,718,,,,
Nigeria,,,,53,2418,732,,,,
Nigeria,,,,78,1718,2321,,,,
Nigeria,,,,83,1143,2672,,,,
Nigeria,,,,53,2822,1770,,,,
Nigeria,,,,89,912,1669,,,,
Nigeria,,,,89,663,2332,,,,
Nigeria,,,,53,2384,1021,,,,
Nigeria,,,,54,1532,2005,,,,
Nigeria,,,,77,2410,623,,,,
Nigeria,,,,73,1645,1258,,,,
Nigeria,,,,68,2351,828,,,,
Nigeria,,,,50,1129,1738,,,,
Nigeria,,,,87,1579,976,,,,
Nigeria,,,,78,910,1219,,,,
Nigeria,,,,76,1394,919,,,,
Nigeria,,,,68,1727,308,,,,
Nigeria,,,,89,2756,2347,,,,
Nigeria,,,,82,2168,1027,,,,
Nigeria,,,,79,1604,2605,,,,
Nigeria,,,,81,2857,2153,,,,
Nigeria,,,,64,2900,620,,,,
Nigeria,,,,64,636,964,,,,
Nigeria,,,,81,1680,1265,,,,
Nigeria,,,,76,1940,609,,,,
Nigeria,,,,82,2052,694,,,,
Nigeria,,,,78,570,1655,,,,
Nigeria,,,,85,2238,944,,,,
Nigeria,,,,88,834,2169,,,,
Nigeria,,,,59,514,1912,,,,
Nigeria,,,,71,1595,2292,,,,
Nigeria,,,,77,1482,1100,,,,
Nigeria,,,,63,1357,1521,,,,
Nigeria,,,,87,1523,1428,,,,
Nigeria,,,,50,1022,2102,,,,
Nigeria,,,,78,1975,1806,,,,
Nigeria,,,,66,2571,963,,,,
Nigeria,,,,58,330,2314,,,,
Nigeria,,,,85,2877,1877,,,,
Nigeria,,,,66,1196,1587,,,,
Nigeria,,,,67,1028,1231,,,,
Nigeria,,,,56,2393,2296,,,,
Nigeria,,,,54,2508,1534,,,,
Nigeria,,,,71,448,1087,,,,
Nigeria,,,,95,1457,2628,,,,
Nigeria,,,,65,761,2240,,,,
Nigeria,,,,85,2024,780,,,,
Nigeria,,,,70,1012,386,,,,
Nigeria,,,,56,1824,866,,,,
Nigeria,,,,72,620,2882,,,,
Nigeria,,,,55,2558,2831,,,,
Nigeria,,,,63,2486,1948,,,,
Nigeria,,,,72,1875,885,,,,
Nigeria,,,,57,1776,576,,,,
Nigeria,,,,50,2387,2996,,,,
Nigeria,,,,56,2053,2827,,,,
Nigeria,,,,52,1311,1776,,,,
Nigeria,,,,52,2504,1107,,,,
Nigeria,,,,62,2693,2508,,,,
Nigeria,,,,82,2549,2648,,,,
Nigeria,,,,71,1690,800,,,,
Nigeria,,,,75,709,1361,,,,
Nigeria,,,,54,2789,2497,,,,
Nigeria,,,,69,2382,1685,,,,
Nigeria,,,,62,2574,1671,,,,
Nigeria,,,,89,496,1566,,,,
Nigeria,,,,72,642,879,,,,
Nigeria,,,,80,589,2173,,,,
Nigeria,,,,51,2250,2839,,,,
Nigeria,,,,52,650,1391,,,,
Nigeria,,,,65,1207,2613,,,,
Nigeria,,,,75,2270,2771,,,,
Nigeria,,,,78,1173,2591,,,,
Nigeria,,,,65,2169,2567,,,,
Nigeria,,,,53,1852,2792,,,,
Nigeria,,,,75,1151,2463,,,,
Nigeria,,,,79,1957,590,,,,
Nigeria,,,,88,1463,1605,,,,
Nigeria,,,,58,615,550,,,,
Nigeria,,,,56,2538,1197,,,,
Nigeria,,,,63,517,2307,,,,
Nigeria,,,,76,1571,866,,,,
Nigeria,,,,62,1023,2014,,,,
Nigeria,,,,75,686,2903,,,,
Nigeria,,,,89,2881,1076,,,,
Nigeria,,,,81,904,2671,,,,
Nigeria,,,,70,1036,2855,,,,
Nigeria,,,,75,1527,2974,,,,
Nigeria,,,,58,2954,1994,,,,
Nigeria,,,,71,2821,543,,,,
Nigeria,,,,71,947,2905,,,,
Nigeria,,,,81,1670,2732,,,,
Nigeria,,,,90,554,1618,,,,
Nigeria,,,,79,1346,1687,,,,
Nigeria,,,,53,1812,2122,,,,
Nigeria,,,,65,940,2318,,,,
Nigeria,,,,52,2080,593,,,,
Nigeria,,,,68,1313,2716,,,,
Nigeria,,,,63,1584,991,,,,
Nigeria,,,,70,1781,963,,,,
Nigeria,,,,82,708,2451,,,,
Nigeria,,,,91,859,2109,,,,
Nigeria,,,,68,933,1002,,,,
Nigeria,,,,57,1540,532,,,,
Nigeria,,,,75,561,329,,,,
Nigeria,,,,65,1357,1853,,,,
Nigeria,,,,82,895,960,,,,
Nigeria,,,,88,2079,2766,,,,
Nigeria,,,,80,2956,2265,,,,
Nigeria,,,,79,1830,376,,,,
Nigeria,,,,66,1970,1306,,,,
Nigeria,,,,52,1516,1786,,,,
Nigeria,,,,52,817,2654,,,,
Nigeria,,,,66,1900,2712,,,,
Nigeria,,,,66,1462,2347,,,,
Nigeria,,,,75,1011,1280,,,,
Nigeria,,,,61,2525,1902,,,,
Nigeria,,,,88,2543,377,,,,
Nigeria,,,,74,579,1520,,,,
Nigeria,,,,52,2165,2683,,,,
Nigeria,,,,62,2787,2308,,,,
Nigeria,,,,82,1946,1721,,,,
Nigeria,,,,75,1482,1843,,,,
Nigeria,,,,92,2945,1776,,,,
Nigeria,,,,72,351,2975,,,,
Nigeria,,,,63,1148,996,,,,
Nigeria,,,,66,2008,1221,,,,
Nigeria,,,,92,491,2913,,,,
Nigeria,,,,82,2035,1347,,,,
Nigeria,,,,64,2627,2281,,,,
Nigeria,,,,63,915,2335,,,,
Nigeria,,,,62,2718,1361,,,,
Nigeria,,,,64,721,376,,,,
Nigeria,,,,68,2789,335,,,,
Nigeria,,,,65,478,2770,,,,
Nigeria,,,,84,2732,594,,,,
Nigeria,,,,91,2251,861,,,,
Nigeria,,,,71,2009,547,,,,
Nigeria,,,,54,1315,2691,,,,
Nigeria,,,,87,1449,2921,,,,
Nigeria,,,,68,2355,1005,,,,
Nigeria,,,,86,2634,1706,,,,
Nigeria,,,,78,2288,2049,,,,
Nigeria,,,,50,2563,2727,,,,
Nigeria,,,,75,2748,1660,,,,
Nigeria,,,,78,980,864,,,,
Nigeria,,,,56,1480,2517,,,,
Nigeria,,,,50,2564,1958,,,,
Nigeria,,,,58,1484,1287,,,,
Nigeria,,,,58,1287,677,,,,
Nigeria,,,,82,2585,1519,,,,
Nigeria,,,,89,2440,1585,,,,
Nigeria,,,,68,526,732,,,,
Nigeria,,,,62,441,1082,,,,
Nigeria,,,,93,809,1546,,,,
Nigeria,,,,88,2262,1388,,,,
Nigeria,,,,93,641,454,,,,
Nigeria,,,,52,2081,2981,,,,
Nigeria,,,,74,933,1194,,,,
Nigeria,,,,85,1335,1574,,,,
Nigeria,,,,93,1134,1680,,,,
Nigeria,,,,77,1242,1967,,,,
Nigeria,,,,76,2943,312,,,,
Nigeria,,,,89,2361,1581,,,,
Nigeria,,,,83,1971,2164,,,,
Nigeria,,,,80,2630,485,,,,
Nigeria,,,,87,828,1399,,,,
Nigeria,,,,61,1584,951,,,,
Nigeria,,,,93,373,1837,,,,
Nigeria,,,,51,1703,351,,,,
Nigeria,,,,79,2624,1756,,,,
Nigeria,,,,92,1536,1320,,,,
Nigeria,,,,84,2063,2980,,,,
Nigeria,,,,50,664,718,,,,
Nigeria,,,,72,2995,2640,,,,
Nigeria,,,,52,1496,895,,,,
Nigeria,,,,63,1068,940,,,,
Nigeria,,,,74,2563,1333,,,,
Nigeria,,,,54,594,830,,,,
Nigeria,,,,50,1956,2729,,,,
Nigeria,,,,94,353,2288,,,,
Nigeria,,,,82,1759,980,,,,
Nigeria,,,,90,768,1232,,,,
Nigeria,,,,80,2228,2096,,,,
Nigeria,,,,68,1106,2681,,,,
Nigeria,,,,84,2331,2963,,,,
Nigeria,,,,72,644,1847,,,,
Nigeria,,,,54,2857,1601,,,,
Nigeria,,,,65,2842,404,,,,
Nigeria,,,,64,2389,2564,,,,
Nigeria,,,,78,2305,761,,,,
Nigeria,,,,76,1738,2780,,,,
Nigeria,,,,74,940,2911,,,,
Nigeria,,,,57,370,2943,,,,
Nigeria,,,,83,2658,2529,,,,
Nigeria,,,,52,1816,2682,,,,
Nigeria,,,,79,1049,1892,,,,
Nigeria,,,,54,374,711,,,,
Nigeria,,,,79,1722,1842,,,,
Nigeria,,,,93,2362,2226,,,,
Nigeria,,,,72,2032,319,,,,
Nigeria,,,,89,2688,2515,,,,
Nigeria,,,,85,2271,2067,,,,
Nigeria,,,,71,1232,2322,,,,
Nigeria,,,,93,2102,1834,,,,
Nigeria,,,,67,1567,1667,,,,
Nigeria,,,,70,2371,2321,,,,
Nigeria,,,,63,2041,1689,,,,
Nigeria,,,,51,2327,1733,,,,
Nigeria,,,,63,453,1535,,,,
Nigeria,,,,62,1574,368,,,,
Nigeria,,,,95,1599,1951,,,,
Nigeria,,,,60,666,2389,,,,
Nigeria,,,,53,1189,1241,,,,
Nigeria,,,,69,1506,2287,,,,
Nigeria,,,,63,1341,2633,,,,
Nigeria,,,,59,1144,1674,,,,
Nigeria,,,,90,1662,2826,,,,
Nigeria,,,,60,2525,2991,,,,
Nigeria,,,,72,1499,1742,,,,
Nigeria,,,,62,1610,1772,,,,
Nigeria,,,,54,2639,1397,,,,
Nigeria,,,,91,1949,1740,,,,
Nigeria,,,,93,981,1633,,,,
Nigeria,,,,88,1759,1396,,,,
Nigeria,,,,69,2110,960,,,,
Nigeria,,,,63,1792,2637,,,,
Nigeria,,,,52,1380,1223,,,,
Nigeria,,,,70,2304,2300,,,,
Nigeria,,,,66,2754,817,,,,
Nigeria,,,,51,697,1410,,,,
Nigeria,,,,94,2925,665,,,,
Nigeria,,,,67,1532,487,,,,
Nigeria,,,,53,2611,957,,,,
Nigeria,,,,80,1393,2864,,,,
Nigeria,,,,57,2084,1044,,,,
Nigeria,,,,70,2589,1082,,,,
Nigeria,,,,90,653,1893,,,,
Nigeria,,,,85,748,2529,,,,
Nigeria,,,,50,1292,914,,,,
Nigeria,,,,50,2651,967,,,,
Nigeria,,,,58,300,1077,,,,
Nigeria,,,,82,2943,1573,,,,
Nigeria,,,,74,1298,785,,,,
Nigeria,,,,69,2692,2702,,,,
Nigeria,,,,72,1853,2740,,,,
Nigeria,,,,84,1916,663,,,,
Nigeria,,,,67,1496,1007,,,,
Nigeria,,,,92,617,2459,,,,
Nigeria,,,,50,1109,2581,,,,
Nigeria,,,,94,2142,1454,,,,
Nigeria,,,,53,1865,623,,,,
Nigeria,,,,78,2899,1192,,,,
Nigeria,,,,79,327,2748,,,,
Nigeria,,,,73,1784,603,,,,
Nigeria,,,,95,2075,2491,,,,
Nigeria,,,,92,2382,1436,,,,
Nigeria,,,,77,716,2505,,,,
Nigeria,,,,88,873,1941,,,,
Nigeria,,,,88,1661,564,,,,
Nigeria,,,,81,2009,2592,,,,
Nigeria,,,,53,1838,1853,,,,
Nigeria,,,,88,1869,544,,,,
Nigeria,,,,58,1439,2226,,,,
Nigeria,,,,53,616,1654,,,,
Nigeria,,,,53,2745,2063,,,,
Nigeria,,,,61,1657,2302,,,,
Nigeria,,,,59,2773,1030,,,,
Nigeria,,,,76,2073,1714,,,,
Nigeria,,,,70,2266,547,,,,
Nigeria,,,,50,507,1576,,,,
Nigeria,,,,71,2438,378,,,,
Nigeria,,,,77,2525,2927,,,,
Nigeria,,,,88,1104,2646,,,,
Nigeria,,,,61,692,1542,,,,
Nigeria,,,,56,621,1754,,,,
Nigeria,,,,85,1567,426,,,,
Nigeria,,,,60,316,950,,,,
Nigeria,,,,84,759,2034,,,,
Nigeria,,,,62,418,1226,,,,
Nigeria,,,,81,1653,2464,,,,
Nigeria,,,,70,2380,2079,,,,
Nigeria,,,,66,2413,476,,,,
Nigeria,,,,74,2129,2615,,,,
Nigeria,,,,67,2589,2838,,,,
Nigeria,,,,63,2282,824,,,,
Nigeria,,,,95,361,563,,,,
Nigeria,,,,61,1426,2411,,,,
Nigeria,,,,87,989,2584,,,,
Nigeria,,,,53,2413,1812,,,,
Nigeria,,,,87,2703,2867,,,,
Nigeria,,,,51,1422,330,,,,
Nigeria,,,,92,2850,1313,,,,
Nigeria,,,,61,1095,2419,,,,
Nigeria,,,,58,538,884,,,,
Nigeria,,,,84,863,1116,,,,
Nigeria,,,,75,1976,2026,,,,
Nigeria,,,,51,2171,1507,,,,
Nigeria,,,,85,1547,2308,,,,
Nigeria,,,,54,614,1382,,,,
Nigeria,,,,79,1000,2727,,,,
Nigeria,,,,63,1341,1426,,,,
Nigeria,,,,72,525,1806,,,,
Nigeria,,,,74,1347,1020,,,,
Nigeria,,,,63,2374,1638,,,,
Nigeria,,,,77,547,2861,,,,
Nigeria,,,,50,1640,2426,,,,
Nigeria,,,,68,866,2736,,,,
Nigeria,,,,53,2679,2419,,,,
Nigeria,,,,78,1705,2360,,,,
Nigeria,,,,58,2720,341,,,,
Nigeria,,,,63,2800,2686,,,,
Nigeria,,,,61,1475,2206,,,,
Nigeria,,,,59,2680,449,,,,
Nigeria,,,,69,1762,2100,,,,
Nigeria,,,,63,1376,2390,,,,
Nigeria,,,,53,1691,564,,,,
Nigeria,,,,53,1857,1978,,,,
Nigeria,,,,67,2321,2673,,,,
Nigeria,,,,82,2212,2170,,,,
Nigeria,,,,63,1784,2744,,,,
Nigeria,,,,68,2950,2898,,,,
Nigeria,,,,87,552,1030,,,,
Nigeria,,,,93,1643,2145,,,,
Nigeria,,,,55,1132,1940,,,,
Nigeria,,,,76,745,445,,,,
Nigeria,,,,62,2886,2609,,,,
Nigeria,,,,63,2619,1066,,,,
Nigeria,,,,61,2879,1937,,,,
Nigeria,,,,83,1837,1001,,,,
Nigeria,,,,79,411,1479,,,,
Nigeria,,,,86,1697,1043,,,,
Nigeria,,,,53,2691,2656,,,,
Nigeria,,,,55,590,1473,,,,
Nigeria,,,,89,1886,633,,,,
Nigeria,,,,91,448,2648,,,,
Nigeria,,,,54,2517,584,,,,
Nigeria,,,,72,2161,2160,,,,
Nigeria,,,,94,2498,660,,,,
Nigeria,,,,71,2895,1097,,,,
Nigeria,,,,70,1307,2920,,,,
Nigeria,,,,65,2101,2818,,,,
Nigeria,,,,88,2453,519,,,,
Nigeria,,,,91,1991,2017,,,,
Nigeria,,,,81,2176,2495,,,,
Nigeria,,,,83,968,1463,,,,
Nigeria,,,,94,524,785,,,,
Nigeria,,,,91,2005,978,,,,
Nigeria,,,,54,1775,341,,,,
Nigeria,,,,94,2513,2381,,,,
Nigeria,,,,76,1031,1953,,,,
Nigeria,,,,80,794,2280,,,,
Nigeria,,,,65,1533,1418,,,,
Nigeria,,,,84,469,2941,,,,
Nigeria,,,,61,2104,1656,,,,
Nigeria,,,,71,1644,311,,,,
Nigeria,,,,84,1855,1428,,,,
Nigeria,,,,78,1889,1454,,,,
Nigeria,,,,94,1611,1703,,,,
Nigeria,,,,50,2164,1563,,,,
Nigeria,,,,91,1846,309,,,,
Nigeria,,,,89,844,1217,,,,
Nigeria,,,,67,666,2796,,,,
Nigeria,,,,63,1690,928,,,,
Nigeria,,,,79,2533,841,,,,
Nigeria,,,,84,2728,971,,,,
Nigeria,,,,63,1594,1869,,,,
Nigeria,,,,58,862,831,,,,
Nigeria,,,,65,1673,1135,,,,
Nigeria,,,,63,2656,985,,,,
Nigeria,,,,74,1752,819,,,,
Nigeria,,,,92,1825,2366,,,,
Nigeria,,,,85,837,2147,,,,
Nigeria,,,,55,2334,1679,,,,
Nigeria,,,,68,1100,2292,,,,
Nigeria,,,,77,2125,2891,,,,
Nigeria,,,,78,384,2711,,,,
Nigeria,,,,55,2362,2551,,,,
Nigeria,,,,72,2964,1656,,,,
Nigeria,,,,90,2779,2847,,,,
Nigeria,,,,55,1539,1069,,,,
Nigeria,,,,57,885,1048,,,,
Nigeria,,,,87,1386,2167,,,,
Nigeria,,,,65,1485,2873,,,,
Nigeria,,,,91,1186,2257,,,,
Nigeria,,,,61,2121,2815,,,,
Nigeria,,,,90,1614,1993,,,,
Nigeria,,,,52,752,808,,,,
Nigeria,,,,88,329,1424,,,,
Nigeria,,,,84,624,2148,,,,
Nigeria,,,,65,1941,1065,,,,
Nigeria,,,,84,2981,2368,,,,
Nigeria,,,,92,537,646,,,,
Nigeria,,,,90,1840,1320,,,,
Nigeria,,,,94,856,457,,,,
Nigeria,,,,56,725,626,,,,
Nigeria,,,,75,2860,504,,,,
Nigeria,,,,92,1053,1602,,,,
Nigeria,,,,79,2604,2982,,,,
Nigeria,,,,76,1959,2075,,,,
Nigeria,,,,66,301,1541,,,,
Nigeria,,,,73,1696,1934,,,,
Nigeria,,,,65,1908,1593,,,,
Nigeria,,,,91,2531,753,,,,
Nigeria,,,,70,1912,585,,,,
Nigeria,,,,86,1591,1177,,,,
Nigeria,,,,88,1408,2816,,,,
Nigeria,,,,77,1465,2732,,,,
Nigeria,,,,59,2945,1998,,,,
Nigeria,,,,74,1062,1453,,,,
Nigeria,,,,69,631,767,,,,
Nigeria,,,,63,371,1267,,,,
Nigeria,,,,78,1300,2372,,,,
Nigeria,,,,86,1333,586,,,,
Nigeria,,,,92,934,2238,,,,
Nigeria,,,,70,893,1454,,,,
Nigeria,,,,76,2162,1775,,,,
Nigeria,,,,95,2535,2897,,,,
Nigeria,,,,68,2527,2613,,,,
Nigeria,,,,79,2643,1093,,,,
Nigeria,,,,85,1474,2287,,,,
Nigeria,,,,76,2375,818,,,,
Nigeria,,,,94,2252,2614,,,,
Nigeria,,,,71,1495,1605,,,,
Nigeria,,,,60,1922,904,,,,
Nigeria,,,,81,992,1595,,,,
Nigeria,,,,51,1164,2367,,,,
Nigeria,,,,66,2898,1938,,,,
Nigeria,,,,80,2623,2692,,,,
Nigeria,,,,80,1880,422,,,,
Nigeria,,,,82,2716,442,,,,
Nigeria,,,,85,919,1585,,,,
Nigeria,,,,89,2283,1511,,,,
Nigeria,,,,90,301,1117,,,,
Nigeria,,,,87,1219,1620,,,,
Nigeria,,,,63,1092,2509,,,,
Nigeria,,,,77,2869,858,,,,
Nigeria,,,,52,2215,2372,,,,
Nigeria,,,,76,2836,1874,,,,
Nigeria,,,,72,2111,1095,,,,
Nigeria,,,,77,2212,1291,,,,
Nigeria,,,,76,2769,2153,,,,
Nigeria,,,,66,2212,1673,,,,
Nigeria,,,,65,2898,2154,,,,
Nigeria,,,,88,1156,1678,,,,
Nigeria,,,,61,1567,665,,,,
Nigeria,,,,79,2090,2235,,,,
Nigeria,,,,72,1951,2283,,,,
Nigeria,,,,88,306,443,,,,
Nigeria,,,,87,623,2065,,,,
Nigeria,,,,82,638,2460,,,,
Nigeria,,,,93,2476,2016,,,,
Nigeria,,,,74,2902,1282,,,,
Nigeria,,,,90,1065,1751,,,,
Nigeria,,,,79,925,986,,,,
Nigeria,,,,92,904,2518,,,,
Nigeria,,,,50,2811,2449,,,,
Nigeria,,,,52,2188,2381,,,,
Nigeria,,,,86,1779,1171,,,,
Nigeria,,,,71,2499,2422,,,,
Nigeria,,,,54,1733,2028,,,,
Nigeria,,,,88,2223,397,,,,
Nigeria,,,,65,908,1082,,,,
Nigeria,,,,67,1415,1255,,,,
Nigeria,,,,64,1683,1056,,,,
Nigeria,,,,87,749,1322,,,,
Nigeria,,,,72,1671,2980,,,,
Nigeria,,,,88,1885,378,,,,
Nigeria,,,,57,540,1855,,,,
Nigeria,,,,75,2785,1793,,,,
Nigeria,,,,51,1490,760,,,,
Nigeria,,,,91,2578,2235,,,,
Nigeria,,,,58,1371,1398,,,,
Nigeria,,,,55,1752,2411,,,,
Nigeria,,,,88,330,1116,,,,
Nigeria,,,,66,1793,2692,,,,
Nigeria,,,,74,1301,1211,,,,
Nigeria,,,,55,619,1986,,,,
Nigeria,,,,73,2809,334,,,,
Nigeria,,,,94,1833,1058,,,,
Nigeria,,,,51,2621,2263,,,,
Nigeria,,,,72,1938,1742,,,,
Nigeria,,,,56,656,2740,,,,
Nigeria,,,,89,1975,1369,,,,
Nigeria,,,,64,2447,2820,,,,
Nigeria,,,,68,2786,2570,,,,
Nigeria,,,,63,1897,770,,,,
Nigeria,,,,93,2657,1543,,,,
Nigeria,,,,86,1249,325,,,,
Nigeria,,,,64,1884,2807,,,,
Nigeria,,,,83,504,1242,,,,
Nigeria,,,,81,2575,1243,,,,
Nigeria,,,,85,547,572,,,,
Nigeria,,,,70,1436,392,,,,
Nigeria,,,,89,724,2408,,,,
Nigeria,,,,71,490,1401,,,,
Nigeria,,,,87,1010,1347,,,,
Nigeria,,,,50,645,1991,,,,
Nigeria,,,,79,1716,1536,,,,
Nigeria,,,,64,1990,2553,,,,
Nigeria,,,,58,1544,1549,,,,
Nigeria,,,,74,1095,1145,,,,
Nigeria,,,,79,2923,1994,,,,
Nigeria,,,,74,448,308,,,,
Nigeria,,,,64,782,1389,,,,
Nigeria,,,,84,900,2472,,,,
Nigeria,,,,59,976,2479,,,,
Nigeria,,,,70,995,361,,,,
Nigeria,,,,67,1863,339,,,,
Nigeria,,,,95,1450,2474,,,,
Nigeria,,,,79,1006,2806,,,,
Nigeria,,,,58,2946,557,,,,
Nigeria,,,,54,870,373,,,,
Nigeria,,,,77,2584,2207,,,,
Nigeria,,,,51,1659,333,,,,
Nigeria,,,,53,1348,2801,,,,
Nigeria,,,,57,2962,505,,,,
Nigeria,,,,94,861,1614,,,,
Nigeria,,,,66,962,2460,,,,
Nigeria,,,,92,2918,2936,,,,
Nigeria,,,,73,1881,1727,,,,
Nigeria,,,,52,1725,1006,,,,
Nigeria,,,,72,332,2447,,,,
Nigeria,,,,71,2674,1536,,,,
Nigeria,,,,73,1942,563,,,,
Nigeria,,,,90,2073,2481,,,,
Nigeria,,,,91,1478,1744,,,,
Nigeria,,,,91,2169,1968,,,,
Nigeria,,,,65,1649,2581,,,,
Nigeria,,,,50,2752,840,,,,
Nigeria,,,,62,1708,469,,,,
Nigeria,,,,95,1101,2920,,,,
Nigeria,,,,83,2500,838,,,,
Nigeria,,,,53,2334,2513,,,,
Nigeria,,,,79,2786,2507,,,,
Nigeria,,,,58,2825,2669,,,,
Nigeria,,,,76,2108,2145,,,,
Nigeria,,,,76,1069,1131,,,,
Nigeria,,,,82,1550,1674,,,,
Nigeria,,,,93,598,1797,,,,
Nigeria,,,,80,1268,2636,,,,
Nigeria,,,,79,860,404,,,,
Nigeria,,,,93,2547,1489,,,,
Nigeria,,,,90,2479,445,,,,
Nigeria,,,,80,1899,1468,,,,
Nigeria,,,,89,1209,733,,,,
Nigeria,,,,62,2114,1758,,,,
Nigeria,,,,67,2492,2667,,,,
Nigeria,,,,88,957,2833,,,,
Nigeria,,,,59,651,1451,,,,
Nigeria,,,,58,1877,2605,,,,
Nigeria,,,,83,1658,453,,,,
Nigeria,,,,81,1679,2664,,,,
Nigeria,,,,87,364,2312,,,,
Nigeria,,,,83,1163,1891,,,,
Nigeria,,,,84,2867,2758,,,,
Nigeria,,,,81,2340,2193,,,,
Nigeria,,,,80,408,2364,,,,
Nigeria,,,,71,1025,2878,,,,
Nigeria,,,,85,576,2092,,,,
Nigeria,,,,80,1024,876,,,,
Nigeria,,,,83,1256,2290,,,,
Nigeria,,,,90,323,1510,,,,
Nigeria,,,,56,542,466,,,,
Nigeria,,,,86,457,2420,,,,
Nigeria,,,,87,1975,1018,,,,
Nigeria,,,,69,870,2175,,,,
Nigeria,,,,60,1268,1657,,,,
Nigeria,,,,59,1744,2278,,,,
Nigeria,,,,84,1279,2940,,,,
